,Code,Elevation,Latitude,Longitude,Name,Time,Time Range,Unnamed: 0
0,CA002100200,660.0,60.1667,-134.7,CARCROSS,97 years,1907-2004,7.0
1,CA002100630,595.0,60.7667,-137.5833,HAINES_JUNCTION,77 years,1944-2021,16.0
2,CA002100700,504.0,63.6167,-135.8667,MAYO_A,88 years,1925-2013,25.0
3,CA002100800,250.0,67.5667,-139.8333,OLD_CROW_A,64 years,1951-2015,29.0
4,CA002100950,49.0,68.95,-137.2167,SHINGLE_POINT_A,64 years,1957-2021,36.0
5,CA002101100,705.0,60.1667,-132.7333,TESLIN_A,70 years,1943-2013,45.0
6,CA002101200,687.0,60.1167,-128.8167,WATSON_LAKE_A,76 years,1938-2014,48.0
7,CA002101300,706.0,60.7167,-135.0667,WHITEHORSE_A,79 years,1942-2021,50.0
8,CA002101400,640.0,60.7167,-135.0333,WHITEHORSE_RIVERDALE,53 years,1959-2012,53.0
9,CA002101415,707.0,60.7333,-135.0833,WHITEHORSE_WSO,71 years,1942-2013,54.0
10,CA002200100,6.0,68.2167,-135.0,AKLAVIK_A,83 years,1926-2009,55.0
11,CA002200675,87.0,70.1667,-124.7167,CAPE_PARRY_A,64 years,1957-2021,56.0
12,CA002201500,42.0,66.25,-128.6333,FORT_GOOD_HOPE_2,81 years,1898-1979,63.0
13,CA002201600,31.0,67.4333,-134.8833,FORT_MCPHERSON,85 years,1892-1977,66.0
14,CA002201700,100.0,64.9167,-125.5667,TULITA_A,99 years,1908-2007,68.0
15,CA002201900,166.0,62.7167,-109.1667,FORT_RELIANCE,65 years,1948-2013,71.0
16,CA002202000,160.0,61.1833,-113.6833,FORT_RESOLUTION_A,77 years,1930-2007,74.0
17,CA002202101,169.0,61.7667,-121.2333,FORT_SIMPSON_A,93 years,1921-2014,76.0
18,CA002202196,183.0,60.0,-111.9333,FORT_SMITH,91 years,1913-2004,79.0
19,CA002202198,207.0,60.0,-111.8667,FORT_SMITH,76 years,1928-2004,80.0
20,CA002202200,205.0,60.0167,-111.9667,FORT_SMITH_A,90 years,1931-2021,81.0
21,CA002202570,68.0,68.3,-133.4833,INUVIK_A,64 years,1957-2021,89.0
22,CA002202800,73.0,65.2833,-126.8,NORMAN_WELLS_A,70 years,1943-2013,95.0
23,CA002202801,73.0,65.2833,-126.8,NORMAN_WELLS,76 years,1945-2021,96.0
24,CA002204000,150.0,63.2167,-123.4333,WRIGLEY_A,64 years,1943-2007,110.0
25,CA002204100,206.0,62.4667,-114.4333,YELLOWKNIFE_A,70 years,1942-2012,111.0
26,CA002204200,159.0,62.6667,-114.25,YELLOWKNIFE_HYDRO,57 years,1943-2000,114.0
27,CA002204300,204.0,61.25,-123.75,YOHIN,64 years,1957-2021,115.0
28,CA002300500,19.0,64.3,-96.0833,BAKER_LAKE_A,75 years,1946-2021,123.0
29,CA002300551,5.0,66.8333,-108.0167,BATHURST_INLET,64 years,1957-2021,125.0
30,CA002300700,59.0,63.3333,-90.7167,CHESTERFIELD,60 years,1921-1981,126.0
31,CA002300707,10.0,63.35,-90.7333,CHESTERFIELD_INLET_A,82 years,1931-2013,127.0
32,CA002300900,9.0,67.8333,-115.1167,COPPERMINE,74 years,1930-2004,130.0
33,CA002300902,23.0,67.8167,-115.15,KUGLUKTUK_A,77 years,1944-2021,131.0
34,CA002301000,62.0,64.2,-83.3667,CORAL_HARBOUR_A,88 years,1933-2021,134.0
35,CA002301102,353.0,61.1333,-100.8833,ENNADAI_LAKE_AUT,64 years,1957-2021,136.0
36,CA002302370,36.0,68.3167,-100.0833,HAT_ISLAND,62 years,1959-2021,141.0
37,CA002303685,43.0,68.8167,-93.4333,SHEPHERD_BAY_A,64 years,1957-2021,150.0
38,CA002400300,30.0,82.5167,-62.2833,ALERT,56 years,1950-2006,154.0
39,CA002400306,65.0,82.5,-62.3333,ALERT_UA,56 years,1950-2006,156.0
40,CA002400400,22.0,73.0333,-85.15,ARCTIC_BAY,65 years,1937-2002,157.0
41,CA002400565,376.0,63.3333,-64.15,BREVOORT_ISLAND,62 years,1959-2021,159.0
42,CA002400570,584.0,67.5333,-63.7833,FOX_FIVE,63 years,1958-2021,160.0
43,CA002400600,31.0,69.1,-105.1333,CAMBRIDGE_BAY_A,92 years,1929-2021,165.0
44,CA002400602,19.0,69.1,-105.1333,CAMBRIDGE_BAY_GSN,80 years,1941-2021,166.0
45,CA002400635,48.0,64.2333,-76.5333,CAPE_DORSET_A,58 years,1963-2021,168.0
46,CA002400650,725.0,66.65,-61.3833,CAPE_DYER,63 years,1958-2021,171.0
47,CA002400654,393.0,66.5833,-61.6167,CAPE_DYER_A,65 years,1956-2021,172.0
48,CA002400660,390.0,68.4667,-66.8167,CAPE_HOOPER,64 years,1957-2021,173.0
49,CA002400800,27.0,70.4833,-68.5167,CLYDE_A,75 years,1933-2008,175.0
50,CA002401030,527.0,68.65,-71.1667,DEWAR_LAKES,63 years,1958-2021,179.0
51,CA002401200,10.0,79.9833,-85.9333,EUREKA,74 years,1947-2021,180.0
52,CA002402350,9.0,68.7833,-81.25,HALL_BEACH_A,64 years,1957-2021,184.0
53,CA002402354,9.0,68.7833,-81.25,HALL_BEACH,60 years,1961-2021,186.0
54,CA002402590,34.0,63.75,-68.55,IQALUIT_A,64 years,1946-2010,189.0
55,CA002402594,22.0,63.75,-68.55,IQALUIT_UA,79 years,1942-2021,191.0
56,CA002402600,25.0,78.7833,-103.5333,ISACHSEN,65 years,1948-2013,192.0
57,CA002402604,58.0,78.8,-103.55,ISACHSEN_AUT,73 years,1948-2021,193.0
58,CA002402684,161.0,68.9,-75.1333,LONGSTAFF_BLUFF,63 years,1958-2021,195.0
59,CA002403050,15.0,66.1333,-65.7333,PANGNIRTUNG,90 years,1925-2015,201.0
60,CA002403450,15.0,75.3833,-105.7167,REA_POINT,51 years,1969-2020,207.0
61,CA002403500,68.0,74.7167,-94.9667,RESOLUTE_CARS,74 years,1947-2021,209.0
62,CA002403505,30.0,74.7167,-94.9833,RESOLUTE_CS,73 years,1948-2021,210.0
63,CA002403602,369.0,61.6,-64.6333,RESOLUTION_ISLAND,90 years,1931-2021,212.0
64,CA002403625,41.0,69.0833,-79.0333,ROWLEY_ISLAND,64 years,1957-2021,213.0
65,CA002502700,12.0,76.2333,-119.3333,MOULD_BAY_A,65 years,1948-2013,222.0
66,CA002503650,86.0,72.0,-125.2667,SACHS_HARBOUR_A,53 years,1955-2008,224.0
67,CAXLT660207,0.0,63.8,-68.6,FROBISHER_BAY,59 years,1942-2001,229.0
68,FI000002401,139.0,62.4019,25.6783,JYVASKYLA_LENTOASEMA,70 years,1951-2021,233.0
69,FI000002963,104.0,60.8139,23.5006,JOKIOINEN_JOKIOISTEN_OBSERVATO,64 years,1957-2021,234.0
70,FIE00007672,8.0,65.0192,24.7314,HAILUOTO_OJAKYLA,55 years,1959-2014,236.0
71,FIE00141805,5.0,60.1244,19.9067,JOMALA_MAARIANHAMINAN_LENTOASE,62 years,1959-2021,238.0
72,FIE00141819,3.0,60.3,19.1331,MARKET_STORBY,51 years,1963-2014,239.0
73,FIE00141855,11.0,60.1781,19.9894,JOMALA_JOMALABY,59 years,1962-2021,240.0
74,FIE00141864,3.0,60.3008,19.135,HAMMARLAND_MARKET,58 years,1963-2021,241.0
75,FIE00141884,5.0,60.3939,21.9464,NAANTALI_RAULA,55 years,1959-2014,243.0
76,FIE00141895,9.0,60.1542,19.8753,JOMALA_SODERSUNDA,52 years,1962-2014,245.0
77,FIE00141935,6.0,60.3867,22.5544,KAARINA_YLTOINEN,62 years,1959-2021,247.0
78,FIE00141940,26.0,60.4167,22.4331,PIIKKIO_TUORLA,55 years,1959-2014,248.0
79,FIE00141945,16.0,60.4667,22.0331,NAANTALI_KESKUSTA,55 years,1959-2014,249.0
80,FIE00141974,28.0,60.3831,22.55,PIIKKIO_YLTOINEN_VERTAILUAS,54 years,1960-2014,250.0
81,FIE00142010,8.0,60.4542,22.1817,TURKU_ARTUKAINEN,62 years,1959-2021,254.0
82,FIE00142020,84.0,60.4,23.7667,SUOMUSJARVI_KETTULA,53 years,1959-2012,256.0
83,FIE00142035,3.0,60.3733,23.1158,SALO_KARKKA,62 years,1959-2021,258.0
84,FIE00142055,69.0,60.3239,23.71,SALO_SUOMUSJARVI,53 years,1959-2012,259.0
85,FIE00142101,47.0,60.2,24.9167,HELSINKI_ILMALA,62 years,1959-2021,264.0
86,FIE00142106,37.0,60.2439,24.0525,LOHJA_PORLA,62 years,1959-2021,265.0
87,FIE00142116,42.0,60.4183,24.4017,VIHTI_MAASOJA,62 years,1959-2021,267.0
88,FIE00142230,31.0,60.2075,24.7442,ESPOO_SEPANKYLA,56 years,1959-2015,271.0
89,FIE00142256,20.0,60.2831,25.0667,VANTAA_TIKKURILA,55 years,1959-2014,276.0
90,FIE00142261,49.0,60.3667,24.9831,TUUSULA_RUOTSINKYLA,55 years,1959-2014,277.0
91,FIE00142266,17.0,60.4056,25.6589,PORVOO_JERNBOLE,55 years,1959-2014,278.0
92,FIE00142271,45.0,60.4167,25.0331,TUUSULA_HYRYLA,55 years,1959-2014,279.0
93,FIE00142326,10.0,60.3681,25.6267,PORVOO_LEHTIMAKI,55 years,1959-2014,285.0
94,FIE00142331,22.0,60.3914,25.6114,PORVOO_HARABACKA,62 years,1959-2021,286.0
95,FIE00142341,9.0,60.3753,26.9617,KOTKA_RANKKI,62 years,1959-2021,287.0
96,FIE00142390,23.0,60.4542,26.9528,KOTKA_POOKINMAKI,55 years,1959-2014,292.0
97,FIE00142411,13.0,61.4656,21.7967,PORI_PORIN_LENTOASEMA,62 years,1959-2021,295.0
98,FIE00142416,17.0,61.1392,21.3681,RAUMA_KUUSKAJASKARI,55 years,1959-2014,296.0
99,FIE00142426,5.0,61.1167,21.4667,RAUMA_KPKI,55 years,1959-2014,298.0
100,FIE00142495,4.0,61.1444,21.3058,RAUMA_KYLMAPIHLAJA,62 years,1959-2021,301.0
101,FIE00142511,49.0,60.5153,22.2775,TURKU_TURUN_LENTOASEMA,71 years,1950-2021,303.0
102,FIE00142526,37.0,61.2706,22.2519,KOKEMAKI_PEIPOHJA_HYRKOLA,55 years,1959-2014,305.0
103,FIE00142631,38.0,61.2528,22.3494,KOKEMAKI_TULKKILA,62 years,1959-2021,306.0
104,FIE00142641,85.0,61.4667,23.75,TAMPERE_HARMALA_1,55 years,1959-2014,307.0
105,FIE00142746,92.0,61.0,24.45,HAMEENLINNA_KAURIALA,55 years,1959-2014,312.0
106,FIE00142751,86.0,60.5956,24.8064,HYVINKAA_HYVINKAANKYLA,62 years,1959-2021,313.0
107,FIE00142756,88.0,61.0667,24.2331,HATTULA_LETEENSUO,55 years,1959-2014,314.0
108,FIE00142851,87.0,60.9992,24.4944,HAMEENLINNA_KATINEN,62 years,1959-2021,318.0
109,FIE00142861,78.0,60.9617,25.6342,LAHTI_LAUNE,58 years,1961-2019,319.0
110,FIE00142871,125.0,61.0539,25.0419,HAMEENLINNA_LAMMI_PAPPILA,58 years,1963-2021,321.0
111,FIE00142876,127.0,61.1831,25.0831,LAMMI_EVO,55 years,1959-2014,322.0
112,FIE00142916,108.0,61.0831,25.2331,KOSKI_HL_HYRKKALA,51 years,1963-2014,324.0
113,FIE00142921,147.0,61.15,25.25,LAMMI_VESTOLA,55 years,1959-2014,325.0
114,FIE00142991,132.0,61.2,25.1331,LAMMI_EVO,55 years,1959-2014,326.0
115,FIE00142995,87.0,60.9167,25.5831,HOLLOLA_ALA_OKEROINEN,53 years,1961-2014,327.0
116,FIE00143011,129.0,61.1828,25.04,HAMEENLINNA_LAMMI_ISO_EVO,55 years,1959-2014,329.0
117,FIE00143015,80.0,61.265,25.5231,ASIKKALA_PULKKILANHARJU,54 years,1967-2021,330.0
118,FIE00143035,133.0,61.2164,25.1358,HAMEENLINNA_LAMMI_EVO,61 years,1959-2020,332.0
119,FIE00143041,99.0,60.8903,26.9442,KOUVOLA_UTTI_LENTOPORTINTIE,62 years,1959-2021,333.0
120,FIE00143056,33.0,60.6964,26.8133,KOUVOLA_ANJALA,62 years,1959-2021,336.0
121,FIE00143066,92.0,61.1994,26.0528,HEINOLA_ASEMANTAUS,62 years,1959-2021,338.0
122,FIE00143231,106.0,61.0439,28.1542,LAPPEENRANTA_LENTOASEMA,62 years,1959-2021,340.0
123,FIE00143301,75.0,61.4225,29.3944,RAUTJARVI_SIMPELE_KANGASKOSKI,55 years,1959-2014,346.0
124,FIE00143311,4.0,61.5831,21.4831,MANTYLUOTO_PORI,55 years,1959-2014,348.0
125,FIE00143316,5.0,62.3339,21.1939,KASKINEN_SALGRUND,62 years,1959-2021,349.0
126,FIE00143346,1.0,62.2575,21.3208,KRISTIINANKAUPUNKI_KARHUSAARI,54 years,1960-2014,350.0
127,FIE00143365,3.0,61.6303,21.3792,PORI_TAHKOLUOTO,62 years,1959-2021,352.0
128,FIE00143381,122.0,61.8381,22.4669,KANKAANPAA_NIINISALO_LENTOKENT,62 years,1959-2021,354.0
129,FIE00143391,160.0,62.1831,22.8031,KARVIA_ALKKIA,55 years,1966-2021,356.0
130,FIE00143586,145.0,61.8564,24.7892,JAMSA_HALLI_LENTOKENTTA,57 years,1964-2021,362.0
131,FIE00143596,153.0,61.8456,24.2906,JUUPAJOKI_HYYTIALA,62 years,1959-2021,364.0
132,FIE00143691,144.0,61.8592,24.8181,JAMSA_HALLI_LENTOASEMANTIE,57 years,1964-2021,365.0
133,FIE00143797,148.0,62.4,25.6,JYVASKYLAN_MLK_TIKKAKOSKI,61 years,1954-2015,367.0
134,FIE00143822,146.0,61.8792,26.0989,JOUTSA_LEIVONMAKI_SAVENAHO,62 years,1959-2021,372.0
135,FIE00143952,101.0,61.6869,27.21,MIKKELI_LENTOASEMA,62 years,1959-2021,374.0
136,FIE00143962,91.0,62.3081,27.8442,VARKAUS_KAPYKANGAS,55 years,1959-2014,375.0
137,FIE00144057,83.0,62.3217,27.9108,VARKAUS_KOSULANNIEMI,62 years,1959-2021,379.0
138,FIE00144132,78.0,61.8017,29.3181,PUNKAHARJU_LAUKANSAARI,62 years,1959-2021,385.0
139,FIE00144202,90.0,62.235,30.3494,TOHMAJARVI_KEMIE,62 years,1959-2021,387.0
140,FIE00144212,6.0,63.0417,21.7678,VAASA_VAASAN_LENTOASEMA,71 years,1950-2021,388.0
141,FIE00144222,4.0,63.4353,21.0681,MUSTASAARI_VALASSAARET,62 years,1959-2021,389.0
142,FIE00144227,9.0,63.0831,21.65,VAASA_HIETALAHTI,55 years,1959-2014,390.0
143,FIE00144302,4.0,63.1,21.6,VAASA_PALOSAARI,55 years,1959-2014,393.0
144,FIE00144322,26.0,62.9367,22.4908,SEINAJOKI_PELMAA,62 years,1959-2021,395.0
145,FIE00144407,42.0,63.1203,23.0469,KAUHAVA_LENTOKENTTA,62 years,1959-2021,397.0
146,FIE00144477,40.0,63.12,23.0469,KAUHAVA_KK_UUNIMAANTIE,55 years,1959-2014,399.0
147,FIE00144482,157.0,62.5344,24.2206,AHTARI_MYLLYMAKI,62 years,1959-2021,400.0
148,FIE00144557,132.0,63.0817,25.8617,VIITASAARI_HAAPANIEMI,51 years,1970-2021,406.0
149,FIE00144637,120.0,62.9214,26.4281,VESANTO_SONKARI,62 years,1959-2021,407.0
150,FIE00144702,99.0,63.0081,27.8025,SIILINJARVI_KUOPION_LENTOASEMA,62 years,1959-2021,409.0
151,FIE00144712,90.0,63.1431,27.3158,MAANINKA_HALOLA,62 years,1959-2021,411.0
152,FIE00144777,94.0,63.025,27.8081,KUOPIO_AUTOSYNOP,55 years,1959-2014,414.0
153,FIE00144877,121.0,62.6594,29.6144,LIPERI_JOENSUUN_LENTOASEMA,66 years,1955-2021,418.0
154,FIE00144882,116.0,63.2317,29.2378,JUUKA_NIEMELA,59 years,1962-2021,419.0
155,FIE00144972,162.0,62.6667,30.9331,ILOMANTSI_KK,55 years,1959-2014,423.0
156,FIE00144977,106.0,63.3,30.0167,PIELISJARVI,55 years,1959-2014,424.0
157,FIE00144982,98.0,63.3206,30.0492,LIEKSA_LAMPELA,61 years,1960-2021,425.0
158,FIE00145052,155.0,62.7692,30.9778,ILOMANTSI_MEKRIJARVI,61 years,1960-2021,429.0
159,FIE00145087,10.0,63.8831,22.9331,KOKKOLA_OJA_MARASKAR,55 years,1959-2014,431.0
160,FIE00145102,26.0,63.7169,23.1425,KRUUNUPYY_LENTOASEMA,60 years,1961-2021,433.0
161,FIE00145107,4.0,64.3331,23.45,ULKOKALLA_KALAJOKI,55 years,1959-2014,434.0
162,FIE00145151,3.0,64.3306,23.4503,KALAJOKI_ULKOKALLA,62 years,1959-2021,436.0
163,FIE00145242,112.0,64.1417,25.4281,HAAPAVESI_MUSTIKKAMAKI,62 years,1959-2021,443.0
164,FIE00145301,99.0,64.1406,25.605,HAAPAVESI_PIIPSANNEVA,55 years,1959-2014,445.0
165,FIE00145377,147.0,64.2814,27.6783,KAJAANI_LENTOASEMA_1,69 years,1952-2021,447.0
166,FIE00145382,207.0,63.8406,27.2242,VIEREMA_KAARAKKALA,62 years,1959-2021,448.0
167,FIE00145622,14.0,64.9283,25.3506,OULUNSALO_OULUN_LENTOASEMA,62 years,1959-2021,458.0
168,FIE00145627,48.0,64.6833,25.0925,SIIKAJOKI_REVONLAHTI,62 years,1959-2021,459.0
169,FIE00145637,13.0,65.0331,25.4831,OULU_LINNANMAA,55 years,1959-2014,461.0
170,FIE00145661,3.0,65.0056,25.3967,OULU_VIHREASAARI,62 years,1959-2021,463.0
171,FIE00145677,114.0,64.5008,26.4275,VAALA_PELSO,62 years,1959-2021,465.0
172,FIE00145702,121.0,65.3992,26.9667,PUDASJARVI_LENTOKENTTA,62 years,1959-2021,466.0
173,FIE00145712,116.0,65.3667,27.0167,PUDASJARVI_KURENALUS,55 years,1959-2014,467.0
174,FIE00145817,220.0,64.9025,29.0167,SUOMUSSALMI_KK,54 years,1959-2013,473.0
175,FIE00145852,19.0,65.7831,24.5831,KEMINMAA_KEMI_TORNION_LENTOASE,62 years,1959-2021,475.0
176,FIE00145947,154.0,65.9325,26.5164,RANUA_KK,51 years,1963-2014,479.0
177,FIE00145997,161.0,65.9764,26.3714,RANUA_LENTOKENTTA,58 years,1963-2021,480.0
178,FIE00146027,209.0,65.5831,28.25,TAIVALKOSKI_KK,55 years,1959-2014,481.0
179,FIE00146057,203.0,65.5739,28.2481,TAIVALKOSKI_KK_KAUPPATIE,62 years,1959-2021,482.0
180,FIE00146062,264.0,65.995,29.2258,KUUSAMO_LENTOASEMA_1,62 years,1959-2021,483.0
181,FIE00146067,160.0,66.3681,29.3192,KUUSAMO_KIUTAKONGAS,55 years,1966-2021,484.0
182,FIE00146162,92.0,66.5289,24.6531,YLITORNIO_MELTOSJARVI,57 years,1964-2021,488.0
183,FIE00146241,85.0,66.4981,25.7119,ROVANIEMI_RAUTATIEASEMA,62 years,1959-2021,492.0
184,FIE00146258,106.0,66.5789,26.015,ROVANIEMI_APUKKA,62 years,1959-2021,493.0
185,FIE00146338,221.0,66.8208,28.6775,SALLA_KK,53 years,1961-2014,498.0
186,FIE00146343,180.0,67.2853,28.18,SAVUKOSKI_KK,57 years,1964-2021,499.0
187,FIE00146378,215.0,66.8331,28.6781,SALLA_KK_MYLLYTIE,54 years,1967-2021,501.0
188,FIE00146423,254.0,67.9681,23.6803,MUONIO_ALAMUONIO,60 years,1959-2019,505.0
189,FIE00146538,240.0,67.8206,27.7503,SODANKYLA_LOKKA,62 years,1959-2021,517.0
190,FIE00146543,247.0,68.0839,27.1894,SODANKYLA_VUOTSO,62 years,1959-2021,518.0
191,FIE00146548,285.0,68.4,27.3831,INARI_LAANILA,54 years,1960-2014,519.0
192,FIE00146563,302.0,68.4142,27.4175,INARI_SAARISELKA_MATKAILUKESKU,61 years,1960-2021,521.0
193,FIE00146688,147.0,68.6069,27.4181,INARI_IVALO_LENTOASEMA,62 years,1959-2021,530.0
194,FIE00146693,152.0,69.0669,27.1228,INARI_TOIVONIEMI,55 years,1959-2014,531.0
195,FIE00146698,107.0,69.7556,27.0119,UTSJOKI_KEVO,59 years,1962-2021,532.0
196,FIE00146703,22.0,70.0814,27.9006,UTSJOKI_NUORGAM,51 years,1970-2021,533.0
197,FIE00146753,156.0,69.1403,27.27,INARI_KAAMANEN,62 years,1959-2021,536.0
198,FIE00146768,120.0,68.8483,28.3031,INARI_NELLIM_1,55 years,1959-2014,538.0
199,FIE00146783,123.0,68.8489,28.3039,INARI_NELLIM,61 years,1960-2021,541.0
200,FIM00002801,476.0,69.05,20.783,ENONTEKIO_KILPISJARVI,62 years,1959-2021,544.0
201,FIXLT325413,8.0,63.1,21.8,VAASA,53 years,1951-2004,548.0
202,GL000004320,12.0,76.77,-18.67,DANMARKSHAVN,70 years,1951-2021,553.0
203,GLE00007987,25.0,65.4,-52.8667,MANIITSOQ,51 years,1961-2012,556.0
204,GLE00146908,126.0,72.7831,-56.1331,MITT_UPERNAVIK,60 years,1961-2021,562.0
205,GLE00147041,12.0,66.9167,-53.6667,SISIMIUT,52 years,1961-2013,567.0
206,GLE00147061,10.0,66.95,-53.7167,MITT_SISIMIUT,58 years,1962-2020,568.0
207,GLE00147231,36.0,62.0167,-49.6667,MITT_PAAMIUT,62 years,1958-2020,569.0
208,GLE00147281,27.0,61.1667,-45.4167,MITT_NARSARSUAQ,59 years,1961-2020,571.0
209,GLE00147301,32.0,60.7167,-46.05,QAQORTOQ,59 years,1961-2020,572.0
210,GLE00147308,18.0,60.7167,-46.0331,QAQORTOQ_HELIPORT,57 years,1963-2020,573.0
211,GLE00147331,25.0,60.9167,-46.05,NARSAQ_HELIPORT,62 years,1958-2020,574.0
212,GLE00147401,36.0,81.6,-16.6497,STATION_NORD,69 years,1952-2021,575.0
213,GLE00147481,70.0,70.4831,-21.95,ITTOQQORTOORMIIT,80 years,1941-2021,578.0
214,GLE00147641,88.0,60.05,-43.1667,IKERASASSUAQ,62 years,1958-2020,584.0
215,GLM00004220,41.0,68.7,-52.85,AASIAAT_EGEDESMINDE,78 years,1943-2021,585.0
216,GLM00004390,19.0,60.033,-43.117,PRINS_CHRISTIAN,78 years,1943-2021,586.0
217,GLW00016404,28.0,61.2167,-48.1167,IVIGTUT,91 years,1875-1966,587.0
218,GLW00016504,50.3,67.0167,-50.8,SONDRESTROM,71 years,1949-2020,588.0
219,GLW00017605,77.1,76.5167,-68.8333,THULE_OP_SITE,75 years,1946-2021,590.0
220,GLXLT055213,41.0,70.5,-22.0,KAP_TOBIN,59 years,1931-1990,591.0
221,IC000004092,23.0,64.6831,-15.2275,TEIGARHORN,72 years,1937-2009,598.0
222,IC000004097,9.0,65.2667,-13.5831,DALATANGI,72 years,1949-2021,599.0
223,ICM00004082,7.3,64.296,-15.227,HORNAFJORDUR,70 years,1951-2021,606.0
224,ICW00016201,50.3,63.9667,-22.6,KEFLAVIK,78 years,1943-2021,609.0
225,JN000099950,10.0,70.93,-7.33,JAN_MAYEN,84 years,1937-2021,611.0
226,NO000001212,8.0,62.8667,6.5331,ONA_HUSOY,52 years,1963-2015,613.0
227,NO000016740,626.0,62.1,9.05,KJOEREMSGRENDE,60 years,1954-2014,615.0
228,NO000050540,12.0,60.3831,5.3331,BERGEN_FLORIDA,64 years,1957-2021,616.0
229,NO000068330,242.0,63.2,11.117,SELBU_STUBBE,86 years,1920-2006,618.0
230,NO000080700,39.0,66.8167,13.9831,GLOMFJORD,78 years,1943-2021,619.0
231,NO000099710,16.0,74.5167,19.0167,BJOERNOEYA,84 years,1937-2021,622.0
232,NOE00104443,11.0,68.1503,14.6506,SKROVA_FYR,67 years,1954-2021,623.0
233,NOE00105467,11.0,67.2669,14.3589,BODOE_VI,81 years,1940-2021,624.0
234,NOE00105476,6.0,76.5,25.0667,HOPEN,76 years,1945-2021,625.0
235,NOE00105477,10.0,70.9331,-8.6667,JAN_MAYEN,94 years,1921-2015,626.0
236,NOE00105482,167.0,60.5683,9.1217,NESBYEN_SKOGLUND,71 years,1943-2014,627.0
237,NOE00105494,14.0,70.3669,31.0844,VARDOE,90 years,1931-2021,628.0
238,NOE00105498,131.0,69.4633,25.5019,KARASJOK_MARKANNJARGA,78 years,1943-2021,629.0
239,NOE00105503,166.0,60.5669,9.1333,NESBYEN_TODOKK,78 years,1943-2021,630.0
240,NOE00105505,381.0,69.5794,23.5342,SUOLOVUOPMI_LULIT,52 years,1969-2021,631.0
241,NOE00109394,76.0,69.0589,18.5403,BARDUFOSS,75 years,1946-2021,632.0
242,NOE00109459,13.0,71.0931,23.995,FRUHOLMEN_FYR,67 years,1954-2021,633.0
243,NOE00109476,10.0,70.4003,28.2003,RUSTEFJELBMA,59 years,1954-2013,634.0
244,NOE00109485,382.0,68.7553,23.5383,SIHCCAJAVRI,67 years,1954-2021,635.0
245,NOE00109497,377.0,69.5881,23.5317,SUOLOVUOPMI,51 years,1963-2014,636.0
246,NOE00109514,202.0,60.2064,11.0803,GARDERMOEN,81 years,1940-2021,637.0
247,NOE00109604,10.0,63.7003,9.6014,ORLAND,70 years,1951-2021,638.0
248,NOE00109613,628.0,62.5669,11.3833,ROROS,60 years,1954-2014,639.0
249,NOE00109622,625.0,62.5769,11.3517,ROROS_AIRPORT,67 years,1954-2021,640.0
250,NOE00109701,240.0,61.1592,11.4425,RENAHAUGEDALEN,56 years,1958-2014,641.0
251,NOE00109737,13.0,62.8594,6.5392,ONA_II,58 years,1963-2021,643.0
252,NOE00109746,15.0,62.2333,7.4167,TAFJORD,68 years,1953-2021,644.0
253,NOE00109768,38.0,61.0267,5.385,TAKLE,65 years,1956-2021,645.0
254,NOE00109777,8.0,71.0839,28.2178,SLETTNES_FYR,65 years,1956-2021,646.0
255,NOE00109966,672.0,61.8869,12.0481,DREVSJO,64 years,1957-2021,648.0
256,NOE00109984,128.0,60.7806,10.8117,KISE_PA_HEDMARK,64 years,1957-2021,649.0
257,NOE00110038,639.0,60.9181,9.2903,ABJORSBRATEN,63 years,1954-2017,650.0
258,NOE00110119,264.0,60.7,10.8667,OSTRE_TOTENAPELSVOLL,64 years,1957-2021,651.0
259,NOE00110653,48.0,60.2892,5.2264,BERGEN_FLESLAND,66 years,1955-2021,655.0
260,NOE00111111,33.0,64.7978,10.5492,NORDOYAN_FYR,70 years,1951-2021,660.0
261,NOE00111165,33.0,67.2831,14.4667,BODOEVAGONES,53 years,1961-2014,661.0
262,NOE00111273,228.0,68.7781,19.71,DIVIDALEN,76 years,1938-2014,662.0
263,NOE00111318,21.0,70.2456,19.5006,TORSVAG_FYR,67 years,1954-2021,663.0
264,NOE00111327,286.0,69.3667,24.4331,CUOVDDATMOHKKI,55 years,1966-2021,664.0
265,NOE00111336,307.0,68.9967,23.0333,KAUTOKEINO,67 years,1954-2021,665.0
266,NOE00111345,330.0,69.0167,23.0339,KAUTOKEINO_II,60 years,1954-2014,666.0
267,NOE00111354,9.0,70.7006,30.0681,MAKKAUR_FYR,70 years,1951-2021,667.0
268,NOE00111385,6.0,66.0,2.0,MIKE,60 years,1949-2009,670.0
269,NOE00112071,12.0,63.5,10.89,VAERNES,81 years,1940-2021,671.0
270,NOE00112080,14.0,69.3,16.1497,ANDOYA,61 years,1958-2019,672.0
271,NOE00112089,195.0,64.16,12.47,KJOBLI_I_SNAASA,66 years,1955-2021,673.0
272,NOE00133110,3.0,69.9775,23.3581,ALTA_LUFTHAVN,58 years,1963-2021,675.0
273,NOE00133650,38.0,62.3292,5.2681,SVINOY_FYR,66 years,1955-2021,685.0
274,NOE00133746,22.0,62.5617,6.115,VIGRA,63 years,1958-2021,690.0
275,NOE00133954,9.0,68.2453,14.6692,SVOLVAER_LUFTHAVN,67 years,1954-2021,698.0
276,NOE00134214,521.0,61.1217,9.0631,LOKEN_I_VOLBU,60 years,1961-2021,705.0
277,NOE00134538,51.0,61.7881,6.1833,SANDANE,64 years,1957-2021,710.0
278,NOE00134554,60.0,61.8292,6.1042,SANDANE_LUFTHAVN,58 years,1963-2021,711.0
279,NOE00134682,18.0,64.4014,10.455,BUHOLMRASA_FYR,56 years,1965-2021,712.0
280,NOE00134742,5.0,63.8467,8.4667,SULA,66 years,1955-2021,713.0
281,NOE00134754,28.0,63.85,8.4667,SULA_FYR,60 years,1954-2014,714.0
282,NOE00134934,6.0,69.8333,21.8842,NORDSTRAUM_I_KVAENANGEN,56 years,1965-2021,719.0
283,NOM00001089,91.0,69.733,29.9,KIRKENES,95 years,1918-2013,721.0
284,NOM00001238,952.0,62.1167,9.2831,FOKSTUA,98 years,1923-2021,724.0
285,NON00006020,185.0,60.6141,12.0125,FLISA_II,93 years,1919-2012,732.0
286,NON00008850,485.0,62.0277,10.8017,ALVDAL,54 years,1920-1974,740.0
287,NON00012640,271.0,61.0808,10.4756,LILLEHAMMER_III,90 years,1891-1981,746.0
288,NON00025720,996.0,60.5186,7.825,HAUGASTOL_II,82 years,1894-1976,763.0
289,NON00050300,408.0,60.3933,5.9133,KVAMSKOGEN,59 years,1947-2006,770.0
290,NON00050460,48.0,60.26,5.3533,FANA_FORSOKSSTASJON,57 years,1955-2012,771.0
291,NON00052290,114.0,60.841,5.9533,MODALEN_II,67 years,1945-2012,780.0
292,NON00053100,51.0,61.1725,6.6455,VANGSNES,91 years,1921-2012,782.0
293,NON00053380,870.0,60.7333,7.1167,MYRDAL,57 years,1897-1954,783.0
294,NON00054100,3.0,61.1,7.4833,LARDAL,78 years,1869-1947,785.0
295,NON00055160,27.0,61.5,7.7005,FORTUN,76 years,1921-1997,788.0
296,NON00055230,2062.0,61.5158,7.9058,FANNARAKI,81 years,1931-2012,789.0
297,NON00055350,484.0,61.4407,7.4278,LUSTER_SANATORIUM,72 years,1901-1973,790.0
298,NON00055780,53.0,61.1833,6.8667,LEIKANGER,61 years,1929-1990,794.0
299,NON00057170,3.0,61.45,5.85,FORDE_I_SUNNFJORD,66 years,1919-1985,795.0
300,NON00058700,201.0,61.9333,7.2267,OPPSTRYN,94 years,1897-1991,801.0
301,NON00059100,38.0,62.0346,4.9859,KRAKENES_FYR,87 years,1925-2012,804.0
302,NON00060950,6.0,62.4755,6.1508,ALESUND,71 years,1861-1932,811.0
303,NON00062650,26.0,62.9667,7.15,HUSTAD_II,58 years,1921-1979,816.0
304,NON00063500,195.0,62.55,9.1,SUNNDAL,80 years,1897-1977,818.0
305,NON00065100,9.0,63.2066,8.991,VINJEORA_II,85 years,1920-2005,821.0
306,NON00071650,4.0,63.85,9.7333,VALLERSUND,53 years,1921-1974,836.0
307,NON00073470,402.0,64.4619,13.5916,NORDLI_III,67 years,1920-1987,838.0
308,NON00075600,47.0,65.0975,11.7022,LEKA,62 years,1940-2002,841.0
309,NON00076500,6.0,65.8667,12.1833,SKALVAR,60 years,1920-1980,843.0
310,NON00077640,221.0,65.6,13.9833,HATTFJELLDAL_III,67 years,1905-1972,848.0
311,NON00080610,17.0,66.7628,12.486,MYKEN,92 years,1920-2012,855.0
312,NON00082400,14.0,67.4257,13.9246,HELLIGVAR,69 years,1943-2012,867.0
313,NON00083120,6.0,67.8333,14.7833,GROTOY,58 years,1920-1978,869.0
314,NON00085950,18.0,67.4102,11.8731,SKOMVAR_FYR,88 years,1890-1978,876.0
315,NON00087400,17.0,68.9448,16.6551,SANDSOY_I_SENJA,56 years,1921-1977,881.0
316,NON00088900,12.0,69.3538,18.075,GIBOSTAD,55 years,1936-1991,886.0
317,NON00091350,46.0,69.3777,20.3024,SKIBOTN,64 years,1948-2012,893.0
318,NON00092700,10.0,70.3348,21.4528,LOPPA,79 years,1920-1999,894.0
319,NON00094700,33.0,71.0633,26.23,HELNES_FYR,53 years,1951-2004,898.0
320,NON00099370,89.0,69.7255,29.8977,KIRKENES_LUFTHAVN,55 years,1957-2012,903.0
321,NON00099550,8.0,69.6833,30.1333,SOR_VARANGER,54 years,1871-1925,905.0
322,NOXLT285749,9999.0,70.0,23.2,ALTA,68 years,1871-1939,907.0
323,NOXLT451881,9999.0,65.6,12.3,BRONNOYSUND,85 years,1870-1955,909.0
324,NOXLT921787,995.0,60.3,7.5,HAUGASTOL,92 years,1884-1976,913.0
325,RS000020357,9.0,76.183,63.567,RUSSKAYA_GAVAN,63 years,1932-1995,916.0
326,RS000020696,20.0,73.65,109.75,CAPE_KASISTY,51 years,1939-1990,917.0
327,RS000020766,10.0,72.333,79.5,LESKINO,59 years,1934-1993,918.0
328,RS000021405,15.0,75.533,113.517,B_PRONCHISHCHEVOY,58 years,1934-1992,919.0
329,RS000021825,3.0,71.533,129.917,MOSTAKH_ISLAND,64 years,1935-1999,921.0
330,RSM00020046,22.0,80.6,58.0,POLAR_GMO_IMETKRENKELJ,63 years,1958-2021,923.0
331,RSM00020069,10.0,79.5,76.98,OSTROV_VIZE,76 years,1945-2021,924.0
332,RSM00020087,7.0,79.55,90.62,OSTROV_GOLOMJANNYJ,91 years,1930-2021,925.0
333,RSM00020274,23.0,77.5,82.2,OSTROV_UEDINENIJA,61 years,1935-1996,926.0
334,RSM00020289,9.0,77.2,96.4,RUSSKIJ,63 years,1936-1999,927.0
335,RSM00020292,12.0,77.72,104.3,GMO_IMEKFEDOROVA,89 years,1932-2021,928.0
336,RSM00020353,10.0,76.85,68.55,MYS_ZELANIJA,84 years,1931-2015,929.0
337,RSM00020471,12.0,75.952,82.946,TROYNOY_ISLAND,60 years,1953-2013,930.0
338,RSM00020476,10.0,75.42,88.9,STERLEGOVA,87 years,1934-2021,931.0
339,RSM00020667,6.0,73.33,70.0294,BELY_ISLAND,87 years,1934-2021,932.0
340,RSM00020871,6.0,71.875,82.706,SOPOCHNAYA_KARGA,60 years,1939-1999,935.0
341,RSM00020891,31.0,71.9831,102.4667,HATANGA,93 years,1928-2021,936.0
342,RSM00020967,17.8,70.167,72.517,SEYAHA,60 years,1961-2021,938.0
343,RSM00020982,37.0,70.97,94.5,VOLOCHANKA,85 years,1936-2021,940.0
344,RSM00021432,12.0,76.0,137.87,OSTROV_KOTELNYJ,85 years,1936-2021,942.0
345,RSM00021504,57.0,74.667,112.933,OSTROV_PREOBRAZENIJ,62 years,1934-1996,943.0
346,RSM00021636,26.0,73.333,139.917,CAPE_KIGILYAKH,87 years,1934-2021,945.0
347,RSM00021647,21.0,73.18,143.2297,SHALAUROVA_MYS,72 years,1928-2000,946.0
348,RSM00021802,16.0,71.97,114.08,SASKYLAH,85 years,1936-2021,949.0
349,RSM00021824,6.0,71.58,128.9197,TIKSI,89 years,1932-2021,951.0
350,RSM00021908,61.0,70.1297,113.97,DZALINDA_1,79 years,1942-2021,952.0
351,RSM00021931,23.0,70.77,136.22,JUBILEJNAJA,87 years,1934-2021,954.0
352,RSM00021946,44.0,70.6167,147.8831,CHOKURDAH,77 years,1944-2021,955.0
353,RSM00021965,41.0,70.633,162.483,OSTROV_CHETYREHSTOL,62 years,1933-1995,956.0
354,RSM00021982,2.0,70.9831,-178.4833,OSTROV_VRANGELJA,95 years,1926-2021,957.0
355,RSM00022019,32.0,69.2,33.4797,POLJARNOE,83 years,1936-2019,959.0
356,RSM00022095,23.0,69.53,49.08,KOLGUEV_SEVERNYI,85 years,1933-2018,961.0
357,RSM00022101,99.0,69.0,28.8,JANISKOSKI,60 years,1959-2019,962.0
358,RSM00022106,63.0,68.6,31.85,PADUN,62 years,1959-2021,963.0
359,RSM00022127,162.0,68.0,35.033,LOVOZERO,69 years,1952-2021,965.0
360,RSM00022204,246.0,67.5697,30.45,KOVDOR,60 years,1959-2019,968.0
361,RSM00022212,132.0,67.967,32.883,MONCEGORSK,52 years,1969-2021,969.0
362,RSM00022235,155.0,67.37,37.03,KRASNOSHELYE,89 years,1932-2021,971.0
363,RSM00022249,149.0,67.1297,39.67,KANEVKA,60 years,1959-2019,972.0
364,RSM00022271,18.0,67.9,44.1,SOJNA,63 years,1958-2021,974.0
365,RSM00022282,6.0,67.8,46.667,MYS_MIKULKIN,58 years,1960-2018,975.0
366,RSM00022292,4.0,67.7,48.77,INDIGA,98 years,1923-2021,976.0
367,RSM00022312,18.0,66.7,32.883,KOVDA,52 years,1969-2021,977.0
368,RSM00022324,39.0,66.67,34.33,UMBA,85 years,1936-2021,978.0
369,RSM00022349,9.0,66.183,39.533,PJALICA,72 years,1949-2021,980.0
370,RSM00022365,21.0,66.383,43.25,ABRAMOVSKIJ_MAJAK,59 years,1962-2021,982.0
371,RSM00022408,118.0,65.2,31.17,UKHTA_KALEVALA,85 years,1936-2021,984.0
372,RSM00022438,26.0,65.2,36.82,ZHIZHGIN_MAYAK,85 years,1936-2021,986.0
373,RSM00022446,77.0,65.467,39.733,ZIMNEGORSKIJ_MAJAK,57 years,1964-2021,987.0
374,RSM00022471,14.0,65.87,44.22,MEZEN,84 years,1937-2021,988.0
375,RSM00022522,8.0,64.95,34.65,KEM,69 years,1937-2006,990.0
376,RSM00022525,9.0,64.566,34.917,RAZNAVOLOK,71 years,1950-2021,991.0
377,RSM00022563,31.0,64.7,43.383,PINEGA,72 years,1949-2021,995.0
378,RSM00022573,71.0,64.9,45.767,LESUKONSKOE,60 years,1961-2021,996.0
379,RSM00022619,130.0,63.27,33.42,PADANY,55 years,1966-2021,999.0
380,RSM00022621,112.0,63.767,34.283,SEGEZA,69 years,1950-2019,1000.0
381,RSM00022676,62.0,63.6,45.6,SURA,71 years,1950-2021,1006.0
382,RSM00022695,158.0,63.45,48.9,KOSLAN,61 years,1960-2021,1007.0
383,RSM00022721,81.0,62.917,34.433,MEDVEZEGORSK,72 years,1949-2021,1008.0
384,RSM00022762,34.0,62.867,42.717,DVINSKIJ_BEREZNIK,57 years,1964-2021,1010.0
385,RSM00022778,58.0,62.233,45.017,VERHNJAJA_TOJMA,62 years,1959-2021,1012.0
386,RSM00022798,92.0,62.167,49.117,JARENSK,61 years,1960-2021,1013.0
387,RSM00022831,44.0,61.8,36.517,PUDOZ,71 years,1950-2021,1016.0
388,RSM00022854,233.0,61.7,40.2,NJANDOMA,72 years,1949-2021,1019.0
389,RSM00022867,91.0,61.083,42.067,VELSK,60 years,1961-2021,1020.0
390,RSM00022892,14.0,60.72,28.8,VYBORG,81 years,1940-2021,1022.0
391,RSM00022912,12.0,60.983,32.983000000000004,OLONEC,62 years,1959-2021,1024.0
392,RSM00022925,111.0,60.633,34.783,VINNICY,61 years,1960-2021,1025.0
393,RSM00022939,131.0,60.033,37.783,BELOZERSK,72 years,1949-2021,1026.0
394,RSM00022954,202.0,60.467,40.2,VOZEGA,72 years,1949-2021,1027.0
395,RSM00022981,98.0,60.8,46.3,VELIKIJ_USTJUG,84 years,1937-2021,1028.0
396,RSM00023022,53.0,69.75,61.7,AMDERMA,87 years,1934-2021,1030.0
397,RSM00023058,2.0,69.08,76.9,ANTIPAJUTA,62 years,1959-2021,1032.0
398,RSM00023114,5.0,68.55,55.5,MYS_KONSTANTINOVSKII,60 years,1959-2019,1035.0
399,RSM00023205,5.0,67.6331,53.0331,NARJAN_MAR,95 years,1926-2021,1039.0
400,RSM00023219,84.0,67.0831,59.3831,HOSEDA_HARD,85 years,1931-2016,1040.0
401,RSM00023220,113.0,67.05,64.0697,ELEZKAJA,60 years,1959-2019,1041.0
402,RSM00023226,172.0,67.483,64.016,VORKUTA,62 years,1959-2021,1042.0
403,RSM00023242,12.0,67.6994,72.9494,NOVY_PORT,85 years,1936-2021,1043.0
404,RSM00023256,26.0,67.47,78.73,TAZOVSKOE,85 years,1936-2021,1044.0
405,RSM00023274,20.0,67.47,86.57,IGARKA,85 years,1936-2021,1045.0
406,RSM00023305,20.0,66.25,52.583,OKUNEV_NOS,61 years,1960-2021,1046.0
407,RSM00023331,895.0,66.9,65.67,RA_IZ,58 years,1939-1997,1049.0
408,RSM00023345,5.0,66.5997,72.9,NYDA,71 years,1948-2019,1051.0
409,RSM00023383,277.0,66.8797,93.47,AGATA,81 years,1939-2020,1053.0
410,RSM00023412,77.0,65.97,56.9194,UST_USA,85 years,1936-2021,1055.0
411,RSM00023418,53.0,65.1167,57.1,PECHORA,78 years,1943-2021,1056.0
412,RSM00023426,19.0,65.382,64.717,MUZI,60 years,1961-2021,1057.0
413,RSM00023445,14.0,65.47,72.67,NADYM,62 years,1959-2021,1059.0
414,RSM00023463,41.0,65.98,84.27,JANOV_STAN,58 years,1959-2017,1060.0
415,RSM00023514,156.0,64.52,55.4,IRAEL,60 years,1959-2019,1065.0
416,RSM00023518,75.0,64.266,57.617,UST_SUGOR,71 years,1950-2021,1066.0
417,RSM00023527,28.0,64.28,60.88,SARAN_PAUL,85 years,1936-2021,1067.0
418,RSM00023552,26.0,64.92,77.82,TARKO_SALE,85 years,1936-2021,1068.0
419,RSM00023589,105.0,64.2,93.78,TUTONCHANY,60 years,1959-2019,1069.0
420,RSM00023606,137.0,63.55,53.817,UHTA,62 years,1959-2021,1070.0
421,RSM00023625,28.0,63.65,62.1,SOSVA,52 years,1969-2021,1071.0
422,RSM00023656,66.0,63.38,78.32,HALESOVAJA,62 years,1957-2019,1074.0
423,RSM00023662,31.0,63.98,82.08,TOLKA,74 years,1947-2021,1075.0
424,RSM00023707,106.0,62.23,50.42,UST_VUM,60 years,1959-2019,1078.0
425,RSM00023724,51.0,62.43,60.8694,NJAKSIMVOL,88 years,1933-2021,1080.0
426,RSM00023734,70.0,62.45,66.05,OKTYABR_SKOYE,85 years,1936-2021,1081.0
427,RSM00023803,144.0,61.683,53.683,UST_KULOM,71 years,1950-2021,1085.0
428,RSM00023847,33.4,61.3,71.3,SYTOMINO,52 years,1969-2021,1087.0
429,RSM00023867,55.0,61.1,80.25,LARYAK,85 years,1936-2021,1090.0
430,RSM00023884,62.0,61.6,90.0167,BOR,87 years,1934-2021,1091.0
431,RSM00023891,256.0,61.6667,96.3667,BAJKIT,87 years,1934-2021,1092.0
432,RSM00023904,124.0,60.45,50.97,KOIGORODOK,60 years,1959-2019,1093.0
433,RSM00023909,198.0,60.283,54.35,GAJNY,52 years,1969-2021,1094.0
434,RSM00023921,93.0,60.6831,60.45,IVDEL,87 years,1934-2021,1096.0
435,RSM00023929,53.0,60.317,64.217,SAIM,52 years,1969-2021,1097.0
436,RSM00023946,47.0,60.5,74.02,UGUT,76 years,1943-2019,1100.0
437,RSM00023955,47.0,60.4331,77.8667,ALEKSANDROVSKOE,89 years,1932-2021,1101.0
438,RSM00023966,98.0,60.35,84.08,VANZIL_KYNAK,66 years,1955-2021,1102.0
439,RSM00023975,86.0,60.35,88.367,SYM,52 years,1969-2021,1104.0
440,RSM00023986,513.0,60.38,93.03,SEVERO_ENISEJSK,80 years,1941-2021,1105.0
441,RSM00023987,58.0,60.25,90.233,JARCEVO,52 years,1969-2021,1106.0
442,RSM00024076,282.0,69.33,139.6697,DEPUTATSKIJ,59 years,1960-2019,1108.0
443,RSM00024105,272.0,68.47,102.37,ESSEJ,57 years,1937-1994,1109.0
444,RSM00024125,217.0,68.5,112.4331,OLENEK,85 years,1936-2021,1110.0
445,RSM00024136,78.0,68.62,118.33,SUHANA,83 years,1938-2021,1111.0
446,RSM00024143,38.0,68.73,124.0,DZARDZAN,84 years,1937-2021,1112.0
447,RSM00024329,233.0,66.25,114.28,SELAGONCY,81 years,1940-2021,1115.0
448,RSM00024343,88.0,66.7667,123.4,ZHIGANSK,85 years,1936-2021,1116.0
449,RSM00024371,274.0,66.8,136.68,UST_CHARKY,53 years,1966-2019,1117.0
450,RSM00024382,195.0,66.45,143.2297,UST_MOMA,84 years,1937-2021,1118.0
451,RSM00024507,188.0,64.2667,100.2331,TURA,93 years,1928-2021,1119.0
452,RSM00024538,137.0,64.23,116.92,CHUMPURUK,64 years,1955-2019,1120.0
453,RSM00024585,523.0,64.566,143.2,UST_NERA,60 years,1961-2021,1123.0
454,RSM00024606,209.0,63.58,103.97,KISLOKAN,70 years,1951-2021,1125.0
455,RSM00024639,119.0,63.283,118.333,NJURBA,73 years,1948-2021,1126.0
456,RSM00024643,76.0,63.95,124.83,HATYRYK_HOMO,61 years,1957-2018,1128.0
457,RSM00024652,96.0,63.967,127.467,SANGARY,71 years,1950-2021,1129.0
458,RSM00024656,79.0,63.517,129.483,BATAMAJ,72 years,1949-2021,1130.0
459,RSM00024661,208.0,64.0,130.3,SEGEN_KYUEL,83 years,1938-2021,1131.0
460,RSM00024671,399.0,63.95,135.87,TOMPO,62 years,1959-2021,1133.0
461,RSM00024679,1286.0,63.22,139.6,VOSTOCHNAJA,77 years,1942-2019,1134.0
462,RSM00024688,740.0,63.25,143.15,OJMJAKON,91 years,1930-2021,1135.0
463,RSM00024713,246.0,62.88,108.43,NAKANNO,78 years,1943-2021,1136.0
464,RSM00024726,351.0,62.5,113.9,MIRNYJ,61 years,1959-2020,1138.0
465,RSM00024738,131.0,62.15,117.65,SUNTAR,88 years,1933-2021,1139.0
466,RSM00024763,119.0,62.8,134.4,KREST_HALDZHAY,53 years,1966-2019,1141.0
467,RSM00024768,186.0,62.033,132.6,CURAPCA,73 years,1948-2021,1142.0
468,RSM00024790,646.0,62.78,148.17,SUSUMAN,84 years,1937-2021,1144.0
469,RSM00024802,357.0,61.7,102.7,STRELKA_CHUNJA,83 years,1936-2019,1145.0
470,RSM00024817,284.0,61.2667,108.0167,ERBOGACEN,85 years,1936-2021,1147.0
471,RSM00024856,115.0,61.483,129.15,POKROVSKAJA,73 years,1948-2021,1150.0
472,RSM00024908,259.0,60.3331,102.2667,VANAVARA,89 years,1932-2021,1152.0
473,RSM00024918,292.0,60.067,107.967,PREOBRAZENKA,61 years,1960-2021,1153.0
474,RSM00024923,241.0,60.72,114.88,LENSK,81 years,1940-2021,1154.0
475,RSM00024933,247.0,60.95,119.3,KILEER,60 years,1959-2019,1155.0
476,RSM00024951,117.0,60.8167,125.3167,ISIT,85 years,1936-2021,1157.0
477,RSM00024962,146.0,60.9,131.983,AMGA,73 years,1948-2021,1159.0
478,RSM00024967,173.0,60.47,130.0,TEGJULTJA,79 years,1942-2021,1161.0
479,RSM00024982,396.0,60.72,142.78,UEGA,62 years,1959-2021,1162.0
480,RSM00024988,198.0,60.083,142.333,ARKA,72 years,1949-2021,1163.0
481,RSM00025034,24.0,69.62,162.3,BUHTA_AMBARCIK,86 years,1935-2021,1164.0
482,RSM00025042,13.0,69.93,167.98,OSTROV_AION,76 years,1943-2019,1165.0
483,RSM00025062,2.0,69.8797,175.77,MYS_BILLINGSA,84 years,1937-2021,1166.0
484,RSM00025123,28.0,68.75,161.283,CHERSKIJ,81 years,1940-2021,1167.0
485,RSM00025138,98.0,68.12,164.17,OSTROVNOE,85 years,1936-2021,1168.0
486,RSM00025173,2.0,68.9,-179.3669,MYS_SHMIDTA,81 years,1932-2013,1169.0
487,RSM00025206,20.0,67.45,153.72,SREDHEKOLYMSK,85 years,1936-2021,1170.0
488,RSM00025248,352.0,67.25,168.97,ILIRNEJ,77 years,1944-2021,1171.0
489,RSM00025282,3.0,67.83,-175.8,MYS_VANKAREM,87 years,1934-2021,1172.0
490,RSM00025325,127.0,66.55,159.42,UST_OLOJ,77 years,1936-2013,1173.0
491,RSM00025356,78.0,66.3797,173.33,ENMUVEEM,75 years,1946-2021,1174.0
492,RSM00025378,21.0,66.3497,-179.1,EGVEKINOT,72 years,1949-2021,1176.0
493,RSM00025400,41.0,65.73,150.9,ZYRJANKA,85 years,1936-2021,1178.0
494,RSM00025428,260.0,65.23,160.53,OMOLON,77 years,1944-2021,1179.0
495,RSM00025503,97.0,64.75,153.97,KORKODON,85 years,1936-2021,1180.0
496,RSM00025538,324.0,64.22,164.23,VERHNEE_PENZINO,57 years,1959-2016,1181.0
497,RSM00025594,25.0,64.4167,-173.2333,BUHTA_PROVIDENJA,87 years,1934-2021,1184.0
498,RSM00025621,682.0,64.0,158.92,KEDON,55 years,1945-2000,1185.0
499,RSM00025677,3.0,63.05,179.32,BERINGOVSKAJA,56 years,1957-2013,1187.0
500,RSM00025703,206.0,62.9167,152.4167,SEJMCHAN,88 years,1933-2021,1188.0
501,RSM00025705,264.0,62.45,152.32,SREDNEKAN,66 years,1955-2021,1189.0
502,RSM00025715,542.0,62.5,155.783,OMSUKCHAN,62 years,1959-2021,1190.0
503,RSM00025744,10.0,62.4831,166.2167,KAMENSKOE,71 years,1950-2021,1191.0
504,RSM00025777,4.0,62.4,179.1,GAVRIILA_BUHTA,59 years,1936-1995,1193.0
505,RSM00025922,34.0,60.72,155.88,SHELIHOVO,59 years,1960-2019,1195.0
506,RSM00025932,45.0,60.68,160.4,TAJGONOS,64 years,1949-2013,1196.0
507,RSM00025954,2.0,60.35,166.0,KORF,83 years,1929-2012,1197.0
508,RSM00025956,3.0,60.43,169.67,APUKA,85 years,1936-2021,1198.0
509,RSXLT306544,9999.0,67.33,168.23,ILIRNEJ,69 years,1944-2013,1200.0
510,RSXLT353655,6.0,76.8,110.8,OSTROV_ANDREYAFORMER,57 years,1942-1999,1201.0
511,RSXLT413954,10.0,76.2667,94.2833,OSTROV_PRAUDY,53 years,1942-1995,1202.0
512,RSXLT643936,31.0,67.47,-174.62,OSTROV_KOLYUCHIN,51 years,1941-1992,1208.0
513,RSXLT850030,4.0,70.08,170.97,BALKARKAY,58 years,1941-1999,1213.0
514,RSXLT860513,51.0,81.8,57.9667,OSTROV_RUDOLFA,63 years,1932-1995,1215.0
515,RSXLT973997,4.0,69.7,170.33,PEVEK,59 years,1940-1999,1219.0
516,SV000020107,49.0,78.1,14.3,BARENCBURG,89 years,1932-2021,1222.0
517,SW000002120,314.0,66.9597,17.73,KVIKKJOKK_ARRENJARKA,96 years,1917-2013,1223.0
518,SW000002288,6.0,63.595,20.7564,HOLMOGADD_A,84 years,1924-2008,1226.0
519,SW000021280,280.0,65.0072,17.7083,GUNNARN,65 years,1949-2014,1230.0
520,SWE00003535,40.0,64.4808,21.5792,BJUROKLUBB_A,53 years,1961-2014,1233.0
521,SWE00115961,4.0,62.5244,17.4408,SUNDSVALLS_FLYGPLATS,66 years,1955-2021,1240.0
522,SWE00115981,215.0,63.6842,16.9506,JUNSELE,51 years,1963-2014,1241.0
523,SWE00116061,168.0,67.2097,23.3928,PAJALA,53 years,1961-2014,1243.0
524,SWE00136405,140.0,60.48,15.43,BORLANGE_AUT,53 years,1961-2014,1245.0
525,SWE00137188,9.0,65.75,21.77,SAVAST_V,54 years,1961-2015,1265.0
526,SWE00137203,458.0,65.8078,15.0853,HEMAVAN_FLYGPLATS,56 years,1965-2021,1266.0
527,SWE00137338,330.0,66.77,20.97,NATTAVARA,53 years,1961-2014,1270.0
528,SWE00137470,537.0,68.43,18.28,VASSIJAURE,91 years,1923-2014,1273.0
529,SWE00139254,80.0,60.14,13.01,TORSBY,52 years,1961-2013,1276.0
530,SWE00139276,190.0,60.15,13.8,GUSTAVSFORS,70 years,1951-2021,1280.0
531,SWE00139286,15.0,60.18,18.23,RISINGE,58 years,1962-2020,1283.0
532,SWE00139294,33.0,60.2,17.9164,DANNEMORA,51 years,1963-2014,1285.0
533,SWE00139308,12.0,60.28,18.92,UNDERSTEN,63 years,1951-2014,1288.0
534,SWE00139324,160.0,60.31,12.7,OSTMARK_LAMBACKEN,58 years,1955-2013,1290.0
535,SWE00139346,260.0,60.38,15.23,IDKERBERGET,65 years,1945-2010,1295.0
536,SWE00139348,495.0,60.38,15.14,SPANSBERGET,57 years,1964-2021,1296.0
537,SWE00139362,152.0,60.4292,15.5078,BORLANGE_FLYGPLATS,60 years,1961-2021,1297.0
538,SWE00139376,145.0,60.5,15.46,BORLANGE,53 years,1961-2014,1300.0
539,SWE00139386,128.0,60.5,15.45,DOMNARVET,53 years,1961-2014,1301.0
540,SWE00139396,8.0,60.53,18.38,ORSKAR_A,69 years,1952-2021,1303.0
541,SWE00139458,175.0,60.73,15.02,LEKSAND,58 years,1963-2021,1309.0
542,SWE00139462,5.0,60.73,17.57,EGGEGRUND,69 years,1952-2021,1310.0
543,SWE00139468,5.0,60.75,17.35,UTVALNAS,51 years,1963-2014,1311.0
544,SWE00139498,230.0,60.91,12.58,HOLJES,61 years,1960-2021,1313.0
545,SWE00139520,196.0,60.96,14.51,MORA_A,70 years,1951-2021,1315.0
546,SWE00139522,162.0,60.9617,16.4308,AMOT_A,55 years,1966-2021,1316.0
547,SWE00139524,145.0,60.96,16.46,AMOTSBRUK,53 years,1961-2014,1317.0
548,SWE00139526,196.0,61.0,14.59,MORA,63 years,1951-2014,1318.0
549,SWE00139590,412.0,61.28,12.86,GRUNDFORSEN,67 years,1945-2012,1324.0
550,SWE00139604,177.0,61.38,15.84,EDSBYN,63 years,1951-2014,1326.0
551,SWE00139674,115.0,61.71,16.18,JARVSO,59 years,1962-2021,1334.0
552,SWE00139676,10.0,61.73,17.1,HUDIKSVALL,69 years,1952-2021,1335.0
553,SWE00139684,70.0,61.83,16.54,DELSBO_A,55 years,1966-2021,1337.0
554,SWE00139690,670.0,61.85,12.27,FLOTNINGEN,56 years,1958-2014,1339.0
555,SWE00139764,260.0,62.18,14.95,YTTERHOGDAL,60 years,1961-2021,1348.0
556,SWE00139774,17.0,62.22,17.7397,BRAMON,60 years,1961-2021,1349.0
557,SWE00139800,430.0,62.42,13.52,HEDE,66 years,1945-2011,1353.0
558,SWE00139802,410.0,62.41,13.67,HEDEVIKEN,59 years,1962-2021,1354.0
559,SWE00139822,99.0,62.49,16.28,TORPSHAMMAR_A,51 years,1970-2021,1356.0
560,SWE00139828,110.0,62.5,16.18,FRANSTA,69 years,1945-2014,1358.0
561,SWE00139832,99.0,62.52,16.21,FRANSTA_11,52 years,1962-2014,1359.0
562,SWE00139842,585.0,62.55,12.6,LJUSNEDAL,91 years,1930-2021,1361.0
563,SWE00139858,10.0,62.62,18.0597,HARNO,53 years,1961-2014,1363.0
564,SWE00139868,17.0,62.64,18.09,LUNGO,60 years,1961-2021,1364.0
565,SWE00139884,342.0,62.75,15.1,HUNGE,53 years,1961-2014,1366.0
566,SWE00139886,343.0,62.75,15.09,HUNGE_A,52 years,1969-2021,1367.0
567,SWE00139942,5.0,63.05,17.77,KRAMFORS_GISTGARDSON,52 years,1961-2013,1376.0
568,SWE00139950,592.0,63.08,13.75,HOGLEKARDALEN,59 years,1962-2021,1377.0
569,SWE00139962,120.0,63.14,16.9897,FORSE,65 years,1956-2021,1379.0
570,SWE00139968,183.0,63.16,16.17,KRANGEDE_A,56 years,1965-2021,1380.0
571,SWE00139970,320.0,63.15,14.37,NORDERON,60 years,1961-2021,1381.0
572,SWE00139974,30.0,63.17,17.66,LANNAS,56 years,1961-2017,1382.0
573,SWE00139992,375.0,63.19,14.49,FROSON_D,96 years,1918-2014,1384.0
574,SWE00140002,360.0,63.24,14.55,ROSTA,96 years,1918-2014,1385.0
575,SWE00140006,583.0,63.28,12.12,STORLIEN_STORVALLEN,53 years,1961-2014,1386.0
576,SWE00140062,108.0,63.41,19.0,ORNSKOLDSVIKS_FLYGPL,51 years,1970-2021,1393.0
577,SWE00140110,232.0,63.6,16.18,STORFINNFORSEN,57 years,1961-2018,1397.0
578,SWE00140134,214.0,63.685,16.9531,JUNSELE_A,58 years,1963-2021,1402.0
579,SWE00140148,375.0,63.73,15.5,HALLVIKEN,61 years,1953-2014,1403.0
580,SWE00140174,14.0,63.79,20.29,UMEA_FLYGPLATS,59 years,1962-2021,1407.0
581,SWE00140180,10.0,63.81,20.24,ROBACKSDALEN,52 years,1962-2014,1409.0
582,SWE00140230,615.0,64.0,14.67,ALMDALEN,57 years,1964-2021,1418.0
583,SWE00140248,327.0,64.08,18.37,FREDRIKA_A,55 years,1966-2021,1420.0
584,SWE00140250,327.0,64.08,18.42,FREDRIKA,53 years,1961-2014,1421.0
585,SWE00140252,241.0,64.09,16.2397,HOTING_A,52 years,1969-2021,1422.0
586,SWE00140256,240.0,64.12,16.21,HOTING,65 years,1949-2014,1423.0
587,SWE00140260,237.0,64.2,19.72,VINDELN_SUNNANSJONAS,60 years,1961-2021,1424.0
588,SWE00140262,310.0,64.16,17.37,ASELE,70 years,1951-2021,1425.0
589,SWE00140264,307.0,64.17,17.32,ASELE_A,60 years,1961-2021,1426.0
590,SWE00140286,237.0,64.27,19.63,HALLNAS_LUND,60 years,1951-2011,1428.0
591,SWE00140352,210.0,64.55,18.72,LYCKSELE_A,60 years,1961-2021,1436.0
592,SWE00140360,234.0,64.58,18.65,LYCKSELE,52 years,1962-2014,1440.0
593,SWE00140366,48.0,64.62,21.07,SKELLEFTEA_FLYGPLATS,51 years,1970-2021,1441.0
594,SWE00140374,345.0,64.64,16.41,LAXBACKEN,72 years,1945-2017,1442.0
595,SWE00140390,360.0,64.73,13.96,JORMLIEN,54 years,1967-2021,1443.0
596,SWE00140434,296.0,64.95,19.48,STORLIDEN,68 years,1946-2014,1449.0
597,SWE00140448,4.0,65.03,21.57,RONNSKAR,53 years,1961-2014,1451.0
598,SWE00140450,4.0,65.04,21.57,RONNSKAR,63 years,1951-2014,1452.0
599,SWE00140462,420.0,65.0997,16.69,LANGVATTNET,69 years,1930-1999,1455.0
600,SWE00140474,320.0,65.19,18.75,MALA,60 years,1961-2021,1457.0
601,SWE00140482,525.0,65.2397,15.99,DIKANAS,54 years,1957-2011,1459.0
602,SWE00140494,395.0,65.28,19.67,GLOMMERSTRASK,54 years,1967-2021,1462.0
603,SWE00140502,1.0,65.31,22.37,RODKALLEN_A,60 years,1961-2021,1464.0
604,SWE00140550,360.0,65.54,17.55,SORSELE,52 years,1969-2021,1468.0
605,SWE00140554,17.0,65.5431,22.1192,LULEA_FLYGPLATS,70 years,1951-2021,1470.0
606,SWE00140560,12.0,65.58,22.11,LULEA_BERGNASET,91 years,1930-2021,1472.0
607,SWE00140568,5.0,65.62,22.13,LULEA,84 years,1930-2014,1474.0
608,SWE00140580,40.0,65.67,21.07,ALVSBYN_A,52 years,1969-2021,1475.0
609,SWE00140594,450.0,65.72,15.25,TARNABY,97 years,1917-2014,1479.0
610,SWE00140618,25.0,65.8197,21.64,BODEN,59 years,1962-2021,1481.0
611,SWE00140622,16.0,65.8197,24.12,HAPARANDA_A,52 years,1969-2021,1483.0
612,SWE00140634,180.0,65.8797,20.13,VIDSEL,56 years,1965-2021,1486.0
613,SWE00140670,431.0,66.0522,17.8431,ARJEPLOG_A,70 years,1951-2021,1492.0
614,SWE00140694,61.0,66.34,22.8,OVERKALIX_SVARTBYN,52 years,1962-2014,1494.0
615,SWE00140712,70.0,66.3797,23.65,OVERTORNEA,66 years,1955-2021,1496.0
616,SWE00140714,430.0,66.3797,17.0,JACKVIK,76 years,1945-2021,1497.0
617,SWE00140720,261.0,66.39,21.61,PALKEM,52 years,1961-2013,1499.0
618,SWE00140772,327.0,66.75,20.93,NATTAVAARA_A,60 years,1961-2021,1506.0
619,SWE00140774,350.0,66.76,21.05,NATTAVAARA_BY,52 years,1962-2014,1507.0
620,SWE00140800,320.0,66.89,18.02,KVIKKJOKK_ARRENJARKA,60 years,1961-2021,1510.0
621,SWE00140836,400.0,67.17,20.67,MALMBERGET,77 years,1944-2021,1516.0
622,SWE00140886,250.0,67.68,21.63,VITTANGI,60 years,1961-2021,1524.0
623,SWE00140898,315.0,67.76,22.35,LAINIO,60 years,1961-2021,1527.0
624,SWE00140904,459.0,67.83,20.34,KIRUNA_FLYGPLATS,64 years,1957-2021,1528.0
625,SWE00140906,470.0,67.8497,19.02,NIKKALUOKTA,53 years,1961-2014,1529.0
626,SWE00140910,466.0,67.8497,19.03,NIKKALUOKTA_A,56 years,1965-2021,1530.0
627,SWE00140916,240.0,67.94,23.44,MUODOSLOMPOLO,55 years,1959-2014,1533.0
628,SWE00140944,388.0,68.36,18.82,ABISKO,55 years,1966-2021,1538.0
629,SWE00140958,330.0,68.44,22.45,KARESUANDO_A,60 years,1961-2021,1540.0
630,SWE00140960,403.0,68.68,21.53,NAIMAKKA,60 years,1961-2021,1541.0
631,UK000003005,82.0,60.1331,-1.1831,LERWICK,92 years,1929-2021,1547.0
632,USC00500230,121.9,66.5653,-152.6425,ALLAKAKET,75 years,1907-1982,1549.0
633,USC00500243,82.9,60.9583,-149.1108,ALYESKA,58 years,1963-2021,1551.0
634,USC00500272,35.7,61.1747,-149.905,ANCHORAGE_ARCTICINT,74 years,1941-2015,1554.0
635,USC00500707,38.7,61.5633,-149.1542,BENS_FARM,52 years,1969-2021,1561.0
636,USC00501684,548.6,64.0917,-141.9211,CHICKEN,68 years,1953-2021,1574.0
637,USC00501824,196.0,61.5222,-144.4408,CHITINA,95 years,1917-2012,1575.0
638,USC00501987,262.1,65.4939,-144.6422,CIRCLE_HOT_SPRINGS,86 years,1935-2021,1577.0
639,USC00502107,182.0,64.8603,-147.8483,COLLEGE_OBSY,73 years,1948-2021,1580.0
640,USC00502156,304.8,61.9667,-145.3167,COPPER_CTR,80 years,1902-1982,1585.0
641,USC00502173,7.6,60.5561,-145.7531,CORDOVA_NORTH,64 years,1955-2019,1586.0
642,USC00502707,166.7,64.6667,-147.1,EIELSON_FLD,65 years,1946-2011,1595.0
643,USC00502965,130.1,64.8172,-147.8739,FAIRBANKS_AP_2,90 years,1929-2019,1603.0
644,USC00503165,133.5,66.5664,-145.2655,FORT_YUKON_2,96 years,1917-2013,1610.0
645,USC00503275,288.0,64.9767,-147.5211,GILMORE_CREEK,58 years,1963-2021,1614.0
646,USC00503304,421.5,62.1086,-145.5328,GLENNALLEN_KCAM,55 years,1966-2021,1616.0
647,USC00503655,6.1,62.1833,-159.7667,HOLY_CROSS,81 years,1893-1974,1619.0
648,USC00504425,21.3,60.3667,-151.3833,KASILOF_3_NW,72 years,1925-1997,1623.0
649,USC00505534,197.8,65.5225,-148.5497,LIVENGOOD_DOT,73 years,1933-2006,1635.0
650,USC00505778,630.9,63.7175,-148.9692,MCKINLEY_PARK,98 years,1923-2021,1643.0
651,USC00505881,312.4,63.9033,-152.2817,MINCHUMINA,76 years,1945-2021,1645.0
652,USC00505894,150.0,60.5028,-149.4261,MOOSE_PASS_3_NW,80 years,1941-2021,1647.0
653,USC00506581,144.8,64.7581,-147.3253,NORTH_POLE,53 years,1968-2021,1649.0
654,USC00506870,65.8,61.5889,-149.0992,PALMER_JOB_CORPS,73 years,1948-2021,1654.0
655,USC00507095,822.0,63.05,-145.45,PAXSON,54 years,1914-1968,1656.0
656,USC00507442,0.0,69.75,-163.05,POINT_LAY,64 years,1941-2005,1660.0
657,USC00507570,79.2,60.2036,-154.3164,PORT_ALSWORTH,61 years,1960-2021,1663.0
658,USC00507783,566.3,62.0911,-152.735,PUNTILLA,79 years,1942-2021,1667.0
659,USC00507977,271.0,64.2833,-146.3333,RICHARDSON,54 years,1917-1971,1669.0
660,USC00508054,15.2,61.7833,-161.3167,RUSSIAN_MISSION,59 years,1928-1987,1670.0
661,USC00508140,207.3,64.4942,-146.9767,SALCHA,91 years,1919-2010,1673.0
662,USC00508239,16.2,63.6936,-170.4808,SAVOONGA,76 years,1929-2005,1674.0
663,USC00508437,3.0,66.25,-166.0667,SHISHMAREF,86 years,1919-2005,1677.0
664,USC00508666,481.6,61.1,-155.55,SPARREVOHN,52 years,1953-2005,1684.0
665,USC00509313,495.3,63.3336,-143.0372,TOK,63 years,1954-2017,1690.0
666,USC00509759,15.2,61.5333,-149.4333,WASILLA_3_S,55 years,1944-1999,1697.0
667,USC00509798,6.1,64.6833,-163.4,WHITE_MTN,68 years,1922-1990,1701.0
668,USC00509829,18.3,60.7764,-148.6858,WHITTIER,69 years,1942-2011,1702.0
669,USR0000AFAI,138.4,64.8367,-147.615,FAIRBANKS_ALASKA,90 years,1931-2021,1722.0
670,USW00026411,131.7,64.8039,-147.8761,FAIRBANKS_INTL_AP,99 years,1922-2021,1782.0
671,USW00026412,522.1,62.9614,-141.9292,NORTHWAY_AP,79 years,1942-2021,1783.0
672,USW00026413,132.0,66.5706,-145.2342,FT_YUKON,91 years,1899-1990,1784.0
673,USW00026414,734.9,63.3333,-149.1333,SUMMIT_WSO_AP,71 years,1905-1976,1785.0
674,USW00026440,469.7,63.3783,-143.3483,TANACROSS,97 years,1904-2001,1792.0
675,USW00026445,8.2,60.0833,-142.5,YAKATAGA_AP,61 years,1943-2004,1794.0
676,USW00026508,81.1,69.3694,-152.14,UMIAT,56 years,1945-2001,1801.0
677,USW00026510,101.5,62.9575,-155.6103,MCGRATH_AP,80 years,1941-2021,1802.0
678,USW00026514,45.7,61.9772,-151.2169,SKWENTNA,77 years,1939-2016,1803.0
679,USW00026516,26.2,61.5833,-159.5333,ANIAK_AP,92 years,1921-2013,1804.0
680,USW00026533,195.7,66.9161,-151.5089,BETTLES_AP,76 years,1945-2021,1809.0
681,USW00026535,388.9,66.0,-153.7,INDIAN_MTN_AFS,51 years,1953-2004,1810.0
682,USW00026536,293.8,62.9,-155.9667,TATALINA,52 years,1953-2005,1811.0
683,USW00026615,31.1,60.785,-161.8292,BETHEL_AP,98 years,1923-2021,1814.0
684,USW00026618,7.6,65.6239,-168.0992,WALES,70 years,1925-1995,1817.0
685,USW00026627,5.5,63.8833,-160.8,UNALAKLEET_FLD,72 years,1941-2013,1819.0
686,USW00026631,15.8,68.8667,-166.1333,CAPE_LISBURNE_AFS,51 years,1954-2005,1820.0
687,USW00026633,123.1,61.7833,-166.0333,CAPE_ROMANZOF_AFS,51 years,1954-2005,1822.0
688,USW00026634,82.0,65.5667,-167.9167,TIN_CITY,51 years,1954-2005,1823.0
689,USW00026703,8.2,63.7833,-171.75,GAMBELL,77 years,1936-2013,1827.0
690,USW00027401,11.9,70.1333,-143.6333,BARTER_ISLAND_WSO_AP,74 years,1947-2021,1828.0
691,USW00027503,9.1,70.6392,-159.995,WAINWRIGHT_AP,86 years,1935-2021,1831.0
