,Code,Elevation,Latitude,Longitude,Name,Time,Time Range,Correlation1,Correlation2,Correlation3,Correlation4,Correlation5,Correlation6,Correlation7,Correlation8,Correlation9,Correlation10,Correlation11,Correlation12
0,CA002100700,504,63.6167,-135.8667,MAYO_A,88 years,1925-2013,0.207986626,0.138565354,0.315632832,0.526476642,0.234634954,0.053387241,0.399404697,0.202389209,0.049622299,0.147804349,0.03349622,0.04160814
1,CA002100880,454,62.8167,-137.3667,PELLY_RANCH,117 years,1898-2015,0.277202742,0.064753035,0.347159209,0.580721127,0.288710659,0.268833633,0.292900512,0.219170738,0.257454925,0.236557719,0.062372537,0.050650159
2,CA002101100,705,60.1667,-132.7333,TESLIN_A,70 years,1943-2013,0.160500985,-0.131476663,0.208016528,0.511884121,0.522059519,0.049150641,0.249889029,0.413265599,0.100261695,0.274899966,0.237311638,-0.089771067
3,CA002101200,687,60.1167,-128.8167,WATSON_LAKE_A,76 years,1938-2014,0.270558056,0.082804366,-0.068056083,0.336353221,0.442345063,0.084101848,0.209205356,0.41453444,0.121670562,0.299588106,0.079022082,-0.014260224
4,CA002101300,706,60.7167,-135.0667,WHITEHORSE_A,79 years,1942-2021,0.208854915,-0.020291121,0.204585464,0.514203777,0.334206686,0.056821929,0.271467687,0.321164132,0.088089777,0.36759991,0.159001565,-0.057143904
5,CA002101415,707,60.7333,-135.0833,WHITEHORSE_WSO,71 years,1942-2013,0.231389504,-0.016777166,0.20444208,0.517179369,0.321397815,0.031969016,0.233987384,0.386303276,0.106705297,0.423177962,0.119381564,-0.094361305
6,CA002200100,6,68.2167,-135,AKLAVIK_A,83 years,1926-2009,0.144319076,-0.018485646,0.274541022,0.438203572,0.287617478,-0.006223593,0.460851265,0.138204367,0.107196176,-0.031923988,0.114243985,0.15645661
7,CA002201400,81,66.2333,-128.65,FORT_GOOD_HOPE_A,101 years,1909-2010,0.154328583,-0.146016576,0.271624101,0.579973647,0.375448497,0.173807062,0.198103146,0.106485132,0.199569167,-0.093217789,-0.109956452,-0.353788445
8,CA002201700,100,64.9167,-125.5667,TULITA_A,99 years,1908-2007,-0.31746763,0.16325276,0.421161393,0.627039862,0.183627697,0.127166776,0.27693713,0.079950938,0.265161334,0.516672838,0.393208457,-0.404245956
9,CA002201900,166,62.7167,-109.1667,FORT_RELIANCE,65 years,1948-2013,0.142432397,0.268955458,0.086283698,0.44963079,0.426348499,0.564815241,0.435389777,0.013984224,0.346760986,0.323911546,0.301159145,0.080638402
10,CA002202000,160,61.1833,-113.6833,FORT_RESOLUTION_A,77 years,1930-2007,-0.230844605,0.087788657,0.074321661,0.46872507,0.308721131,0.297649528,0.246677462,0.177309481,0.250199784,0.189114878,0.200954545,-0.371024338
11,CA002202100,132,61.8667,-121.35,FORT_SIMPSON,109 years,1895-2004,-0.163664285,0.07093892,0.299968932,0.357272959,0.268908957,0.341722048,0.22354248,0.225325399,-0.112052469,0.158563156,0.288234517,-0.266759823
12,CA002202101,169,61.7667,-121.2333,FORT_SIMPSON_A,93 years,1921-2014,0.094216693,0.096163401,0.290410086,0.509596364,0.284011764,0.177504777,0.301888495,0.087636897,0.083390754,0.166049815,0.157589796,0.049619294
13,CA002202115,169,61.7667,-121.2333,FORT_SIMPSON,126 years,1895-2021,0.10520821,0.08512151,0.275728937,0.487965639,0.266333443,0.189303704,0.258842478,0.074218291,0.104226157,0.15566039,0.165314481,0.050781638
14,CA002202196,183,60,-111.9333,FORT_SMITH,91 years,1913-2004,0.202962753,0.20449661,0.235747316,0.374154275,0.336847236,0.364218706,0.382369275,0.048241823,0.120727569,0.238135391,0.303860597,-0.093345796
15,CA002202198,207,60,-111.8667,FORT_SMITH,76 years,1928-2004,0.203250828,0.201149121,0.22155628,0.211996937,0.053019903,0.356663266,0.357185536,0.052129378,0.103636152,0.228804887,0.253077647,-0.065777339
16,CA002202200,205,60.0167,-111.9667,FORT_SMITH_A,90 years,1931-2021,0.204498608,0.208302206,0.251940723,0.3642216,0.338486114,0.384922793,0.352177523,0.048296818,0.132124137,0.22740381,0.319029516,-0.018949538
17,CA002202398,161,60.85,-115.95,HAY_RIVER,111 years,1893-2004,1,1,-1,1,0.990705999,0.253512292,1,-1,1,1,0.560768059,-1
18,CA002202400,165,60.8333,-115.7833,HAY_RIVER_A,128 years,1893-2021,0.125320661,0.15529242,0.118108169,0.429965922,0.450701039,0.201895899,0.271951204,0.083331,0.155731239,0.231366224,0.295579457,0.011216813
19,CA002202800,73,65.2833,-126.8,NORMAN_WELLS_A,70 years,1943-2013,0.044704498,-0.07018801,0.284549993,0.509389137,0.343576624,0.216084689,0.321636011,0.078683975,0.133985815,0.100617148,-0.105657415,0.068271574
20,CA002202801,73,65.2833,-126.8,NORMAN_WELLS,76 years,1945-2021,0.003215342,-0.057833234,0.288824576,0.503008213,0.338463727,0.24918901,0.308232594,0.151209258,0.152030752,0.046918468,0.011622653,0.145572094
21,CA002204000,150,63.2167,-123.4333,WRIGLEY_A,64 years,1943-2007,0.05322329,-0.147307625,0.171117177,0.544190719,0.513168959,0.157699187,0.254218015,0.099793358,0.115288373,0.035608288,0.009913339,-0.197246708
22,CA002204100,206,62.4667,-114.4333,YELLOWKNIFE_A,70 years,1942-2012,0.113486514,0.199140329,0.134150964,0.441600352,0.369491596,0.378676847,0.324748502,0.155556937,0.261779776,0.27206772,0.288797988,-0.015022839
23,CA002300500,19,64.3,-96.0833,BAKER_LAKE_A,75 years,1946-2021,0.085899427,0.093780156,0.017866008,0.253109017,0.555101784,0.625122128,0.416326955,0.251419241,0.55670576,0.400813305,0.216589649,0.087671268
24,CA002300707,10,63.35,-90.7333,CHESTERFIELD_INLET_A,82 years,1931-2013,-0.009739491,-0.025329311,0.058578373,0.22846421,0.595924181,0.70864286,0.432784291,0.364095952,0.553672313,0.532416133,0.09339327,0.053750367
25,CA002300900,9,67.8333,-115.1167,COPPERMINE,74 years,1930-2004,0.066737641,0.229055351,0.161956488,0.242555039,0.365818696,0.659792496,0.316413367,0.264572012,0.285635397,0.11678425,0.365422465,0.071170601
26,CA002300902,23,67.8167,-115.15,KUGLUKTUK_A,77 years,1944-2021,0.004781244,0.267816052,0.310215454,0.146904127,0.276450457,0.505237115,0.376797549,0.143422901,0.273463792,0.098751424,0.493212011,0.2227137
27,CA002301000,62,64.2,-83.3667,CORAL_HARBOUR_A,88 years,1933-2021,0.136757297,-0.0193536,0.218003853,0.109246826,0.510100038,0.525225905,0.411740184,0.336301665,0.435508469,0.416636674,0.212463797,0.132080078
28,CA002400400,22,73.0333,-85.15,ARCTIC_BAY,65 years,1937-2002,0.478051148,-0.111811487,0.048017395,-0.233024734,0.396957427,0.254838761,0.265142829,0.269328309,0.106807125,-0.094822169,0.528194859,-0.149502528
29,CA002400600,31,69.1,-105.1333,CAMBRIDGE_BAY_A,92 years,1929-2021,-0.020665327,0.043366832,0.093973531,0.117007963,0.472184827,0.575449576,0.472291187,0.489833981,0.475247813,0.146485312,0.245198692,-0.040150071
30,CA002400602,19,69.1,-105.1333,CAMBRIDGE_BAY_GSN,80 years,1941-2021,-0.024259887,0.043359018,0.061160982,0.098643899,0.467869553,0.591080834,0.482713954,0.500727212,0.467884097,0.126942528,0.220124206,0.042101104
31,CA002400800,27,70.4833,-68.5167,CLYDE_A,75 years,1933-2008,0.359879659,0.140407101,0.047887473,0.090832824,0.260639949,0.664100906,0.363956617,0.490275168,0.313926406,0.476801655,0.390575268,0.192634858
32,CA002401200,10,79.9833,-85.9333,EUREKA,74 years,1947-2021,-0.035869366,0.049024953,0.223785441,0.316708133,0.416216296,0.421490316,0.177705434,0.291485371,0.269998021,0.141141422,0.326235257,0.11327063
33,CA002402590,34,63.75,-68.55,IQALUIT_A,64 years,1946-2010,0.355188703,0.061662478,0.055227184,0.134240881,0.401228288,0.417788362,0.270045884,0.34512894,0.284537339,0.377066811,0.151419166,0.115581681
34,CA002402594,22,63.75,-68.55,IQALUIT_UA,79 years,1942-2021,0.315852886,0.330106606,0.269310856,0.403538776,0.312506528,0.233646211,0.199893299,0.226927381,0.199389506,0.460783051,0.138738022,0.221642372
35,CA002402600,25,78.7833,-103.5333,ISACHSEN,65 years,1948-2013,0.006165972,0.207004983,0.072165269,0.315812313,0.281345885,0.521253715,0.237704492,0.262775693,0.297472217,-0.218136893,0.267052316,0.031960147
36,CA002402604,58,78.8,-103.55,ISACHSEN_AUT,73 years,1948-2021,0.316720097,-0.342267865,0.005368685,0.451595881,0.493154036,0.103896927,0.24734802,0.493487888,0.102394143,0.050866378,0.49298231,0.341408839
37,CA002403050,15,66.1333,-65.7333,PANGNIRTUNG,90 years,1925-2015,,,,,,,,,,,,
38,CA002403500,68,74.7167,-94.9667,RESOLUTE_CARS,74 years,1947-2021,-0.069681478,0.00633707,0.067264316,0.101447787,0.327861036,0.467026839,0.306298393,0.359852981,0.381119155,0.08127818,0.173683023,0.200453362
39,CA002403505,30,74.7167,-94.9833,RESOLUTE_CS,73 years,1948-2021,-0.036938479,0.004780137,0.066162127,0.06169922,0.303191242,0.46255729,0.302592988,0.355402949,0.38029993,0.08270179,0.112271359,0.000489681
40,CA002403602,369,61.6,-64.6333,RESOLUTION_ISLAND,90 years,1931-2021,0.429568103,0.334713342,0.405215983,0.297833596,0.58464042,0.103143455,0.722574581,0.134362907,0.657480772,0.589892473,0.571907357,0.254192919
41,CA002502700,12,76.2333,-119.3333,MOULD_BAY_A,65 years,1948-2013,-0.019620104,0.101426483,0.203387292,0.437723965,0.249002796,0.361487064,0.207909353,0.484735373,0.185299664,-0.238893161,0.169539085,-0.115001835
42,CAXLT660207,0,63.8,-68.6,FROBISHER_BAY,59 years,1942-2001,0.378506522,0.078551867,0.11620937,0.018304532,0.315318557,0.402924019,0.29575013,0.356742207,0.248561054,0.311704621,0.13758908,0.15391999
43,DAM00006011,61,62.017,-6.767,TORSHAVN,154 years,1867-2021,0.143870164,0.365486993,0.248065357,0.192355761,0.08818091,0.266816569,0.683452012,0.312146445,0.041305867,0.012469587,0.262902784,0.014463623
44,FI000000304,4,60.1667,24.95,HELSINKI_KAISANIEMI_AWS,192 years,1829-2021,0.581500644,0.400326959,0.316263457,0.112911976,0.013579401,0.260464516,0.299713512,0.320254917,0.2285719,0.384656487,0.01164998,0.104175469
45,FI000007501,179,67.3678,26.6328,SODANKYLA_AWS,115 years,1906-2021,0.398715583,0.3869196,0.121136672,0.189856557,0.0452426,0.211616859,0.18552015,0.186713198,0.237031363,0.316305929,0.040034228,0.176737801
46,FIE00142004,57,60.45,22.2831,TURKU_KUPITTAA,260 years,1750-2010,0.540090706,-0.022885937,0.385835151,0.270612711,0.125616576,0.297245373,0.454272821,0.704467908,0.332904611,0.808781675,0.299338603,0.22346282
47,FIE00142080,51,60.3269,24.9603,VANTAA_HELSINKI_VANTAAN_LENTOA,192 years,1829-2021,0.5160768,0.405818097,0.194455773,-0.00868508,-0.017031773,0.384447944,0.275001172,0.379378426,0.286022526,0.379601316,0.040044031,0.118876966
48,FIE00142090,5,60.1,24.9167,HELSINKI_KATAJALUOTO,185 years,1829-2014,0.517334143,0.449362901,0.397267684,0.301584255,0.035539576,0.148372493,0.283433389,0.246364069,0.341144533,0.475961616,0.039991019,0.10576068
49,FIE00142096,2,60.1831,24.8331,ESPOO_OTANIEMI,185 years,1829-2014,0.455858081,0.276313073,0.302918861,0.12653238,0.083564824,0.380770289,0.433632356,0.48312772,0.476985223,0.457071299,0.123704116,0.005762026
50,FIE00142111,14,60.2667,24.9667,HELSINGIN_MLK_TAMMISTO,185 years,1829-2014,0.563675324,0.381027255,0.257711526,0.075710803,0.002433355,0.338412137,0.322090597,0.486890897,0.340070868,0.340551573,0.043663285,0.127149307
51,FIE00142185,3,60.1044,24.9783,HELSINKI_HARMAJA,192 years,1829-2021,0.613684811,0.339474823,0.343642589,0.385334772,0.150965295,0.147504509,0.290234851,0.42503467,0.301178298,0.491732992,0.094602532,0.104686773
52,FIE00142226,24,60.2028,24.9642,HELSINKI_KUMPULA,192 years,1829-2021,0.395840651,0.311474322,0.395722251,0.134988383,0.111975385,0.37223779,0.418290086,0.386406618,0.279556987,0.356361983,0.132404282,-0.030016108
53,FIE00142235,3,60.1714,24.9478,HELSINKI_RAUTATIENTORI,186 years,1829-2015,0.395840651,0.311474322,0.395722251,0.134988383,0.111975385,0.37223779,0.418290086,0.386406618,0.279556987,0.356361983,0.132404282,-0.030016108
54,FIE00142241,15,60.2531,25.0481,HELSINKI_MALMIN_LENTOASEMA,192 years,1829-2021,0.566143432,0.392080201,0.24477911,0.064145069,-0.002440715,0.281435643,0.337367633,0.459773593,0.220324145,0.352232248,0.033573583,0.143378841
55,FIE00142246,10,60.1331,25,VALLISAARI,185 years,1829-2014,0.427543502,0.488408945,0.343640834,0.13461384,0.136705167,0.080348102,0.435514721,0.336706927,0.242053934,0.472863361,0.081978071,0.078655932
56,FIE00142251,8,60.2167,25.0331,HELSINKI_VIIKIN_KOETILA,185 years,1829-2014,0.573674819,0.435953932,0.350968738,0.137003452,0.059013272,0.341405184,0.327821619,0.425156295,0.236206646,0.4470059,0.08988128,0.116400335
57,FIE00142296,22,60.2,25.0831,HELSINKI_MARJANIEMI,185 years,1829-2014,0.574914099,0.417662417,0.289465972,0.072902926,-0.009882424,0.3440826,0.349736941,0.429049074,0.272652538,0.320504363,0.107383613,-0.0017628
58,FIE00142311,4,60.1042,25.0708,HELSINKI_ISOSAARI,185 years,1829-2014,0.722774668,0.422808511,0.34789639,0.366984726,0.221233123,0.268146975,0.315678215,0.259515166,0.273124476,0.450290031,0.048383792,0.1553112
59,FIE00142320,5,60.2,25.0494,HELSINKI_HERTTONIEMI,185 years,1829-2014,0.537139963,0.362476997,0.257103079,0.167598026,-0.013365565,0.29191983,0.423891964,0.435769146,0.289733533,0.454445094,0.083747345,0.168561566
60,FIE00145436,132,64.2831,27.6667,KAJAANI_LENTOASEMA,128 years,1886-2014,0.356287234,-0.231160182,0.572151965,0.05358678,0.181544806,-0.428587562,-0.156438219,0.532127793,0.316821818,0.474024676,0.261016031,0.269256177
61,FIE00145672,10,64.9375,25.3756,OULUNSALO_PELLONPAA,245 years,1776-2021,0.718688757,0.426943394,0.327199,-0.131998351,0.214824889,-0.473908614,0.224566692,0.464071634,-0.152709416,0.617691785,-0.468735441,0.504310614
62,GL000004250,80,64.1667,-51.75,NUUK,155 years,1866-2021,0.445380459,0.364384908,0.200300223,0.306308516,0.502153433,0.405299396,0.451977077,0.404702663,0.176340341,0.020640954,-0.181699218,0.210630207
63,GL000004360,50,65.5997,-37.6331,TASIILAQ,126 years,1895-2021,0.114212503,0.434189803,0.458155689,0.305931216,0.581565958,0.37838004,0.717443023,0.061996557,0.087149031,0.257175947,0.266614222,0.002412954
64,GLE00100981,39,69.2167,-51.05,ILULISSAT_JAKOBSHAVN,147 years,1866-2013,0.561094897,0.543256694,0.34491921,0.219632554,0.339537468,0.275634248,0.604780075,0.003615835,0.166110719,-0.032392725,0.082676587,0.279218853
65,GLE00100992,29,69.2331,-51.0667,ILULISSAT_MITTARFIK,143 years,1877-2020,0.502596154,0.560565659,0.346025508,0.263992954,0.363857419,0.300897834,0.598930064,0.021826404,0.197476643,-0.021520623,0.099304798,0.224936783
66,GLE00146901,120,72.7831,-56.1667,UPERNAVIK,139 years,1873-2012,0.316585951,0.230042775,0.170720556,0.225340696,0.261880729,0.241920057,0.548654422,0.300964051,0.309980116,0.282690491,0.380706688,0.172043576
67,GLE00146961,39,69.22,-51.1,ILULISSAT,135 years,1877-2012,0.420841511,0.568653532,0.3877207,0.243139584,0.316388233,0.215358938,0.547840631,-0.001067548,0.149017691,-0.067402495,0.111732473,0.21376336
68,GLE00147481,70,70.4831,-21.95,ITTOQQORTOORMIIT,80 years,1941-2021,-0.001392468,0.233831212,0.531288202,0.333786024,0.323887274,0.403646148,0.488451692,0.394818773,0.246402226,0.453141746,0.241656325,0.014764058
69,GLM00004220,41,68.7,-52.85,AASIAAT_EGEDESMINDE,78 years,1943-2021,0.57974528,0.554658464,0.422689831,0.387176851,0.50122994,0.372715,0.538382019,0.300393719,0.186149946,0.232705697,0.305771681,0.215487845
70,GLM00004390,19,60.033,-43.117,PRINS_CHRISTIAN,78 years,1943-2021,0.303221469,0.465467389,0.163389882,0.251801265,0.472071829,0.344979665,0.511966146,0.526917475,0.46662098,-0.056642617,0.210533534,0.169684975
71,GLW00016504,50.3,67.0167,-50.8,SONDRESTROM,71 years,1949-2020,0.347141483,0.435106617,0.329413919,0.304694082,0.388152339,0.267192009,0.303944786,0.100016795,0.085106779,-0.117093728,0.015702388,0.127766539
72,GLW00017605,77.1,76.5167,-68.8333,THULE_OP_SITE,75 years,1946-2021,0.449737829,0.380686989,0.273079816,0.570692037,0.365392736,0.67255962,0.61113717,0.416953051,0.040545442,0.546599933,0.403085656,0.289604858
73,IC000004013,15,65.0733,-22.7275,STYKKISHOLMUR,175 years,1846-2021,0.062708179,0.389343516,0.359567454,0.079653984,0.219247422,0.198119621,0.514555191,-0.016023809,0.102038404,0.134086058,0.278905224,0.057775602
74,IC000004030,52,64.1331,-21.9,REYKJAVIK,120 years,1901-2021,0.041501178,0.37822401,0.402044064,0.112413503,0.244521352,0.340506389,0.523957324,0.137574766,0.01089151,0.069098818,0.169436456,0.007736061
75,IC000004048,118,63.4,-20.2831,VESTMANNAEYJAR,137 years,1884-2021,0.051598626,0.308772568,0.382394064,-0.081215045,0.344815882,0.543856936,0.701164398,0.398795755,0.13317207,0.109290302,0.145022464,-0.12946366
76,IC000004063,27,65.68,-18.0794,AKUREYRI,139 years,1882-2021,-0.009600199,0.322554681,0.319996125,0.067859814,-0.070430611,0.017838422,0.48825669,0.110459789,0.087475472,0.02275562,0.220078022,0.043409332
77,IC000004092,23,64.6831,-15.2275,TEIGARHORN,72 years,1937-2009,-0.039929457,0.413838626,0.307743614,0.1516042,0.332211367,0.365733356,0.674023593,0.44120749,0.235423509,0.036234737,0.215138193,-0.10416854
78,IC000004097,9,65.2667,-13.5831,DALATANGI,72 years,1949-2021,0.009715177,0.354188455,0.297471413,0.123758537,0.206364848,0.200550859,0.602423566,0.379581285,0.243123156,0.10968955,0.272960369,-0.086052843
79,ICW00016201,50.3,63.9667,-22.6,KEFLAVIK,78 years,1943-2021,0.136577189,0.39277147,0.396800881,0.154653581,0.272479059,0.46176044,0.579796329,0.20677281,-0.04619148,0.01074585,0.107801575,-0.047120368
80,JN000099950,10,70.93,-7.33,JAN_MAYEN,84 years,1937-2021,0.241944156,0.373009181,0.386887605,0.230905275,0.476638259,0.398504619,0.476333011,0.536340168,0.272787496,0.396416904,0.462313682,0.100843253
81,NO000001026,100,69.6539,18.9281,TROMSO,154 years,1867-2021,0.189654079,0.383576074,0.233301584,0.303846871,0.187050555,0.24645049,0.400228903,0.219702341,0.145948377,0.188239195,0.028905583,0.143270338
82,NO000011520,13,67.267,14.367,BODO_VI,147 years,1868-2015,0.181185322,0.301770995,0.316338945,0.121058082,0.101239596,0.438752846,0.231995937,0.137459318,-0.025958665,0.342522913,0.042688804,0.236922196
83,NO000050550,40,60.4,5.317,BERGEN_FREDRIKSBERG,188 years,1816-2004,0.505615894,0.36488553,0.238691295,0.12082896,0.127317275,0.129267553,0.389481456,0.018693357,0.055090296,0.272320456,0.288171593,0.11041594
84,NO000068330,242,63.2,11.117,SELBU_STUBBE,86 years,1920-2006,0.399927396,0.414921152,0.181631821,0.050050541,0.371154074,0.074071329,0.387081434,0.262000509,0.08658661,0.181593451,0.402362657,0.244769806
85,NO000080700,39,66.8167,13.9831,GLOMFJORD,78 years,1943-2021,0.330010512,0.331811549,0.09956827,0.003722744,0.1081787,0.344798738,0.305068762,0.190331694,0.077108356,0.35270484,0.123553595,0.272145223
86,NO000097250,129,69.4667,25.5031,KARASJOK,139 years,1876-2015,0.240069213,0.443870344,0.1981876,0.265741367,0.161727165,0.277400713,0.29228082,0.23574273,0.243689731,0.204985775,0.062575947,0.240735638
87,NO000098550,15,70.367,31.1,VARDO,192 years,1829-2021,0.472107885,0.413869787,0.364462267,0.297636215,0.288839834,0.399969255,0.391079549,0.23931714,0.328851463,0.258848439,0.048027339,0.068006706
88,NO000099710,16,74.5167,19.0167,BJOERNOEYA,84 years,1937-2021,0.396557961,0.247250336,0.51875334,0.453003815,0.470339996,0.534231848,0.358909503,0.372148181,0.390978034,0.457035023,0.531935093,0.201900539
89,NOE00105467,11,67.2669,14.3589,BODOE_VI,81 years,1940-2021,0.327772871,0.391840146,0.149864956,0.18439357,0.084643929,0.369166183,0.349598191,0.298245259,0.109771317,0.321053797,0.005883176,0.241279593
90,NOE00105476,6,76.5,25.0667,HOPEN,76 years,1945-2021,0.487133757,0.217689342,0.491548322,0.331067297,0.440734416,0.589285479,0.653019533,0.573849161,0.443951144,0.553540105,0.573187672,0.185240936
91,NOE00105477,10,70.9331,-8.6667,JAN_MAYEN,94 years,1921-2015,0.24424802,0.331664234,0.412267539,0.240246452,0.494430919,0.395617009,0.494936503,0.519352179,0.285414869,0.400792838,0.445445081,0.104745895
92,NOE00105482,167,60.5683,9.1217,NESBYEN_SKOGLUND,71 years,1943-2014,0.647917919,0.4074249,0.284214745,0.332135592,0.266990332,-0.048074328,0.567952657,0.35307555,0.032068847,0.340471756,0.423231585,0.154489478
93,NOE00105494,14,70.3669,31.0844,VARDOE,90 years,1931-2021,0.458535513,0.418331471,0.340474391,0.292229392,0.298442937,0.386797975,0.42349518,0.2614944,0.318228403,0.254739817,0.032580757,0.058164825
94,NOE00105498,131,69.4633,25.5019,KARASJOK_MARKANNJARGA,78 years,1943-2021,0.277962616,0.789556616,0.72354803,0.90495378,0.692485415,0.206072991,-0.002050505,0.477406875,0.604305916,-0.508929067,0.742621617,0.422100589
95,NOE00105503,166,60.5669,9.1333,NESBYEN_TODOKK,78 years,1943-2021,0.0603658,0.098768594,0.285520452,0.325924658,-0.113237931,0.097729588,0.75922337,0.743381432,0.313738199,0.071101825,0.871070268,0.302200887
96,NOE00109394,76,69.0589,18.5403,BARDUFOSS,75 years,1946-2021,0.188152575,0.413735673,0.125588418,0.289157962,0.167548524,0.298961303,0.315922383,0.252733653,0.133511894,0.167077356,0.039493839,0.277627952
97,NOE00109514,202,60.2064,11.0803,GARDERMOEN,81 years,1940-2021,0.68336565,0.43574819,0.295008648,0.243504083,0.157356534,-0.109140537,0.536606317,0.366031424,0.122911394,0.383485547,0.342585981,0.106556666
98,NOE00109719,11,62.8667,6.55,ONA,146 years,1868-2014,0.361376075,0.353802942,0.487785441,0.385443733,0.504211116,0.453747029,0.630128233,0.468946607,0.638861443,0.438831348,0.446341357,-0.094221657
99,NOE00111040,127,63.4106,10.4533,TRONDHEIMVOLL,260 years,1761-2021,0.460352748,0.367903215,0.183555986,0.294925919,0.219752655,0.2279617,0.33428821,0.154545363,0.21691348,0.598988209,0.037127001,0.10723036
100,NOE00111273,228,68.7781,19.71,DIVIDALEN,76 years,1938-2014,0.194934074,0.409177808,0.099187128,0.258801609,0.053297938,0.269635531,0.333659397,0.210887535,0.020576327,0.269629963,0.015049657,0.199163259
101,NOE00111363,7,78.0667,13.6331,ISFJORD_RADIO,109 years,1912-2021,0.513614785,0.291216065,0.44859049,0.313544803,0.560734361,0.530791396,0.670038926,0.333815098,0.391939567,0.622467227,0.532831677,0.150907507
102,NOE00111385,6,66,2,MIKE,60 years,1949-2009,-0.017207124,0.125548706,0.317830036,0.304209286,0.34451832,0.496919574,0.646959276,0.447216433,0.305590888,0.362199507,0.445324562,-0.162431411
103,NOE00112071,12,63.5,10.89,VAERNES,81 years,1940-2021,0.524796045,0.35404707,0.223018606,0.189040234,0.161038247,0.178371982,0.326958338,0.04656238,0.054782311,0.374687081,0.131842787,0.115835653
104,NOE00134898,8,69.6767,18.9131,TROMSOLANGNES,165 years,1856-2021,0.191487917,0.406275975,0.244418263,0.348128899,0.15274882,0.280442944,0.461345425,0.199927466,0.231717209,0.17753793,-0.006175851,0.175263838
105,NOM00001089,91,69.733,29.9,KIRKENES,95 years,1918-2013,0.863563978,0.67124572,-0.57112916,-0.845636393,,,,-0.264356864,-0.99566204,0.989269428,-0.791703796,-0.382834815
106,NOM00001233,638,62.083,9.117,DOMBAAS,157 years,1864-2021,0.516560845,0.267200599,-0.083484711,0.07942726,0.033920497,0.214355796,0.313084814,-0.028044496,0.176298601,0.088426884,0.56761922,0.156525643
107,NOM00001238,952,62.1167,9.2831,FOKSTUA,98 years,1923-2021,0.585576319,0.382527025,0.052862039,0.157119278,0.243987376,-0.072470978,0.390862076,0.11889569,-0.076468705,0.230867881,0.232202152,0.289274728
108,NON00006020,185,60.6141,12.0125,FLISA_II,93 years,1919-2012,0.645434049,0.38721435,0.210073212,0.016866725,0.215090636,0.051268371,0.334454056,0.239911962,0.071792625,0.321385338,0.472001308,0.079191981
109,NON00009310,1012,62.2207,9.5423,HJERKINN_II,121 years,1891-2012,,,,,,,,,,,,
110,NON00028922,275,60.0435,9.1468,VEGGLI_II,115 years,1897-2012,,,,,,,,,,,,
111,NON00049490,12,60.3185,6.6538,ULLENSVANG_FORSOKSGARD,147 years,1865-2012,0.530274803,0.525097651,-0.184343932,0.169878701,0.223106938,0.310049483,0.183816351,-0.058852174,-0.073074425,-0.117727705,0.359380702,0.370393336
112,NON00050300,408,60.3933,5.9133,KVAMSKOGEN,59 years,1947-2006,0.485096792,0.478952945,0.247394396,0.31753918,0.09619023,0.244303509,0.45530776,0.18336322,-0.189728453,0.113759933,0.378187616,0.30903162
113,NON00052290,114,60.841,5.9533,MODALEN_II,67 years,1945-2012,0.618398033,0.540216994,0.295604594,0.28908423,0.361775898,0.219583495,0.405770514,0.201985937,-0.053624362,0.303990757,0.253053373,0.244131999
114,NON00052530,20,60.7528,4.7106,HELLISOY_FYR,138 years,1867-2005,0.619205246,0.308864816,0.099293135,0.258687831,0.340945838,0.381632121,0.342208272,0.115278933,0.086277074,0.258163106,0.513061005,0.01214727
115,NON00053100,51,61.1725,6.6455,VANGSNES,91 years,1921-2012,0.46777682,0.396701373,0.21503431,0.114214188,0.316725778,0.298814289,0.305898208,0.02411692,0.082716002,0.407762442,0.334036754,0.226166006
116,NON00055230,2062,61.5158,7.9058,FANNARAKI,81 years,1931-2012,0.399047604,0.458325783,0.232104346,0.478155243,0.363755381,0.339833173,0.229683326,0.155193267,0.024640073,0.159490064,0.236903868,0.301756392
117,NON00059100,38,62.0346,4.9859,KRAKENES_FYR,87 years,1925-2012,0.402747291,0.342653555,0.186329836,-0.207007907,0.552283413,0.527820148,0.380281058,0.058546596,-0.052864671,0.231409458,0.331755636,0.123605719
118,NON00065100,9,63.2066,8.991,VINJEORA_II,85 years,1920-2005,0.492941101,0.485334655,0.112798345,0.019855868,0.155286616,-0.001456407,0.165430649,-0.034322316,-0.003626999,0.094502885,0.216682651,0.280909911
119,NON00075600,47,65.0975,11.7022,LEKA,62 years,1940-2002,0.369768497,0.438457852,0.146133845,0.068871575,0.056141815,0.33521132,0.13698114,0.096439774,-0.068820144,0.448153464,0.199718004,0.309258748
120,NON00080610,17,66.7628,12.486,MYKEN,92 years,1920-2012,0.241239053,0.351584922,0.297437069,0.120948859,0.295443263,0.37306989,0.172206103,0.203036578,0.136002789,0.44820669,0.09644855,0.21968452
121,NON00082400,14,67.4257,13.9246,HELLIGVAR,69 years,1943-2012,0.169242928,0.212561761,0.160761435,-0.07316279,0.190250829,0.631416096,0.528832315,-0.007756299,0.314093432,0.455007726,0.157360022,0.420196007
122,NON00087100,5,69.3237,16.1199,ANDENES,145 years,1867-2012,0.432945287,0.548974766,0.504009562,0.375215824,0.304291473,0.241891418,0.170440677,0.232256408,0.369503177,0.516470927,0.322284424,0.440148337
123,NON00091350,46,69.3777,20.3024,SKIBOTN,64 years,1948-2012,-0.170836304,0.292963727,0.183984065,0.133788925,0.360095261,0.33027093,0.172052357,0.275951848,0.225434963,0.145051801,0.035097818,0.240287398
124,NOXLT905825,11,69.5,19,TROMO_SKATTO,148 years,1856-2004,0.132492272,0.389890933,0.283380936,0.33037757,0.174454297,0.354406429,0.423720619,0.239664291,0.285096692,0.143499558,0.04799281,0.264695476
125,RSM00020069,10,79.5,76.98,OSTROV_VIZE,76 years,1945-2021,0.23656405,0.221653121,0.391333922,0.166280427,0.256186289,0.197387398,0.355827225,0.357414307,0.552391869,0.363170213,0.426605292,0.064725532
126,RSM00020087,7,79.55,90.62,OSTROV_GOLOMJANNYJ,91 years,1930-2021,0.161763261,0.261720928,0.460886981,0.188770119,0.34027182,0.091465122,0.530535475,0.643200105,0.659241736,0.553652528,0.450630895,0.005738184
127,RSM00020292,12,77.72,104.3,GMO_IMEKFEDOROVA,89 years,1932-2021,0.267028127,0.338944369,0.495942788,0.293071655,0.300819858,0.163610068,0.388296745,0.246197731,0.429802401,0.345306087,0.42463232,-0.051383276
128,RSM00020353,10,76.85,68.55,MYS_ZELANIJA,84 years,1931-2015,0.257208534,0.434609819,0.41504739,0.234426538,0.205658357,0.296722125,0.566824575,0.584415674,0.391775877,0.374966584,0.386439759,0.014915339
129,RSM00020476,10,75.42,88.9,STERLEGOVA,87 years,1934-2021,0.295917723,0.271657004,0.280892283,0.198395648,0.007870115,0.017323753,0.213906046,0.310495587,0.459417541,0.252589166,0.311872126,-0.132657887
130,RSM00020667,6,73.33,70.0294,BELY_ISLAND,87 years,1934-2021,0.175577747,0.424254141,0.11689576,0.217820886,0.24971025,0.30590669,0.449420667,0.46969817,0.280191243,0.280179383,0.271560155,0.036851104
131,RSM00020674,42,73.5,80.4,DIKSON,105 years,1916-2021,0.264500058,0.392926786,0.287211065,0.209851835,0.138564927,0.151323937,0.322247506,0.248637096,0.358022952,0.294577395,0.267326657,-0.155998005
132,RSM00020744,18,72.3794,52.73,MALIYE_KARMAKULY,124 years,1897-2021,0.287700129,0.417633286,0.132181614,0.275504295,0.369973301,0.368242584,0.445298639,0.240343255,0.21777848,0.242725896,0.252831901,0.00564149
133,RSM00020891,31,71.9831,102.4667,HATANGA,93 years,1928-2021,0.225636732,0.284267874,0.179263823,0.291691831,0.203848449,0.183369199,0.014967176,-0.019453901,0.420864068,0.360736937,0.292875896,-0.085419519
134,RSM00020946,13,70.45,59.08,IMEKFEDOROVABOLVANSKII_NOS,105 years,1914-2019,0.321342606,0.318301577,0.052848739,0.266362017,0.485681111,0.547808714,0.608399142,0.572049831,0.260686837,0.460554396,0.319572832,0.120173832
135,RSM00020982,37,70.97,94.5,VOLOCHANKA,85 years,1936-2021,0.284196947,0.292266228,0.101449768,0.130103936,0.102212963,0.219319719,-0.11261363,-0.099313096,0.374248362,0.388606366,0.263676312,-0.020305929
136,RSM00021432,12,76,137.87,OSTROV_KOTELNYJ,85 years,1936-2021,0.005017148,0.017647999,0.296180563,0.400524619,0.250861893,0.404679092,0.548652254,0.609592011,0.654694804,0.461354457,0.264386258,-0.003939163
137,RSM00021636,26,73.333,139.917,CAPE_KIGILYAKH,87 years,1934-2021,0.099662223,0.167347714,0.51266957,0.456865835,0.341803645,0.323076996,0.687545445,0.694394085,0.53505027,0.360111466,0.248411623,0.054925548
138,RSM00021802,16,71.97,114.08,SASKYLAH,85 years,1936-2021,0.152124989,0.165537761,0.172412373,0.432226958,0.29666368,0.03139855,0.05251743,0.047437843,0.39862664,0.127221393,0.346589415,-0.076752163
139,RSM00021824,6,71.58,128.9197,TIKSI,89 years,1932-2021,0.094989933,0.434504443,0.472161487,0.454781383,0.420076262,0.198806366,0.387037526,0.404759307,0.408743194,0.33575314,0.264647053,-0.014004191
140,RSM00021908,61,70.1297,113.97,DZALINDA_1,79 years,1942-2021,0.08096576,0.149617186,0.142442397,0.275247882,0.23892338,-0.024922553,0.158231055,-0.015608605,0.400554685,0.272291124,0.447510116,-0.118360641
141,RSM00021921,30,70.68,127.4,KJUSJUR,112 years,1909-2021,0.133779735,0.364297322,0.327724203,0.29292577,0.38788273,0.0120827,0.279248438,0.202923158,0.368909398,0.255513785,0.33226182,-0.03955679
142,RSM00021931,23,70.77,136.22,JUBILEJNAJA,87 years,1934-2021,0.176376429,0.464992657,0.453067835,0.426226379,0.297279525,0.187875235,0.447170732,0.401147819,0.417657723,0.289401109,0.364932681,0.031630871
143,RSM00021946,44,70.6167,147.8831,CHOKURDAH,77 years,1944-2021,-0.053622178,0.242392746,0.426832617,0.366906732,0.19122319,0.282900989,0.380218219,0.384255625,0.368613754,0.238717479,0.079872021,-0.104660619
144,RSM00021982,2,70.9831,-178.4833,OSTROV_VRANGELJA,95 years,1926-2021,0.017240635,0.274127585,0.20453067,0.477432413,0.223801651,0.222875194,0.454298525,0.391222292,0.735432744,0.330214741,0.10547502,0.013106551
145,RSM00022003,8,69.93,31.98,VAJDA_GUBA,125 years,1894-2019,0.341387707,0.515294599,0.364083373,0.289812127,0.295703085,0.419416729,0.371110475,0.193757061,0.278517967,0.151633845,-0.075031253,0.072168529
146,RSM00022019,32,69.2,33.4797,POLJARNOE,83 years,1936-2019,0.274498769,0.28408357,0.104019942,0.094900572,0.220920376,0.284681494,0.332073948,0.183678056,0.070390598,0.368592635,0.008081779,-0.077809302
147,RSM00022028,33,69.2,35.1,TERIBERKA,128 years,1893-2021,0.313611819,0.480886646,0.267241659,0.236662066,0.198331091,0.304479787,0.314747015,0.247696401,0.188991837,0.231593821,-0.127045156,-0.015593844
148,RSM00022095,23,69.53,49.08,KOLGUEV_SEVERNYI,85 years,1933-2018,0.349267459,0.354287495,0.151140805,0.351528492,0.48991176,0.465764574,0.504353977,0.260529878,0.070037166,0.255609199,0.116788791,0.001642294
149,RSM00022113,57,68.9667,33.0497,MURMANSK,103 years,1918-2021,0.317809973,0.474090624,0.248406084,0.15520861,0.074581588,0.205525509,0.311443761,0.176914261,0.243175015,0.230240527,-0.055106815,0.116440157
150,RSM00022140,70,68.15,39.82,SVYATOY_NOS_CAPECLOSED,124 years,1895-2019,0.423209283,0.563195332,0.342917406,0.219372732,0.3135619,0.360212172,0.440027794,0.200859871,0.322176503,0.39121514,-0.07583145,0.007602437
151,RSM00022165,47,68.65,43.3,KANIN_NOS,106 years,1915-2021,0.355426919,0.451167964,0.311352956,0.30116965,0.389175606,0.427168196,0.515628146,0.253175506,0.267981692,0.250989431,-0.019566844,0.065371883
152,RSM00022217,26,67.15,32.35,KANDALAKSA,109 years,1912-2021,0.34848289,0.425279371,0.138066901,0.195742227,0.012120917,0.240695567,0.304918612,0.213852529,0.270403076,0.304373927,0.048072265,0.129097949
153,RSM00022235,155,67.37,37.03,KRASNOSHELYE,89 years,1932-2021,0.301303329,0.371128016,0.216406454,0.189629933,0.03724893,0.246255675,0.305456854,0.176817355,0.196560833,0.222662665,-0.060160465,0.106117621
154,RSM00022292,4,67.7,48.77,INDIGA,98 years,1923-2021,0.285678292,0.224341859,0.086721494,0.327292408,0.440979641,0.41528001,0.488040001,0.177948058,0.100620892,0.138412362,-0.136317461,-0.029922353
155,RSM00022324,39,66.67,34.33,UMBA,85 years,1936-2021,0.440967656,0.423898592,0.117780939,0.097970948,-0.051166443,0.293666064,0.341475224,0.23333947,-0.020447294,0.290168095,0.196275945,0.178575613
156,RSM00022349,9,66.183,39.533,PJALICA,72 years,1949-2021,0.397739827,0.523460722,0.306315061,0.377808973,0.416903259,0.372634282,0.561570543,0.314248273,0.20587095,0.117090826,-0.124661755,0.122886397
157,RSM00022355,15,66.48,40.68,OSTROV_SOSNOVEZ,121 years,1897-2018,0.37022814,0.4263517,0.337097945,0.359436086,0.489879982,0.45581237,0.602470081,0.372800948,0.298916777,0.235621448,-0.037782137,0.114261889
158,RSM00022408,118,65.2,31.17,UKHTA_KALEVALA,85 years,1936-2021,0.443108064,0.401877883,0.117567341,0.123182058,-0.029087623,0.257709881,0.162535845,0.183972803,0.195662741,0.282533183,0.014662532,0.114088422
159,RSM00022422,9,65.9,34.8164,GRIDINO,103 years,1915-2018,0.426220676,0.414385333,0.263842018,0.140660127,0.192894255,0.31302297,0.348720447,0.27295663,0.408765152,0.204282847,0.055468348,0.116008054
160,RSM00022438,26,65.2,36.82,ZHIZHGIN_MAYAK,85 years,1936-2021,0.413667446,0.407169022,0.379817901,0.270602989,0.239657591,0.321118797,0.490869731,0.334631225,0.307573091,0.232584435,-0.019693835,0.078437713
161,RSM00022471,14,65.87,44.22,MEZEN,84 years,1937-2021,0.337756415,0.401002528,0.155767846,0.279402334,0.162158828,0.265328314,0.406802228,-0.048157903,0.135706369,0.00288623,-0.264129187,0.079932229
162,RSM00022520,7,64.9831,34.8164,KEM_PORT,159 years,1862-2021,0.431994943,0.381823339,0.222286875,0.157869681,0.181429688,0.268441718,0.320916645,0.234998409,0.250591675,0.211213341,0.042868685,0.134330235
163,RSM00022522,8,64.95,34.65,KEM,69 years,1937-2006,0.418190149,0.564193023,0.426536941,0.085148076,0.294480673,0.332648116,0.243570612,0.290204267,0.271674299,0.10748087,-0.043294933,0.206434174
164,RSM00022550,8,64.5,40.7331,ARHANGELSK,208 years,1813-2021,0.331076886,0.286978723,0.152742741,0.112310303,-0.03207224,0.191010665,0.305485746,0.068104903,0.209263554,0.084684788,-0.152405684,0.064488163
165,RSM00022563,31,64.7,43.383,PINEGA,72 years,1949-2021,0.307821706,0.511865032,0.009404345,0.127554115,0.125834251,0.302859484,0.123861447,0.097985082,-0.044635549,0.318817311,-0.187324121,0.051036912
166,RSM00022583,63,64.75,47.65,KOJNAS,109 years,1912-2021,0.263208108,0.224876347,0.089258632,0.162649082,0.227553687,0.241026275,0.34604135,-0.026371055,0.126656892,0.019309146,-0.182134772,-0.077721772
167,RSM00022602,180,63.82,30.82,REBOLY,107 years,1914-2021,0.446245699,0.335743365,0.150975108,0.129098707,-0.084742467,0.213196366,0.182189183,0.173944166,0.225366927,0.272345466,-0.044750282,0.10327458
168,RSM00022641,13,63.9,38.1167,ONEGA,134 years,1887-2021,0.361240066,0.278211972,0.178791086,0.080522004,-0.073539957,0.232331839,0.27539527,0.084214006,0.257668325,0.161163139,-0.116549696,0.051664843
169,RSM00022721,81,62.917,34.433,MEDVEZEGORSK,72 years,1949-2021,0.369818116,0.512594908,0.293755219,0.083883198,-0.074666336,0.325652863,0.213520024,0.282695798,0.295568778,0.131197678,-0.06834203,0.176091225
170,RSM00022768,47,62.1,42.9,SHENKURSK,137 years,1884-2021,0.369811377,0.143621911,0.091844838,-0.034363088,-0.112801077,0.251922527,0.291177403,0.032676889,0.137777542,0.045289239,-0.151243325,-0.126539751
171,RSM00022802,17,61.7167,30.7167,SORTAVALA,140 years,1881-2021,0.460988833,0.34841121,0.327164033,0.121928714,-0.067284867,0.315753014,0.24429413,0.342863314,0.297872229,0.285654634,-0.02752434,0.049397458
172,RSM00022820,110,61.8167,34.2667,PETROZAWODSK,205 years,1816-2021,0.409429516,0.292123412,0.190828882,-0.037340518,-0.120381815,0.346289556,0.278182407,0.260260078,0.330283221,0.23344019,-0.100801406,0.041672597
173,RSM00022837,55,61.0167,36.45,VYTEGRA,140 years,1881-2021,0.354161234,0.257606969,0.293651993,0.018407523,-0.076114493,0.293622349,0.326723387,0.210704741,0.298857764,0.148163791,-0.118878476,-0.016921086
174,RSM00022845,124,61.5,38.93,KARGOPOL,138 years,1883-2021,0.353546351,0.253899437,0.266278374,0.038673848,-0.140863372,0.290982049,0.318994754,0.127222142,0.256577646,0.11490697,-0.135304924,-0.01629926
175,RSM00022854,233,61.7,40.2,NJANDOMA,72 years,1949-2021,0.321681919,0.224395516,0.194282922,0.010818781,-0.091252008,0.263357409,0.271745298,0.059879244,0.223501242,0.096208777,-0.162462558,-0.021769832
176,RSM00022887,56,61.2331,46.7167,KOTLAS,109 years,1912-2021,0.185857389,0.185067043,0.19158493,-0.016794982,0.065269554,0.232426228,0.326104095,-0.000243406,0.15687634,0.01730348,-0.220650676,-0.147416442
177,RSM00022892,14,60.72,28.8,VYBORG,81 years,1940-2021,0.456959525,0.340570515,0.242327295,0.142387078,-0.039525975,0.333816068,0.196862254,0.339868253,0.308854812,0.30282354,-0.033106214,0.151946094
178,RSM00022907,6,60.08,26.97,GOGLAND,138 years,1881-2019,0.52039994,0.35806596,0.360524064,0.237660161,0.10427526,0.380247343,0.337004927,0.428754418,0.383743023,0.413411762,-0.062980139,0.12837481
179,RSM00022939,131,60.033,37.783,BELOZERSK,72 years,1949-2021,0.491765278,0.634850203,0.319458623,-0.153982419,0.080204027,0.210125521,-0.19927485,-0.132956707,0.134372071,0.132778461,-0.164266808,0.149996888
180,RSM00022954,202,60.467,40.2,VOZEGA,72 years,1949-2021,0.294082033,0.330347918,0.150142381,0.029205781,-0.107495346,0.313497112,0.314528937,-0.001012815,0.226176442,0.070698844,-0.276851082,0.048712601
181,RSM00022981,98,60.8,46.3,VELIKIJ_USTJUG,84 years,1937-2021,0.216252767,0.227055658,0.182138839,0.032966167,0.111840125,0.290415409,0.335689929,-0.051782035,0.097499095,0.032552508,-0.227112747,-0.07656509
182,RSM00023022,53,69.75,61.7,AMDERMA,87 years,1934-2021,0.256725608,0.294861965,0.034703929,0.280885781,0.39626811,0.431378931,0.419951429,0.265627854,0.096997852,0.224205839,0.105317292,0.01209398
183,RSM00023032,24,69.72,66.8194,MARRE_SALE,107 years,1914-2021,0.203711133,0.284510934,0.000964222,0.253113374,0.26668512,0.574419537,0.483768663,0.311233643,0.20435008,0.272005744,0.144462916,0.042669648
184,RSM00023074,14,69.4,86.17,DUDINKA,106 years,1906-2012,0.346739737,0.33727259,0.109005385,0.133187822,0.184041326,0.205132463,-0.073361608,-0.113483895,0.262390651,0.277578799,0.193273206,-0.141893194
185,RSM00023205,5,67.6331,53.0331,NARJAN_MAR,95 years,1926-2021,0.313409968,0.172127482,0.025709097,0.308145887,0.422280888,0.313483433,0.332212024,-0.011509306,-0.001158261,0.095609671,-0.136699769,-0.039179928
186,RSM00023219,84,67.0831,59.3831,HOSEDA_HARD,85 years,1931-2016,0.30962906,0.111621387,-0.032591028,0.319630806,0.448256768,0.342890177,0.242619749,-0.04796259,0.039440321,0.058162036,-0.068201997,-0.123382264
187,RSM00023242,12,67.6994,72.9494,NOVY_PORT,85 years,1936-2021,0.285354278,0.265354907,-0.02728653,0.395458858,0.368531385,0.287190538,0.229622628,0.075015902,0.112537244,0.359583377,0.173213786,-0.112008422
188,RSM00023256,26,67.47,78.73,TAZOVSKOE,85 years,1936-2021,0.354945656,0.2734477,0.082494728,0.380296151,0.246462659,0.189968168,-0.017641832,-0.010651879,0.12749956,0.331339507,0.159875652,-0.115759214
189,RSM00023274,20,67.47,86.57,IGARKA,85 years,1936-2021,0.483152976,0.336283562,0.159259265,0.136248362,0.162052738,0.137087765,-0.196785208,-0.06237962,0.165693091,0.265032118,0.200391382,-0.020912488
190,RSM00023324,58,66.43,60.77,PETRUN,117 years,1904-2021,0.279020561,0.101859172,-0.00651618,0.345515936,0.461422301,0.341307947,0.217716911,-0.058616872,0.085704153,0.059725496,-0.075182213,-0.14206871
191,RSM00023330,15,66.5294,66.5294,SALEKHARD,139 years,1882-2021,0.297520616,0.2366047,-0.032777194,0.404415422,0.55070973,0.338790092,0.295413763,0.037450916,0.100454346,0.156193308,0.058105065,0.002837834
192,RSM00023345,5,66.5997,72.9,NYDA,71 years,1948-2019,0.270384491,0.190143768,0.011066652,0.465427527,0.420254812,0.266406514,0.167677346,0.028346173,0.090954665,0.299481597,0.191424023,-0.065911767
193,RSM00023383,277,66.8797,93.47,AGATA,81 years,1939-2020,0.381928372,0.400370835,0.180322681,0.145737037,0.232929751,0.276920067,-0.090759839,-0.092126484,0.185216268,0.434477339,0.22020815,-0.00911757
194,RSM00023405,78,65.4331,52.2667,UST_TZILMA,132 years,1889-2021,0.29117367,0.166805439,0.052126782,0.230443559,0.305281415,0.248603998,0.321056861,-0.017573031,0.07422838,0.020320937,-0.163619806,-0.100311886
195,RSM00023412,77,65.97,56.9194,UST_USA,85 years,1936-2021,0.293131647,0.110849412,-0.009695266,0.302693172,0.376641662,0.287444521,0.323676581,-0.057145044,0.043102233,0.022299233,-0.104802714,-0.151272446
196,RSM00023418,53,65.1167,57.1,PECHORA,78 years,1943-2021,0.25150831,0.111226151,0.005699875,0.272433121,0.341945101,0.281918852,0.325905147,-0.072199566,0.031955388,-0.008036379,-0.085247854,-0.199349893
197,RSM00023472,38,65.7831,87.9331,TURUHANSK,140 years,1881-2021,0.451498167,0.386863305,0.237216648,0.116757286,0.109513015,0.199794548,-0.181917925,-0.091322125,0.083531824,0.273081753,0.268924729,-0.073020323
198,RSM00023527,28,64.28,60.88,SARAN_PAUL,85 years,1936-2021,0.246809082,0.209830789,0.046421651,0.350026129,0.414251595,0.325532634,0.208790358,-0.045847868,-0.043799519,0.112196324,-0.081692466,-0.063910985
199,RSM00023552,26,64.92,77.82,TARKO_SALE,85 years,1936-2021,0.330530735,0.223573994,0.119597682,0.490822944,0.18819895,0.121337772,0.006586957,-0.054190944,-0.003466246,0.146542946,0.173276263,-0.054529724
200,RSM00023631,27,63.93,65.05,BEREZOVO,140 years,1881-2021,0.23693215,0.139374765,0.026154651,0.378458766,0.395226786,0.217168936,0.240659847,-0.035941502,-0.010009317,0.077200434,0.050918615,-0.105588667
201,RSM00023662,31,63.98,82.08,TOLKA,74 years,1947-2021,0.393439138,0.341854256,0.16640877,0.403530337,0.02835932,0.074134344,-0.198764796,-0.030175654,0.048051326,0.168391093,0.253044869,0.032737515
202,RSM00023678,46,63.15,87.95,VERHNEIMBATSK,110 years,1911-2021,0.447477627,0.411986525,0.247477019,0.294972032,-0.079719677,0.064602074,-0.212692454,-0.033377493,-0.004617762,0.273216845,0.344511072,0.017455799
203,RSM00023711,135,62.7,56.2,TROICKO_PECHERSKOE,133 years,1888-2021,0.209764103,0.13015896,0.033204082,0.10941741,0.267251118,0.252965011,0.28682047,-0.067426751,0.003758162,0.001672095,-0.113180528,-0.105922755
204,RSM00023724,51,62.43,60.8694,NJAKSIMVOL,88 years,1933-2021,0.25767107,0.226040164,0.059346421,0.165850406,0.352354747,0.232698951,0.124993241,-0.051118649,-0.068310508,0.071191077,-0.047363257,-0.154365159
205,RSM00023734,70,62.45,66.05,OKTYABR_SKOYE,85 years,1936-2021,0.20217728,0.181088212,0.073441451,0.273783138,0.212423722,0.185518571,0.205089686,-0.084068601,-0.026255659,0.080152274,0.02319984,-0.164673532
206,RSM00023804,116,61.6667,50.8667,SYKTYVKAR,204 years,1817-2021,0.192285,0.173152251,0.10939491,-0.010769183,0.193537492,0.248100912,0.339889377,-0.067776795,0.113405341,0.009766552,-0.225461225,-0.154836111
207,RSM00023849,55,61.25,73.5,SURGUT,137 years,1884-2021,0.257292648,0.284526165,0.222224282,0.374629836,0.078649521,0.036200982,0.123655213,-0.012758228,-0.204555584,0.175694003,0.28712081,-0.022531721
208,RSM00023867,55,61.1,80.25,LARYAK,85 years,1936-2021,0.239545242,0.306427301,0.17799818,0.360248623,-0.083938785,-0.078747518,-0.107209011,0.030796074,-0.198085454,0.314383035,0.32282612,0.03096974
209,RSM00023884,62,61.6,90.0167,BOR,87 years,1934-2021,0.397024082,0.42470518,0.292128828,0.254237697,-0.261755027,-0.03798657,-0.236349815,0.020193316,-0.0835305,0.309417776,0.383081363,0.104990983
210,RSM00023891,256,61.6667,96.3667,BAJKIT,87 years,1934-2021,0.429452842,0.41251179,0.29494954,0.211649043,-0.122639215,0.057333602,-0.133591648,0.047705488,-0.002039498,0.366941614,0.355851069,0.234918358
211,RSM00023914,208,60.4,56.52,CHERDYN,133 years,1888-2021,0.270727244,0.049295242,0.076134413,0.043056333,0.167143526,0.244556392,0.286215437,-0.118618616,0.067280233,0.041509633,-0.106876624,-0.241546352
212,RSM00023921,93,60.6831,60.45,IVDEL,87 years,1934-2021,0.168195968,0.152632737,0.070878066,0.089207962,0.367437596,0.29133736,0.191634871,-0.041841801,0.03211602,-0.005588789,-0.163561271,-0.137481291
213,RSM00023933,46,61.0167,69.1167,HANTY_MANSIJSK,129 years,1892-2021,0.214961206,0.14176035,0.112181458,0.279907412,0.201097791,0.247742031,0.205614013,-0.024758825,-0.082137056,0.122756789,0.083108563,-0.100024265
214,RSM00023946,47,60.5,74.02,UGUT,76 years,1943-2019,0.229085529,0.249563306,0.183713699,0.304943366,0.035625837,0.021532416,0.158986011,-0.096445679,-0.234326359,0.253736531,0.275302591,-0.074633364
215,RSM00023955,47,60.4331,77.8667,ALEKSANDROVSKOE,89 years,1932-2021,0.265727452,0.266836867,0.206368772,0.312600486,-0.148562187,0.031453746,0.09812155,-0.01951696,-0.2351599,0.240444167,0.295378262,-0.042858674
216,RSM00023986,513,60.38,93.03,SEVERO_ENISEJSK,80 years,1941-2021,0.417760975,0.432626154,0.278691543,0.315210044,0.639564687,0.906966023,0.888283406,0.738946295,0.193894816,0.297891801,0.445608553,0.140334179
217,RSM00024125,217,68.5,112.4331,OLENEK,85 years,1936-2021,0.339825612,0.322633883,0.336544888,0.232215871,0.251650062,0.04811208,0.282410974,0.030363893,0.252979667,0.33787308,0.439218695,0.09255612
218,RSM00024136,78,68.62,118.33,SUHANA,83 years,1938-2021,0.150197795,0.351721238,0.150215101,0.229658665,0.2522285,-0.040130706,0.319049118,0.108100078,0.327503585,0.307690754,0.305598639,-0.068408135
219,RSM00024143,38,68.73,124,DZARDZAN,84 years,1937-2021,0.189973837,0.30926856,0.123626969,0.179736228,0.347036994,0.030756253,0.323981003,0.13076392,0.336500163,0.241852419,0.154352756,0.102905088
220,RSM00024266,136,67.5667,133.4,VERHOJANSK,136 years,1885-2021,0.168594931,0.355970951,0.321002336,0.392165238,0.220754045,0.037932635,0.244752355,0.152710475,0.299800238,0.342870887,0.317618274,0.056307381
221,RSM00024329,233,66.25,114.28,SELAGONCY,81 years,1940-2021,0.314320609,0.236658169,0.242469379,0.18426089,0.14837044,0.021823347,0.199684818,0.188109004,0.14760573,0.337669059,0.375929821,0.048107041
222,RSM00024343,88,66.7667,123.4,ZHIGANSK,85 years,1936-2021,0.225889831,0.382502185,0.212754273,0.109817522,0.338539208,-0.025466958,0.215730961,0.197714199,0.199787466,0.266810736,0.159090952,0.041993338
223,RSM00024382,195,66.45,143.2297,UST_MOMA,84 years,1937-2021,0.319281867,0.122425395,0.313700139,0.331863606,0.146830896,0.370121867,0.275556917,0.16904466,0.21952985,0.324012588,0.40159205,0.167426636
224,RSM00024507,188,64.2667,100.2331,TURA,93 years,1928-2021,0.371239976,0.33434196,0.251339551,0.139376183,0.040051043,0.098478576,-0.012672266,-0.028129537,0.085726866,0.423904124,0.363330267,0.144964535
225,RSM00024639,119,63.283,118.333,NJURBA,73 years,1948-2021,0.42926488,0.226721148,0.042512253,0.179651631,0.211515155,0.008257696,0.276924911,-0.089500705,0.14328332,0.399416948,0.170640233,0.200688265
226,RSM00024641,110,63.7831,121.6167,VILJUJSK,123 years,1898-2021,0.27029653,0.363750503,0.31768359,0.335147062,0.17117019,-0.011265577,0.040972518,0.159407507,0.260637093,0.3923617,0.255980456,0.042222532
227,RSM00024656,79,63.517,129.483,BATAMAJ,72 years,1949-2021,0.170449994,0.134833871,0.116758102,0.328832459,0.178784102,-0.112746977,0.183228006,-0.083174577,0.163623116,0.487927121,0.185144046,0.161875883
228,RSM00024661,208,64,130.3,SEGEN_KYUEL,83 years,1938-2021,0.219191305,0.121659459,0.256012813,0.383527124,0.118655,-0.220008144,0.130018651,0.186311579,0.15037171,0.223185189,0.17893374,0.048756305
229,RSM00024679,1286,63.22,139.6,VOSTOCHNAJA,77 years,1942-2019,0.163913809,-0.066755886,0.275593935,0.482629448,0.241655513,0.249592379,0.221144475,0.203606227,0.214931847,0.328844787,0.219371388,0.214172207
230,RSM00024688,740,63.25,143.15,OJMJAKON,91 years,1930-2021,0.218023167,-0.1742648,0.278779467,0.384262566,0.224455723,0.23285469,0.102860847,0.137941037,0.22186725,0.384325368,0.208935308,0.151385034
231,RSM00024713,246,62.88,108.43,NAKANNO,78 years,1943-2021,0.249370603,0.324805319,0.224332227,0.274979386,-0.037458613,0.135369427,0.113183044,-0.01990494,0.043137377,0.416440101,0.308846208,0.21959473
232,RSM00024738,131,62.15,117.65,SUNTAR,88 years,1933-2021,0.301669821,0.363785426,0.296542592,0.38178283,0.226189493,0.121541584,0.157767037,0.186723754,0.207293482,0.397491032,0.299806552,0.19589411
233,RSM00024768,186,62.033,132.6,CURAPCA,73 years,1948-2021,0.326276853,0.044398398,0.354411458,0.42836773,0.215316236,0.18682643,0.280082206,0.02582028,0.062043671,0.47452253,0.345320425,0.282782642
234,RSM00024790,646,62.78,148.17,SUSUMAN,84 years,1937-2021,0.025916979,-0.026481878,0.381303071,0.448976948,0.267477374,0.151264046,0.185379717,0.117235834,0.158183637,0.205128799,-0.080013075,0.097021654
235,RSM00024802,357,61.7,102.7,STRELKA_CHUNJA,83 years,1936-2019,0.274105655,0.296043652,0.254165013,0.183413094,-0.102098483,0.1392504,0.061766242,0.155396856,0.113256251,0.466575422,0.293284891,0.206899762
236,RSM00024817,284,61.2667,108.0167,ERBOGACEN,85 years,1936-2021,0.265018676,0.361479489,0.247154228,0.291029039,-0.028350219,0.197233474,0.278566837,0.011652904,0.085091245,0.416881405,0.335168971,0.24128874
237,RSM00024856,115,61.483,129.15,POKROVSKAJA,73 years,1948-2021,0.274604938,0.137354703,0.282869214,0.361158464,0.272156965,0.158215625,0.244847542,0.076727872,0.092212285,0.55404409,0.203559346,0.213079488
238,RSM00024908,259,60.3331,102.2667,VANAVARA,89 years,1932-2021,0.267144121,0.346252129,0.343913607,0.298674373,-0.05580898,0.091537639,0.015316677,0.073743072,0.016383482,0.353482958,0.307036452,0.251414003
239,RSM00024923,241,60.72,114.88,LENSK,81 years,1940-2021,0.428633224,0.306242904,0.252516931,0.222596702,0.175215053,0.206940738,0.321108772,0.116831847,0.136516617,0.293173444,0.317198729,0.29520187
240,RSM00024944,223,60.4,120.4167,OLEKMINSK,139 years,1882-2021,0.320684171,0.390836356,0.362650431,0.331669134,0.103653476,0.197534085,0.200449866,0.133765153,0.132084202,0.348733904,0.372194386,0.197408149
241,RSM00024951,117,60.8167,125.3167,ISIT,85 years,1936-2021,0.264451916,0.304176871,0.357815721,0.453510889,0.26123668,0.176874691,0.107188724,0.197076279,0.193933907,0.499001486,0.343298565,0.077485054
242,RSM00024959,98,62.0167,129.7167,JAKUTSK,192 years,1829-2021,0.353304026,0.342759179,0.381421286,0.421441609,0.178576975,0.052931081,0.22426841,0.17116162,0.222543568,0.428353058,0.364809118,0.282366276
243,RSM00024962,146,60.9,131.983,AMGA,73 years,1948-2021,0.31769833,0.251190904,0.486749157,0.497580351,0.120593731,0.180717509,0.18382212,-0.040137824,0.166531105,0.49513053,0.373453348,0.236763244
244,RSM00024966,169,60.3831,134.4497,UST_MAJA,128 years,1893-2021,0.337416713,0.196983425,0.418647915,0.600955649,0.23835085,0.290423282,0.173523478,0.173526916,0.085696285,0.34213362,0.377302079,0.165266866
245,RSM00024967,173,60.47,130,TEGJULTJA,79 years,1942-2021,0.233473018,0.383418565,0.458314662,0.500006704,0.20582371,0.229037312,0.156428283,0.273260466,0.176877429,0.445062284,0.33189617,0.140325015
246,RSM00024988,198,60.083,142.333,ARKA,72 years,1949-2021,-0.20296692,-0.214258615,0.386943569,0.579440483,0.183592552,0.329280498,0.278890985,0.250543834,-0.007000538,0.387334478,0.070200072,0.131193328
247,RSM00025034,24,69.62,162.3,BUHTA_AMBARCIK,86 years,1935-2021,0.027478737,0.003327084,0.257324578,0.308175984,0.138073055,0.164948579,0.173512832,0.29072476,0.286605593,0.203011265,0.005035384,-0.137754674
248,RSM00025042,13,69.93,167.98,OSTROV_AION,76 years,1943-2019,0.071667991,0.065577399,0.275505569,0.476621369,0.192546613,0.084776429,0.327444281,0.449737454,0.577696371,0.324814682,-0.038468292,-0.232940056
249,RSM00025062,2,69.8797,175.77,MYS_BILLINGSA,84 years,1937-2021,0.03942533,0.088042817,0.291645445,0.522982164,0.205842454,0.299033301,0.431337068,0.451348461,0.613260123,0.357904102,-0.017563396,-0.189843067
250,RSM00025123,28,68.75,161.283,CHERSKIJ,81 years,1940-2021,0.111213172,0.004010786,0.28445249,0.243567371,0.234645378,0.164132809,0.341032818,0.198908693,0.127691734,0.195205474,-0.007437171,-0.218903657
251,RSM00025138,98,68.12,164.17,OSTROVNOE,85 years,1936-2021,0.066347918,-0.138316864,0.218466232,0.357594666,0.258646014,-0.022210116,0.330711834,0.28675159,0.308108923,0.01812276,-0.01092786,-0.24664802
252,RSM00025173,2,68.9,-179.3669,MYS_SHMIDTA,81 years,1932-2013,0.053622222,0.18601111,0.31509316,0.42686253,0.305274209,0.138233035,0.216834251,0.477944051,0.571874799,0.428790157,0.008948301,-0.132703335
253,RSM00025206,20,67.45,153.72,SREDHEKOLYMSK,85 years,1936-2021,0.01434318,0.186026158,0.248242815,0.260567266,0.127298857,0.123820962,0.272518287,0.170618084,0.17443026,0.276419626,0.004762338,-0.031192167
254,RSM00025248,352,67.25,168.97,ILIRNEJ,77 years,1944-2021,0.123650808,-0.101241529,0.060330199,0.319978224,0.551917948,0.14808309,0.397285503,0.376594076,0.497543972,0.036522058,-0.006398306,-0.045248218
255,RSM00025282,3,67.83,-175.8,MYS_VANKAREM,87 years,1934-2021,0.063942054,0.302700003,0.310942543,0.528378095,0.363708516,0.319887284,0.369008554,0.630993919,0.644100551,0.430190567,0.082408159,-0.084327331
256,RSM00025325,127,66.55,159.42,UST_OLOJ,77 years,1936-2013,0.026553453,0.000738261,0.143800995,0.304710647,0.299165519,-0.093227915,0.272806018,0.218473267,0.037059018,0.112332137,-0.001150719,-0.109669714
257,RSM00025356,78,66.3797,173.33,ENMUVEEM,75 years,1946-2021,-0.014230044,0.095510757,0.113037992,0.349928416,0.565585009,0.162692489,0.240283669,0.35609062,0.487432077,0.13579503,0.029388882,-0.031642988
258,RSM00025378,21,66.3497,-179.1,EGVEKINOT,72 years,1949-2021,-0.278219776,0.122961474,0.246913202,0.321131911,0.320079233,0.241686042,0.55410954,0.30463372,0.41848312,0.273608535,0.258236525,-0.120980138
259,RSM00025399,5,66.17,-169.8,MYS_UELEN,103 years,1918-2021,0.087852522,0.38676778,0.369538407,0.466449465,0.290694387,0.424051378,0.376627335,0.483789215,0.506861536,0.536742709,0.21113709,-0.11263647
260,RSM00025400,41,65.73,150.9,ZYRJANKA,85 years,1936-2021,0.016264003,0.218250725,0.295244908,0.253226369,0.170921922,0.185702862,0.261012053,0.201365017,0.04894811,0.284621309,0.020577873,-0.074145861
261,RSM00025428,260,65.23,160.53,OMOLON,77 years,1944-2021,0.068097468,-0.070757342,0.171326273,0.349154161,0.438401751,-0.045058334,0.312100709,0.181243647,0.078650701,0.219484306,-0.035928517,0.076858019
262,RSM00025503,97,64.75,153.97,KORKODON,85 years,1936-2021,0.073131424,0.022446056,0.204173764,0.354427427,0.176662189,-0.03103971,0.302361197,0.234354825,0.005881714,0.282502769,-0.057374186,-0.05501927
263,RSM00025551,25,64.6831,170.4167,MARKOVO,127 years,1894-2021,-0.022090093,-0.032268171,0.078879968,0.329696079,0.679574018,0.31125716,0.284239338,0.324324898,0.425436906,0.103009269,-0.035499306,0.028342528
264,RSM00025563,64,64.7831,177.5667,ANADYR,123 years,1898-2021,0.11786134,0.089297752,0.126208547,0.342374773,0.667515531,0.570109847,0.195097044,0.383153055,0.377112047,0.166294915,0.043462763,-0.022842666
265,RSM00025594,25,64.4167,-173.2333,BUHTA_PROVIDENJA,87 years,1934-2021,0.055730764,0.229797171,0.277268078,0.370312744,0.291309368,0.484274344,0.432626424,0.113276555,0.297994127,0.215196841,0.139701708,0.033651687
266,RSM00025703,206,62.9167,152.4167,SEJMCHAN,88 years,1933-2021,0.019180401,-0.06496315,0.269992713,0.376789698,0.258430969,0.047421689,0.219110803,0.212940547,0.00702637,0.270191062,-0.092148749,0.085893071
267,RSM00025932,45,60.68,160.4,TAJGONOS,64 years,1949-2013,0.20804903,-0.009682692,0.082715792,0.397667935,0.466230604,0.409484943,0.3740173,0.281016612,0.257549336,0.299943021,0.001333382,-0.199577486
268,RSM00025954,2,60.35,166,KORF,83 years,1929-2012,0.138210248,0.001044142,0.01445871,0.342620635,0.420470367,0.314779949,0.134379541,0.359273323,0.44633374,0.218863359,0.057215679,-0.091686502
269,RSM00025956,3,60.43,169.67,APUKA,85 years,1936-2021,0.258173861,0.103223018,0.181330654,0.500136616,0.480951015,0.481680881,0.241194707,0.526937215,0.327279139,0.152349707,0.181787541,-0.145080525
270,RSXLT306544,9999,67.33,168.23,ILIRNEJ,69 years,1944-2013,0.138852947,-0.122422809,-0.121219892,0.223764151,0.595238928,0.196592552,0.459130905,0.330584302,0.508969095,0.04709689,-0.114665468,0.004043544
271,SV000020107,49,78.1,14.3,BARENCBURG,89 years,1932-2021,0.530976965,0.179219609,0.456266277,0.330607263,0.574583397,0.253989388,0.552615623,0.17750597,0.305027992,0.513600988,0.492021769,0.214366139
272,SW000002120,314,66.9597,17.73,KVIKKJOKK_ARRENJARKA,96 years,1917-2013,0.288057581,0.42016583,0.006031729,0.277667313,0.16632653,0.337531779,0.121514979,0.321358429,0.137397028,0.314082862,0.031627252,0.249249298
273,SW000002127,325,65.0667,17.1664,STENSELE,113 years,1891-2004,0.400543875,0.375753691,0.004847501,0.262013115,0.095227859,0.182144372,0.130869864,0.290006506,0.169954403,0.448033651,0.152602019,0.172717938
274,SW000002196,5,65.8269,24.1439,HAPARANDA,154 years,1860-2014,0.437670786,0.419209522,0.139108773,0.318550071,0.124005338,0.298625994,0.241349495,0.292008929,0.192879965,0.389885015,0.054217989,0.128938398
275,SW000002288,6,63.595,20.7564,HOLMOGADD_A,84 years,1924-2008,0.570147961,0.584447016,0.512160703,0.58415037,0.38632958,0.37995314,0.329329894,0.210840664,0.292265766,0.490681604,0.113321823,0.162839003
276,SW000002361,15,62.6331,17.9331,HARNOSAND,162 years,1859-2021,0.547599574,0.435043851,0.236637482,0.123297556,0.115199968,0.189165169,0.400949826,0.347941309,0.233478327,0.420046183,0.22943396,0.040246068
277,SW000002410,308,60.6814,13.6994,MALUNG,100 years,1916-2016,0.579411695,0.382742152,0.161051065,0.098046623,0.169857339,-0.048164444,0.462409752,0.28413386,0.101015744,0.375314652,0.330432455,0.086267339
278,SW000010537,160,60.6167,15.6167,FALUN,161 years,1860-2021,0.612046337,0.351792046,0.195787316,-0.015317488,0.17584841,0.03534773,0.488577223,0.306421867,0.083385603,0.333392711,0.369380156,0.043708913
279,SW000021280,280,65.0072,17.7083,GUNNARN,65 years,1949-2014,0.400394954,0.412334453,-0.039107135,0.116620104,0.063370885,0.26811927,0.190503092,0.318813614,0.172921624,0.415232986,0.111195766,0.156368291
280,SWE00100026,376,63.1831,14.4831,OESTERSUND,139 years,1882-2021,0.504973214,0.382615909,0.131029955,0.100037441,0.267248949,0.144199791,0.361344052,0.20699303,0.232735321,0.456357814,0.183914077,0.134309338
281,SWE00137470,537,68.43,18.28,VASSIJAURE,91 years,1923-2014,0.22105026,0.482380067,0.001202085,0.239495867,0.151485846,0.354492241,0.450581652,0.017669124,0.217445293,0.366268336,0.082762487,0.17129703
282,SWE00139346,260,60.38,15.23,IDKERBERGET,65 years,1945-2010,0.615930567,0.463121204,0.29716436,0.094199073,0.162217163,-0.071339653,0.55217826,0.370134466,0.157744779,0.370987052,0.286163801,0.104843755
283,SWE00139430,16,60.65,17.17,GAVLE,132 years,1882-2014,0.583216569,0.43317918,0.345110067,0.027875791,0.271183762,0.080827216,0.533418822,0.424036,0.231681616,0.37400136,0.279659312,0.074412177
284,SWE00139590,412,61.28,12.86,GRUNDFORSEN,67 years,1945-2012,0.551255847,0.302238089,0.025211264,0.160287255,0.174440853,-0.033816369,0.422275141,0.259099413,0.142945589,0.373035266,0.327291921,0.065164799
285,SWE00139694,70,61.85,16.5797,BJURAKER,132 years,1882-2014,0.610316695,0.287006209,0.433925925,0.194243793,0.49676842,0.001393707,0.651266672,0.601812189,0.490332273,0.433716719,0.551092288,-0.400370665
286,SWE00139720,432,62.0192,14.1903,SVEG,130 years,1882-2012,0.542078941,0.383157006,0.101126601,0.091074183,0.236165511,0.066290922,0.470494001,0.28897422,0.132676965,0.317264318,0.26244593,0.057918531
287,SWE00139800,430,62.42,13.52,HEDE,66 years,1945-2011,0.532520225,0.40997083,-0.002748087,0.143303889,0.220682084,-0.078168617,0.36658973,0.158221851,0.176999204,0.353274357,0.354256964,0.035675478
288,SWE00139828,110,62.5,16.18,FRANSTA,69 years,1945-2014,0.611169399,0.308433648,0.286995682,0.326465984,0.700508037,-0.128849331,0.481822768,0.609737127,0.318184119,0.354382886,0.369775193,0.161231669
289,SWE00139842,585,62.55,12.6,LJUSNEDAL,91 years,1930-2021,0.503985193,0.329001618,0.102411821,0.102227378,0.259086364,0.0058178,0.276442052,0.197610933,0.091415165,0.335028417,0.328379119,0.009874048
290,SWE00139992,375,63.19,14.49,FROSON_D,96 years,1918-2014,0.52057237,0.435427765,0.117387576,0.132659816,0.207187613,0.060817377,0.426823983,0.134234407,0.120247578,0.386101681,0.115608026,0.122312353
291,SWE00140002,360,63.24,14.55,ROSTA,96 years,1918-2014,0.515959729,0.432136172,0.128383279,0.12977486,0.205475656,0.075408053,0.467559123,0.145107907,0.074695885,0.383928201,0.09433781,0.126795284
292,SWE00140022,583,63.32,12.1,STORLIEN,132 years,1882-2014,-0.043993199,0.376125595,0.344744655,0.676000287,0.585378217,-0.356995647,-0.288910339,0.56581756,0.450214443,0.622397896,0.018053455,0.127206019
293,SWE00140186,14,63.83,20.28,UMEA,218 years,1796-2014,0.496548328,0.480743107,0.230351225,0.09264186,0.196275625,0.288169964,0.300332949,0.285071267,0.216689237,0.431032604,-0.025185842,0.140242086
294,SWE00140256,240,64.12,16.21,HOTING,65 years,1949-2014,0.467616381,0.123010695,0.023441838,0.155206545,0.28803015,0.016439253,-2.03E-05,0.486525767,0.116379219,0.31710598,0.375423929,0.05319506
295,SWE00140374,345,64.64,16.41,LAXBACKEN,72 years,1945-2017,0.408386508,0.362748755,-0.13177263,0.092587573,-0.050566232,0.191685524,0.229904359,0.330798942,0.227145738,0.431640201,0.118055249,0.149290172
296,SWE00140434,296,64.95,19.48,STORLIDEN,68 years,1946-2014,0.277433233,0.379365819,0.052365105,0.168018972,0.164802016,0.230758613,0.097678488,0.402501792,0.299495183,0.319267029,-0.015479341,0.061283593
297,SWE00140492,9,65.3197,21.49,PITEA,139 years,1882-2021,0.453849756,0.524360076,0.185698251,0.376174661,0.226424195,0.316571326,0.283389928,0.286719396,0.139642753,0.461292261,0.040036347,0.179941005
298,SWE00140560,12,65.58,22.11,LULEA_BERGNASET,91 years,1930-2021,-0.037145614,0.301229502,-0.043242552,0.283388405,0.45664218,0.262902025,0.13817116,0.705157844,0.133017323,0.578659033,-0.007417585,0.360860339
299,SWE00140568,5,65.62,22.13,LULEA,84 years,1930-2014,0.328335696,0.324373993,-0.007615623,0.237089196,0.104915693,0.405076873,0.224486825,0.417301441,0.246859857,0.496062591,0.043075286,0.114224759
300,SWE00140594,450,65.72,15.25,TARNABY,97 years,1917-2014,0.242675196,0.319911404,0.118367388,0.270540156,0.310177435,0.150488444,0.059720773,0.53932544,0.36483804,0.435669592,-0.030349849,0.265572075
301,SWE00140714,430,66.3797,17,JACKVIK,76 years,1945-2021,0.304890449,0.387033249,-0.077737987,0.240665651,0.130480049,0.275071445,0.117499101,0.406589532,0.192393326,0.388646063,0.0843283,0.285152379
302,SWE00140746,254,66.6297,19.64,JOKKMOKK,136 years,1882-2018,0.40056151,0.445541569,0.0293162,0.220026315,0.072910124,0.223308816,0.103180154,0.266277235,0.148041895,0.342177492,0.060889952,0.215940608
303,SWE00140828,359,67.14,20.65,GALLIVARE_A,127 years,1894-2021,0.216017749,0.292777989,0.093219038,0.285328907,0.165136758,0.37760343,-0.053567547,0.161866596,0.48127311,0.579615842,0.227966564,-0.038122682
304,SWE00140836,400,67.17,20.67,MALMBERGET,77 years,1944-2021,0.324230778,0.368412592,0.039095446,0.280658658,0.075513924,0.211642813,0.407747732,0.115793362,0.049684059,0.293488189,0.085839854,0.233644202
305,SWE00140954,508,68.43,18.13,RIKSGRANSEN,110 years,1904-2014,0.264710137,0.41922368,0.069456,0.22838571,0.223087434,0.384136312,0.267415568,0.311372193,0.242900896,0.203996482,0.001079726,0.213397856
306,SWM00002080,330,68.4419,22.4503,KARESUANDO,184 years,1830-2014,0.307818343,0.425492381,0.139838833,0.242080601,0.175910533,0.275875103,0.214076159,0.255302084,0.25004809,0.213956761,0.069260103,0.217433238
307,UK000003005,82,60.1331,-1.1831,LERWICK,92 years,1929-2021,0.394400674,0.413177183,0.225026602,0.177545923,0.22846999,0.091461698,0.617473818,0.270827661,0.076030673,0.054789201,0.314337118,0.072750328
308,USC00500272,35.7,61.1747,-149.905,ANCHORAGE_ARCTICINT,74 years,1941-2015,0.307683053,0.14899077,0.283542624,0.435630887,0.584213674,0.350492142,0.4925404,0.279746402,0.24673685,0.328300762,0.058077217,0.144588514
309,USC00501824,196,61.5222,-144.4408,CHITINA,95 years,1917-2012,0.009587215,-0.277009389,0.283502868,0.48705101,0.567856329,-0.111427063,0.151160559,0.399975056,0.332550968,0.258716447,-0.113536436,-0.359827479
310,USC00501987,262.1,65.4939,-144.6422,CIRCLE_HOT_SPRINGS,86 years,1935-2021,-0.38515385,-0.216539651,0.486701976,0.126993086,-0.068563501,-0.082522809,0.469493705,0.202008844,-0.177809101,0.031642741,-0.035229418,0.170258134
311,USC00502107,182,64.8603,-147.8483,COLLEGE_OBSY,73 years,1948-2021,0.087608664,-0.156977377,0.302237614,0.467801733,-0.060704417,0.149085866,0.480736024,0.183806069,0.123346917,0.269097729,-0.052119516,0.13374962
312,USC00502607,259.1,64.7856,-141.2036,EAGLE,122 years,1899-2021,0.081340865,-0.215040896,0.119800333,0.477926478,0.070355112,-0.018370666,0.443637873,0.195905983,-0.032723614,0.225658164,-0.029750772,0.125308065
313,USC00502707,166.7,64.6667,-147.1,EIELSON_FLD,65 years,1946-2011,0.16679385,0.015898579,0.370868021,0.535374196,0.179563153,0.25725332,0.358259047,0.091672582,-0.024905226,0.305684404,-0.039302655,0.140937652
314,USC00502965,130.1,64.8172,-147.8739,FAIRBANKS_AP_2,90 years,1929-2019,0.164300114,-0.056967902,0.403926887,0.488577453,0.112748157,0.174262294,0.46610982,0.116302751,0.128782982,0.274949975,-0.066706867,0.189048013
315,USC00503165,133.5,66.5664,-145.2655,FORT_YUKON_2,96 years,1917-2013,0.084353221,-0.303300736,0.385200794,0.292140112,0.105362928,0.290766362,0.206223508,0.357247589,-0.074643909,0.183691627,0.196835807,0.172072107
316,USC00505534,197.8,65.5225,-148.5497,LIVENGOOD_DOT,73 years,1933-2006,0.496167716,0.076303233,0.892165114,0.574294279,-0.44386246,-0.601602182,-0.28642593,-0.770379905,-0.994364978,-0.052284672,-0.373618852,0.897074223
317,USC00505644,82.9,64.9989,-150.638,MANLEY_HOT_SPRINGS,105 years,1909-2014,0.147476453,-0.262164952,0.244230258,0.226676617,-0.143899772,0.317684414,0.580032536,0.306191881,-0.005793658,0.282485125,0.101659778,0.165388128
318,USC00505733,52.4,61.5664,-149.2542,MATANUSKA_EXPERIMENT_FARM,104 years,1917-2021,0.303839086,0.131933076,0.269581198,0.468635442,0.387452168,0.310162779,0.426678353,0.214580496,0.247987584,0.455539171,-0.011087352,0.017122881
319,USC00505778,630.9,63.7175,-148.9692,MCKINLEY_PARK,98 years,1923-2021,0.056271539,-0.08554584,0.181714889,0.48464549,0.085667444,0.275391451,0.446035914,0.164039011,0.145129515,0.231300808,-0.098753578,0.19428209
320,USC00505881,312.4,63.9033,-152.2817,MINCHUMINA,76 years,1945-2021,0.332350526,-0.268277519,0.239255753,0.403156774,0.199817744,0.057653147,0.534086298,0.215793953,-0.081530315,0.372341422,-0.060927611,0.248989262
321,USC00505894,150,60.5028,-149.4261,MOOSE_PASS_3_NW,80 years,1941-2021,0.308746999,0.364364748,0.389078237,0.695738218,0.612651312,0.515112558,0.598959682,0.546196965,0.442482105,0.262674797,0.135618822,0.395829701
322,USC00506870,65.8,61.5889,-149.0992,PALMER_JOB_CORPS,73 years,1948-2021,0.25234155,0.043387018,0.339701602,0.524107794,0.467296364,0.359179205,0.53140695,0.269697612,0.213329089,0.415819112,0.004467337,0.132970332
323,USC00507442,0,69.75,-163.05,POINT_LAY,64 years,1941-2005,-0.162884373,0.029910754,0.339233898,0.539356188,0.213894529,0.100503236,0.439340308,0.417784304,0.071041223,0.692791591,0.478579574,-0.113883378
324,USC00507783,566.3,62.0911,-152.735,PUNTILLA,79 years,1942-2021,0.072695171,0.009162851,0.262393406,0.616241981,0.493071829,0.486233405,0.403826272,0.200946943,0.318167804,0.462595628,-0.092070183,0.01442297
325,USC00508140,207.3,64.4942,-146.9767,SALCHA,91 years,1919-2010,0.129548525,-0.085430166,0.186523713,0.363995584,-0.469738695,0.13184039,0.599715811,0.685790244,0.370504229,0.246184081,0.107085666,0.463981441
326,USC00508239,16.2,63.6936,-170.4808,SAVOONGA,76 years,1929-2005,-0.3408626,0.387238441,0.537692446,0.290472983,-0.142579915,0.668827832,0.284274202,-0.010732462,0.566319125,0.594586538,0.745866907,0.650980639
327,USC00508437,3,66.25,-166.0667,SHISHMAREF,86 years,1919-2005,0.137856495,-0.109524385,0.138622878,0.22112605,0.662155652,0.152312029,0.083825372,0.819713798,0.445652613,0.427603055,0.884164344,0.306839513
328,USC00509015,60.4,65.1667,-152.1,TANANA,131 years,1882-2013,0.14795675,-0.137376591,0.420785651,0.422615112,0.03568611,0.030729787,0.611406096,0.257659193,0.02976162,0.240317887,-0.102708231,0.034230875
329,USC00509385,481.3,61.6511,-145.1703,TONSINA,107 years,1907-2014,0.216366554,0.039532932,0.346106976,0.377637524,0.230991082,0.184034085,0.546424868,0.274281411,0.289972925,0.27257633,-0.06430014,0.110833938
330,USC00509641,144.8,64.8569,-147.8611,UNIVERSITY_EXP_STN,117 years,1904-2021,0.064568359,-0.148770664,0.250607075,0.393016384,-0.117562502,0.149499874,0.26144755,0.11273786,0.105199496,0.244298917,-0.069887227,0.138924489
331,USC00509829,18.3,60.7764,-148.6858,WHITTIER,69 years,1942-2011,0.049390151,0.2171217,0.501488017,0.560398404,0.608080802,0.160525814,0.403762544,0.569884411,0.373840551,0.43268537,0.258906837,0.116320771
332,USC00509869,349.6,67.4192,-150.1069,WISEMAN,102 years,1919-2021,0.676568593,0.181893146,0.106890594,0.502416131,-0.206405307,-0.115664413,0.329308716,0.87532778,-0.374087224,-0.485704492,0.34237544,0.728963874
333,USR0000AFAI,138.4,64.8367,-147.615,FAIRBANKS_ALASKA,90 years,1931-2021,0.182936583,-0.060294102,0.392987339,0.423952617,0.087606422,0.181463251,0.425267857,0.037187797,0.090984669,0.268865121,-0.077439815,0.190297339
334,USW00026409,42.1,61.2169,-149.855,ANCHORAGE_MERRILL_FLD,105 years,1916-2021,0.323692151,0.177354994,0.242414972,0.607422526,0.725108676,0.772583903,0.564872779,0.433927449,0.253637837,0.359037517,0.144308807,0.138056708
335,USW00026410,9.4,60.4889,-145.4511,CORDOVA_M_K_SMITH_AP,112 years,1909-2021,0.421586881,0.333560448,0.500628667,0.617983112,0.620412968,0.391671176,0.560584647,0.468820498,0.550839703,0.441191883,0.015338226,-0.129230734
336,USW00026411,131.7,64.8039,-147.8761,FAIRBANKS_INTL_AP,99 years,1922-2021,0.147463777,-0.067230247,0.346066445,0.518289856,0.100177628,0.171937426,0.427624479,0.102929811,0.12460301,0.264133085,-0.031430314,0.199484216
337,USW00026412,522.1,62.9614,-141.9292,NORTHWAY_AP,79 years,1942-2021,0.21182527,-0.058393864,0.297187069,0.517600997,0.096214774,0.041722023,0.53633967,0.186181798,0.242494777,0.298554682,-0.013140102,0.154974018
338,USW00026415,389.2,63.9944,-145.7214,BIG_DELTA_AP,102 years,1919-2021,0.142769947,-0.01144124,0.289840154,0.482788445,-0.022253455,0.060266795,0.549814016,0.069815246,0.069919486,0.270321092,-0.082005625,0.078454805
339,USW00026425,476.1,62.1592,-145.4589,GULKANA_AP,112 years,1909-2021,0.217428761,-0.055194981,0.279298383,0.361407719,0.22249184,0.020725157,0.459251041,0.256662176,0.19703498,0.389776241,-0.056258101,0.109210213
340,USW00026435,109.7,64.55,-149.0717,NENANA_MUNI_AP,104 years,1917-2021,0.083044088,-0.242080227,0.302278329,0.377039963,-0.085250594,0.049112737,0.461734578,0.025992286,0.269197385,0.173030136,0.024290951,0.161876689
341,USW00026438,6.7,60.1283,-149.4167,SEWARD_AP,113 years,1908-2021,0.240555504,0.149416214,0.406557608,0.398974278,0.65743458,0.166853321,0.236324049,0.396298921,0.429400489,0.329409282,-0.015694088,0.05176054
342,USW00026440,469.7,63.3783,-143.3483,TANACROSS,97 years,1904-2001,0.001630273,0.064692678,-0.112917685,0.208035019,0.117220216,-0.385624346,0.714704715,0.445854689,0.161168813,0.418881384,0.142155958,0.212365926
343,USW00026442,29,61.1303,-146.3517,VALDEZ_WSO,105 years,1909-2014,0.418358314,0.329771376,0.602215669,0.649503295,0.69844427,0.406600596,0.535854119,0.506853068,0.520764755,0.377041227,0.211508639,0.291385957
344,USW00026445,8.2,60.0833,-142.5,YAKATAGA_AP,61 years,1943-2004,0.677536984,0.201184096,0.432961807,0.347832629,0.674210045,0.705053861,0.66303822,0.44167847,0.603104538,0.471062219,0.160042785,-0.252006965
345,USW00026451,36.6,61.1689,-150.0278,ANCHORAGE_INTL_AP,105 years,1916-2021,0.374378437,0.15748664,0.434994104,0.543855473,0.551895315,0.491065189,0.583795349,0.457170216,0.362897748,0.402379943,0.061178909,0.132070301
346,USW00026508,81.1,69.3694,-152.14,UMIAT,56 years,1945-2001,0.227987063,0.204488443,0.441961882,0.455331902,0.567777792,-0.083982221,0.449528571,0.414525524,0.320664716,0.124002023,0.434017839,0.156488942
347,USW00026510,101.5,62.9575,-155.6103,MCGRATH_AP,80 years,1941-2021,0.05301482,-0.117643373,0.352305244,0.551264866,0.073293454,0.262950395,0.482781564,0.161751899,0.071305951,0.25272255,0.001381939,0.211624708
348,USW00026514,45.7,61.9772,-151.2169,SKWENTNA,77 years,1939-2016,0.174192223,0.160617558,0.245767837,0.611999703,0.602199985,0.545202735,0.498804319,0.425954674,0.374252547,0.532578908,-0.113026868,0.35732835
349,USW00026516,26.2,61.5833,-159.5333,ANIAK_AP,92 years,1921-2013,-0.156558547,-0.045955334,0.400321815,0.312750416,0.071600181,0.067570434,0.156798337,0.040357903,-0.107186434,0.280676986,0.013351105,0.188337036
350,USW00026523,27.7,60.5797,-151.2392,KENAI_MUNI_AP,139 years,1882-2021,0.341593021,0.208937457,0.442594327,0.632197978,0.68968253,0.730124778,0.694913954,0.227647422,0.269396494,0.377363661,0.099298692,0.027117752
351,USW00026528,106.7,62.32,-150.095,TALKEETNA_AP,103 years,1918-2021,0.330963378,0.180136931,0.358216928,0.568106988,0.443495061,0.293265667,0.392615329,0.279410831,0.200317942,0.468200121,-0.005418775,0.069211349
352,USW00026529,69.2,65.1744,-152.1069,TANANA_CALHOUN_MEM_AP,119 years,1902-2021,0.172707365,-0.066314351,0.446467499,0.515538558,0.079951674,0.17882637,0.574219902,0.247582894,0.105091421,0.227128817,-0.073656168,0.11242664
353,USW00026533,195.7,66.9161,-151.5089,BETTLES_AP,76 years,1945-2021,0.138800954,-0.07796142,0.337932942,0.50544762,-0.053683928,0.011079662,0.402913137,0.176627053,0.160472215,0.153546977,-0.052806366,0.116178085
354,USW00026615,31.1,60.785,-161.8292,BETHEL_AP,98 years,1923-2021,-0.041539005,0.037883946,0.43532479,0.553914797,0.228698818,0.225372203,0.293137286,0.115936425,0.043131047,0.108427339,0.134167658,0.198915875
355,USW00026616,9.1,66.8667,-162.6333,KOTZEBUE_RALPH_WEIN_AP,124 years,1897-2021,-0.004735147,0.094384854,0.396701986,0.50059817,0.419109073,0.258652578,0.40849779,0.167736835,0.149460019,0.227068889,0.091167738,0.117704385
356,USW00026617,4,64.5111,-165.44,NOME_MUNI_AP,121 years,1900-2021,0.021835846,0.092437707,0.446076602,0.478037856,0.127416252,0.208038902,0.485256076,0.161573206,0.220770363,0.313437884,0.154466384,0.112313102
357,USW00026627,5.5,63.8833,-160.8,UNALAKLEET_FLD,72 years,1941-2013,0.104030342,-0.127755662,0.533971385,0.437872342,0.328859854,-0.108693654,0.641144274,0.04763212,0.140783357,0.322531869,0.032088816,0.015317692
358,USW00026703,8.2,63.7833,-171.75,GAMBELL,77 years,1936-2013,0.313870006,0.065465754,0.273158137,0.170441975,0.411293849,0.323602394,0.433328603,-0.188821019,0.324851144,0.861532278,-0.034206037,0.223592208
359,USW00027401,11.9,70.1333,-143.6333,BARTER_ISLAND_WSO_AP,74 years,1947-2021,0.061011107,-0.023731523,0.565575441,0.463917863,0.205267418,0.40648531,0.384484193,0.446664335,0.392158089,0.3068216,0.24244663,0.087114789
360,USW00027502,9.4,71.2833,-156.7814,BARROW_POST_ROGERS_AP,120 years,1901-2021,-0.012789936,0.239656261,0.470744615,0.400471723,0.384336545,0.26500566,0.574488759,0.574735959,0.577301948,0.410975163,0.321990628,0.103765323
361,USW00027503,9.1,70.6392,-159.995,WAINWRIGHT_AP,86 years,1935-2021,0.149064806,0.136454484,0.354471315,0.405610665,0.286128647,0.441636449,0.611066442,0.4756723,0.269416201,0.555078524,0.229276861,0.01240269
