,Unnamed: 0,V1,V2,Correlation1,Correlation2,Correlation3,Correlation4,Correlation5,Correlation6,Correlation7,Correlation8,Correlation9,Correlation10,Correlation11,Correlation12
0,1,CA002101300.csv,51,0.20885491546882742,-0.020291121092263633,0.2045854637598715,0.5142037774619788,0.33420668616925997,0.056821929048733746,0.27146768665945475,0.3211641319048582,0.08808977702900903,0.36759991021538146,0.15900156477421493,-0.057143904420232976
1,2,CA002101415.csv,51,0.23138950415833398,-0.016777166453434782,0.2044420796907704,0.5171793692314476,0.3213978154331567,0.031969015662967885,0.23398738402405067,0.38630327579576546,0.10670529691620548,0.423177962482878,0.11938156404020374,-0.09436130460910117
2,3,CA002201900.csv,44,0.14243239671675118,0.26895545844712715,0.08628369774657119,0.4496307895525384,0.42634849910304157,0.5648152413925973,0.43538977698118925,0.013984223880986503,0.3467609861370791,0.32391154584801857,0.301159144775741,0.08063840228549263
3,5,CA002202101.csv,51,0.09421669279043561,0.0961634011558844,0.2904100857143533,0.5095963642883056,0.28401176426381836,0.177504776514825,0.30188849455826594,0.0876368974340181,0.08339075427700221,0.16604981496953017,0.15758979638947862,0.049619293659230755
4,6,CA002202115.csv,51,0.1052082095266561,0.08512151019754939,0.2757289368831588,0.4879656385854068,0.26633344300421546,0.18930370418849435,0.2588424779267749,0.07421829111025083,0.10422615701367142,0.1556603899204454,0.16531448114813857,0.05078163785490318
5,7,CA002202196.csv,51,0.2029627528045776,0.2044966099847788,0.2357473162296785,0.3741542748820802,0.3368472358160588,0.36421870575583176,0.3823692748859668,0.04824182262634881,0.12072756945820506,0.2381353912285635,0.30386059650118347,-0.09334579568548002
6,8,CA002202198.csv,51,0.2032508284966325,0.20114912069398186,0.22155627951194698,0.21199693715635437,0.05301990325555293,0.35666326596335607,0.3571855361424353,0.052129378347272645,0.1036361519107034,0.22880488698531307,0.25307764712835334,-0.06577733929200041
7,9,CA002202200.csv,51,0.20449860753579352,0.2083022058396805,0.2519407230360179,0.3642215999876037,0.33848611408779067,0.38492279307808125,0.35217752309568345,0.048296818194585096,0.13212413718542443,0.22740381030816745,0.3190295160199474,-0.018949538042193844
8,10,CA002202400.csv,51,0.1253206609376659,0.15529241967746873,0.11810816852465629,0.42996592194283617,0.4507010388241486,0.201895899493223,0.2719512035703288,0.08333100012445677,0.1557312385946099,0.2313662243032782,0.29557945738507935,0.011216813313380628
9,11,CA002202800.csv,51,0.044704497921693336,-0.07018800950630419,0.28454999264992636,0.5093891367315097,0.3435766236520102,0.21608468914210102,0.3216360108755003,0.07868397458692887,0.13398581494767292,0.10061714842217806,-0.10565741524851975,0.0682715738419914
10,12,CA002202801.csv,51,0.003215342256336715,-0.057833234064405575,0.28882457642136256,0.5030082126053509,0.3384637272141316,0.2491890096714101,0.3082325937225382,0.15120925848986758,0.1520307522075838,0.046918468073857106,0.01162265272641583,0.14557209369770333
11,13,CA002204100.csv,51,0.11348651403565248,0.19914032912026433,0.13415096392376408,0.4416003521984622,0.3694915962531446,0.3786768468015831,0.32474850172079595,0.15555693717208055,0.2617797764537612,0.2720677199182888,0.2887979881766956,-0.01502283908686698
12,14,CA002300500.csv,51,0.08589942655702845,0.09378015599921669,0.01786600825213562,0.2531090174804278,0.555101783766062,0.6251221280656217,0.4163269551094426,0.25141924133173915,0.556705760142243,0.40081330466033555,0.21658964877583076,0.08767126832070077
13,15,CA002300707.csv,50,-0.009739490923180492,-0.025329310549704567,0.05857837272397449,0.2284642103640949,0.5959241812811599,0.7086428604321232,0.43278429089143433,0.36409595179927645,0.5536723132429638,0.5324161325826737,0.093393270255056,0.05375036699424061
14,16,CA002300900.csv,51,0.06673764057413797,0.2290553512694469,0.16195648764068812,0.24255503879763912,0.3658186957051917,0.6597924962889378,0.3164133669495514,0.2645720117465337,0.2856353967204135,0.11678425039478854,0.36542246516033206,0.0711706006921843
15,18,CA002301000.csv,51,0.1367572967374936,-0.019353600428957524,0.21800385282284054,0.10924682555153471,0.5101000377735962,0.5252259050583675,0.4117401840450875,0.3363016648778556,0.4355084686648691,0.4166366743583125,0.21246379688452233,0.13208007772486877
16,20,CA002400600.csv,51,-0.020665327463919067,0.04336683189652923,0.09397353142647989,0.11700796346509584,0.4721848270908982,0.5754495755045577,0.47229118705870093,0.4898339805419866,0.47524781259028115,0.1464853122869828,0.245198691544909,-0.040150071017853874
17,21,CA002400602.csv,51,-0.024259886544969102,0.04335901799926128,0.06116098162472544,0.09864389867401156,0.4678695525875709,0.5910808344979189,0.48271395384848387,0.5007272122087242,0.46788409722378815,0.1269425277862358,0.2201242055782793,0.04210110367183595
18,22,CA002400800.csv,51,0.35987965876328315,0.14040710125481692,0.04788747343761292,0.09083282364697073,0.2606399494312384,0.6641009063607457,0.3639566171557364,0.49027516830951945,0.3139264059455655,0.4768016554692696,0.3905752678591638,0.1926348579399199
19,23,CA002401200.csv,51,-0.03586936601644349,0.04902495346617693,0.2237854414881631,0.3167081328381264,0.4162162964570262,0.4214903164041663,0.17770543352734258,0.29148537075193637,0.26999802095841635,0.14114142237562766,0.3262352565103684,0.11327062992065975
20,24,CA002402590.csv,51,0.35518870250029927,0.061662478475040784,0.05522718398227639,0.13424088102369933,0.4012282879544123,0.41778836226431515,0.27004588409826524,0.3451289404442214,0.28453733859938096,0.3770668113700993,0.15141916608865252,0.11558168088231063
21,29,CA002403500.csv,51,-0.06968147783320983,0.006337070102163726,0.06726431610087916,0.1014477871965965,0.3278610356214835,0.46702683925524197,0.30629839282628846,0.35985298139664507,0.38111915529168766,0.08127818004960585,0.17368302266044963,0.2004533615319945
22,30,CA002403505.csv,51,-0.036938479015744714,0.004780136942477563,0.06616212705090059,0.061699220199348086,0.3031912421036731,0.46255728987156164,0.3025929881790803,0.3554029493675574,0.3802999299009345,0.08270178964513576,0.11227135902693161,0.0004896813468579568
23,32,CA002502700.csv,49,-0.01962010401419104,0.10142648316440026,0.20338729179423257,0.4377239651554776,0.24900279591351873,0.3614870638169337,0.20790935253806206,0.4847353731968587,0.185299663898865,-0.23889316050995982,0.16953908462070874,-0.11500183502885808
24,33,CAXLT660207.csv,51,0.3785065222294504,0.0785518667957899,0.11620936962402169,0.01830453154267309,0.31531855716608415,0.4029240189133231,0.2957501304447041,0.35674220687487734,0.24856105419484267,0.3117046211433222,0.13758908004341783,0.15391999041590518
25,34,DAM00006011.csv,51,0.14387016355972992,0.3654869930347935,0.2480653565834577,0.19235576092984816,0.0881809101538749,0.2668165694880779,0.6834520116171621,0.31214644538433356,0.04130586727960005,0.012469586696468318,0.2629027843167755,0.014463622875750318
26,35,FI000000304.csv,51,0.5815006441399507,0.40032695899386533,0.3162634566138627,0.11291197644004299,0.013579401054143507,0.2604645162190148,0.29971351165039767,0.32025491665053796,0.22857189954626958,0.38465648673906505,0.011649979801608716,0.10417546856648681
27,36,FI000007501.csv,51,0.3987155826127976,0.3869195999610436,0.12113667160380154,0.18985655688997263,0.04524259997484926,0.21161685909993733,0.18552014965706545,0.18671319777592016,0.2370313626242092,0.3163059288907073,0.04003422785621022,0.17673780108599996
28,38,FIE00142080.csv,51,0.5160767995941441,0.4058180965647057,0.19445577285288823,-0.008685080295448393,-0.017031772871706777,0.38444794353602363,0.27500117159096,0.37937842636073377,0.2860225263752968,0.37960131557811266,0.04004403125179762,0.11887696555260174
29,39,FIE00142090.csv,45,0.5173341432590355,0.44936290093278164,0.3972676836478309,0.3015842549968632,0.035539575801961765,0.1483724932164881,0.283433388662853,0.2463640694367421,0.34114453317785126,0.4759616156354662,0.03999101858420953,0.10576067979009877
30,41,FIE00142111.csv,45,0.563675324329222,0.3810272547343952,0.2577115263642652,0.07571080328860277,0.002433354919572041,0.3384121372244932,0.32209059658299694,0.486890896920732,0.3400708679012307,0.34055157314665885,0.04366328546004471,0.12714930673928
31,45,FIE00142241.csv,49,0.5661434317868759,0.3920802009914533,0.2447791103726165,0.06414506857005971,-0.0024407152771333796,0.2814356426263249,0.337367632785792,0.45977359309089333,0.22032414497304523,0.3522322477903488,0.033573582628029154,0.14337884127280606
32,47,FIE00142251.csv,41,0.5736748185875638,0.4359539322565207,0.35096873753630614,0.13700345176542178,0.05901327237061059,0.3414051838154588,0.32782161908255886,0.4251562952262458,0.2362066457804751,0.4470059000417993,0.0898812799548305,0.1164003351147566
33,48,FIE00142296.csv,46,0.5749140987494615,0.41766241705289436,0.28946597184176615,0.07290292626676631,-0.00988242425576458,0.34408260000925156,0.34973694085928364,0.42904907357988875,0.2726525384334603,0.3205043633445032,0.1073836132048889,-0.0017627996864787716
34,53,GL000004250.csv,51,0.4453804587112674,0.3643849080607858,0.2003002233466254,0.30630851559710054,0.5021534328316031,0.40529939644311586,0.451977077203009,0.4047026631310836,0.17634034147454894,0.020640954394037066,-0.18169921762349714,0.21063020661083756
35,54,GL000004360.csv,51,0.1142125032786819,0.43418980255419093,0.45815568893004166,0.30593121638463094,0.5815659582043512,0.3783800398024547,0.7174430226565442,0.061996557223891996,0.08714903126642935,0.25717594650389886,0.2666142217911102,0.0024129540063506914
36,55,GLE00100981.csv,51,0.5610948965262865,0.5432566938413804,0.34491920960992295,0.2196325539940288,0.33953746806399465,0.27563424797017505,0.6047800748612618,0.003615835427127907,0.16611071915123446,-0.03239272479465404,0.08267658685183542,0.2792188532933472
37,56,GLE00100992.csv,51,0.5025961541273299,0.5605656592716252,0.3460255081410207,0.26399295358085406,0.36385741892550055,0.3008978335780933,0.5989300642154659,0.02182640416068963,0.19747664343226756,-0.021520623255628576,0.0993047984648739,0.22493678308320744
38,57,GLE00146901.csv,51,0.3165859513368185,0.2300427749315053,0.17072055634154154,0.2253406960723408,0.2618807289564623,0.2419200572838125,0.5486544223546382,0.30096405110159097,0.3099801157982548,0.28269049066502644,0.38070668843443894,0.17204357567053186
39,58,GLE00146961.csv,51,0.4208415105519413,0.5686535316860033,0.3877207001648926,0.24313958412533995,0.3163882331276906,0.21535893805628745,0.5478406311340073,-0.001067548372405083,0.14901769068325135,-0.06740249511708,0.11173247330583967,0.21376336042119226
40,60,GLM00004220.csv,51,0.5797452799514156,0.5546584642376857,0.4226898311742294,0.3871768509824058,0.5012299403438156,0.37271499978123496,0.5383820194971267,0.3003937193576666,0.1861499457847253,0.23270569715182476,0.3057716805782811,0.21548784521002187
41,61,GLM00004390.csv,51,0.30322146894843943,0.4654673892812781,0.1633898821657723,0.2518012647738078,0.47207182934743425,0.3449796650917117,0.5119661455005365,0.5269174750014879,0.46662098016076775,-0.05664261671069534,0.2105335341049382,0.16968497548829103
42,62,GLW00016504.csv,47,0.3471414829498386,0.4351066174908681,0.3294139186906513,0.30469408206807524,0.3881523390677329,0.2671920090229469,0.30394478556014093,0.1000167946924385,0.0851067787769934,-0.11709372838467016,0.015702387885208575,0.1277665387202229
43,63,GLW00017605.csv,51,0.4497378291717758,0.3806869890958438,0.2730798162838649,0.5706920366750179,0.3653927356414601,0.6725596201658617,0.6111371701745358,0.4169530510039623,0.04054544238415985,0.5465999328051353,0.40308565617275544,0.2896048579778655
44,64,IC000004013.csv,51,0.06270817948655368,0.38934351638740716,0.35956745398026396,0.07965398434735652,0.21924742159862365,0.19811962064758673,0.5145551908645499,-0.0160238087331311,0.10203840437370167,0.13408605761545242,0.278905223635236,0.057775602287017745
45,65,IC000004030.csv,51,0.04150117774736166,0.37822400952415536,0.40204406432466594,0.11241350258227624,0.24452135169236303,0.3405063885816061,0.5239573239101937,0.13757476607275432,0.010891509973578581,0.06909881763240272,0.16943645591565,0.007736060951478515
46,66,IC000004048.csv,51,0.05159862592098114,0.30877256809431847,0.3823940642665917,-0.08121504525109256,0.3448158821983614,0.5438569356540133,0.7011643984075756,0.3987957554590968,0.13317207026148337,0.10929030229052164,0.14502246418543263,-0.12946366019185843
47,67,IC000004063.csv,51,-0.009600199138105944,0.3225546809043259,0.31999612544094647,0.06785981368824254,-0.07043061054072991,0.017838422191256614,0.4882566903231974,0.11045978865951683,0.08747547170650095,0.02275561996175231,0.22007802154655876,0.04340933156279803
48,68,IC000004092.csv,51,-0.03992945747841342,0.413838626463835,0.3077436144457992,0.15160420015890558,0.33221136701805093,0.36573335603984924,0.6740235930317304,0.44120749043977303,0.23542350931657333,0.03623473690111888,0.21513819324775751,-0.10416853976837978
49,69,IC000004097.csv,51,0.009715176868198361,0.35418845467111915,0.29747141346828465,0.12375853730242393,0.20636484810134484,0.20055085862937647,0.6024235658854674,0.379581284584101,0.24312315603869852,0.1096895497797634,0.2729603685773366,-0.08605284346474269
50,70,ICW00016201.csv,51,0.13657718919546044,0.3927714698410924,0.3968008810074844,0.15465358070636837,0.2724790588427474,0.4617604397890934,0.579796328565944,0.20677281033204328,-0.04619148036040838,0.010745850122968872,0.10780157470317478,-0.04712036841872513
51,71,JN000099950.csv,51,0.24194415586760265,0.3730091808551856,0.3868876047525069,0.230905275128578,0.476638258906772,0.39850461941080695,0.4763330113205903,0.5363401677880766,0.27278749644838884,0.39641690385688283,0.46231368168017056,0.10084325349868213
52,72,NO000001026.csv,51,0.1896540789207377,0.38357607432822727,0.2333015836135566,0.3038468714951599,0.1870505546972589,0.24645049047887424,0.4002289031827971,0.21970234073476017,0.14594837704182712,0.18823919467315928,0.028905583222251084,0.1432703383069196
53,73,NO000011520.csv,51,0.18118532154600886,0.3017709953312876,0.316338944534693,0.12105808228554275,0.101239595582524,0.4387528456965062,0.23199593650255187,0.13745931840129957,-0.025958665077108235,0.3425229131401538,0.042688803613240185,0.23692219611837195
54,74,NO000050550.csv,51,0.5056158936876485,0.3648855297029827,0.23869129480961027,0.120828959938156,0.12731727470368553,0.12926755321442931,0.3894814558603648,0.01869335680709885,0.05509029561648288,0.2723204558164424,0.2881715928061798,0.11041594042495144
55,75,NO000068330.csv,49,0.3999273957118701,0.41492115174505595,0.1816318212193532,0.05005054105266786,0.3711540738821795,0.07407132857834797,0.3870814337695902,0.2620005094578359,0.08658660967510322,0.18159345059994428,0.40236265741723076,0.24476980633344825
56,76,NO000080700.csv,51,0.33001051152686095,0.33181154940117974,0.0995682703894264,0.003722743631223287,0.10817869999642495,0.3447987377661677,0.3050687615195896,0.19033169447855722,0.07710835558629563,0.3527048400452176,0.12355359535160769,0.2721452234688471
57,77,NO000097250.csv,51,0.2400692134410536,0.4438703435939059,0.1981876000531222,0.2657413671347701,0.1617271647509202,0.27740071305293323,0.29228081950720597,0.235742729884465,0.2436897307246175,0.20498577519413697,0.06257594699560563,0.24073563758156033
58,78,NO000098550.csv,51,0.47210788541499876,0.41386978720226,0.3644622674796283,0.2976362148396001,0.28883983436971045,0.3999692548727406,0.3910795486757668,0.23931714049170796,0.328851462859504,0.258848438506882,0.04802733862740479,0.06800670647737846
59,79,NO000099710.csv,51,0.3965579613112956,0.24725033560345477,0.5187533404374831,0.4530038148922867,0.47033999618983086,0.5342318482606884,0.3589095030158689,0.372148180722269,0.3909780335135286,0.4570350230444047,0.5319350932406285,0.20190053928039697
60,80,NOE00105467.csv,51,0.3277728710857047,0.391840146235713,0.14986495565476488,0.1843935696400271,0.08464392857134967,0.3691661829373116,0.3495981909102713,0.29824525859376283,0.10977131704284976,0.3210537973726777,0.005883175793647661,0.2412795934870519
61,81,NOE00105476.csv,51,0.48713375680035437,0.21768934217417246,0.49154832171943325,0.33106729710247945,0.44073441624843385,0.5892854791872334,0.653019532530552,0.5738491614211252,0.4439511436040834,0.5535401051794614,0.5731876724352472,0.1852409364671216
62,82,NOE00105477.csv,51,0.2442480200461368,0.33166423380651533,0.4122675388868713,0.2402464517260823,0.4944309187096529,0.39561700945564615,0.49493650254572374,0.5193521792819126,0.28541486918028686,0.40079283846355,0.44544508102184577,0.10474589510253282
63,83,NOE00105482.csv,51,0.6479179193001995,0.4074248998787811,0.2842147453075927,0.3321355924228077,0.2669903323723989,-0.04807432805734919,0.5679526574296822,0.35307554978980193,0.03206884655365254,0.34047175552191444,0.42323158535785727,0.15448947842274963
64,84,NOE00105494.csv,51,0.45853551319267194,0.418331471149388,0.3404743911454885,0.29222939170572615,0.2984429370600573,0.38679797509888514,0.42349518045074835,0.26149439967545984,0.3182284027592919,0.25473981650867716,0.032580756685175176,0.058164824511666526
65,85,NOE00109394.csv,51,0.1881525753921248,0.4137356725979612,0.1255884178231283,0.2891579616110357,0.16754852437959475,0.29896130292029804,0.31592238325772215,0.252733652530164,0.1335118944556495,0.16707735586670514,0.03949383908069505,0.2776279515552569
66,86,NOE00109514.csv,50,0.6833656496702469,0.43574819013736327,0.2950086476876846,0.24350408309637328,0.1573565337331676,-0.10914053685424051,0.5366063174403011,0.3660314239320597,0.12291139382106142,0.3834855468356763,0.34258598087131076,0.10655666611048167
67,89,NOE00111273.csv,47,0.1949340742055096,0.40917780812885396,0.09918712768312961,0.2588016094582887,0.053297937830320385,0.26963553146527536,0.3336593970072951,0.21088753469575144,0.02057632654449697,0.269629963353165,0.015049657035473119,0.19916325861858442
68,91,NOE00112071.csv,51,0.5247960452751496,0.35404707022860865,0.22301860558748132,0.18904023449271057,0.16103824658765753,0.17837198209903096,0.32695833798845664,0.04656238009064033,0.054782311004724936,0.3746870809137106,0.1318427867292123,0.11583565327837719
69,92,NOE00134898.csv,51,0.1914879168724686,0.4062759746440446,0.24441826313750908,0.3481288985500503,0.1527488204774343,0.2804429440422647,0.4613454250622368,0.19992746564070168,0.2317172087170666,0.17753792974534396,-0.0061758513567528985,0.17526383812297935
70,94,NOM00001238.csv,51,0.5855763188285801,0.38252702520215975,0.05286203852113701,0.15711927835598144,0.24398737620246258,-0.07247097785559925,0.39086207564988645,0.11889569025883,-0.07646870484090368,0.23086788104968356,0.23220215187496993,0.2892747278938045
71,95,NON00006020.csv,49,0.6454340485005757,0.3872143495138671,0.21007321207852264,0.01686672540251486,0.21509063555278177,0.0512683710744558,0.33445405641020187,0.23991196238998994,0.07179262499265805,0.3213853383205493,0.4720013081412386,0.07919198108782212
72,97,NON00050300.csv,51,0.4850967916005597,0.47895294511589387,0.24739439622974815,0.3175391803174582,0.09619022950887654,0.24430350855309463,0.45530775963365333,0.1833632199783339,-0.18972845322332443,0.11375993267872789,0.3781876162499752,0.30903162042074583
73,98,NON00052290.csv,51,0.6183980328341548,0.5402169937458052,0.295604593862825,0.289084229783279,0.3617758975560237,0.21958349487498882,0.40577051405922765,0.20198593726516165,-0.053624361945215256,0.3039907566286079,0.25305337345718926,0.2441319985045582
74,99,NON00053100.csv,51,0.46777681974245067,0.39670137298122576,0.21503431016143273,0.11421418813397653,0.3167257780540611,0.2988142886548579,0.3058982080488041,0.024116920158753732,0.08271600189998847,0.4077624422337924,0.3340367540106984,0.2261660057201249
75,101,NON00065100.csv,49,0.492941101309989,0.48533465452646907,0.11279834485126927,0.01985586771831763,0.15528661578794153,-0.0014564069263433579,0.16543064930409265,-0.034322315572551804,-0.003626999439266702,0.09450288480183464,0.21668265126339722,0.2809099114939409
76,102,NON00075600.csv,51,0.3697684965314541,0.438457852202347,0.14613384535912258,0.06887157460067059,0.056141814734432936,0.335211319701795,0.1369811400674844,0.09643977408866014,-0.06882014395455024,0.448153463592942,0.19971800355712882,0.30925874799579073
77,104,NON00087100.csv,51,0.43294528684742223,0.5489747661784705,0.5040095615028959,0.3752158243316102,0.3042914730816289,0.2418914182431161,0.17044067665750842,0.23225640829218888,0.3695031774408119,0.5164709267510302,0.32228442372957106,0.4401483368791694
78,106,NOXLT905825.csv,45,0.13249227245000147,0.38989093336799624,0.2833809357356927,0.33037756993811573,0.17445429722805214,0.35440642905669084,0.42372061865567767,0.23966429076882298,0.28509669162654344,0.1434995582410471,0.04799280981260816,0.26469547601157256
79,107,RSM00020069.csv,51,0.2365640496526876,0.22165312052885863,0.39133392152513363,0.16628042650596803,0.25618628915588676,0.19738739801800412,0.3558272248114244,0.35741430691086673,0.5523918692348286,0.3631702126812512,0.426605291526726,0.06472553171938784
80,108,RSM00020087.csv,51,0.16176326063518076,0.2617209282784815,0.4608869811729264,0.18877011925182033,0.34027181975075416,0.09146512221759001,0.5305354749430615,0.6432001048566063,0.6592417357669467,0.5536525279926957,0.4506308954607745,0.005738183637346905
81,109,RSM00020292.csv,51,0.2670281266806311,0.33894436917853943,0.495942787762099,0.2930716548043505,0.30081985813497525,0.16361006795070374,0.38829674452703555,0.24619773128195657,0.429802401458175,0.3453060872422016,0.4246323200479948,-0.05138327629416206
82,110,RSM00020353.csv,51,0.25720853415601186,0.4346098191512406,0.4150473896851798,0.234426537892168,0.2056583565822551,0.2967221247766281,0.5668245752300991,0.5844156737950756,0.3917758766218915,0.3749665842202654,0.38643975949939274,0.01491533945910872
83,111,RSM00020476.csv,51,0.29591772268531086,0.2716570036027187,0.28089228333514876,0.19839564770064566,0.007870114732411908,0.017323752501158828,0.2139060464175559,0.3104955868037948,0.4594175412816144,0.25258916592551334,0.3118721255210094,-0.13265788684886498
84,112,RSM00020667.csv,51,0.1755777473167823,0.42425414112413545,0.11689575957887378,0.2178208857417623,0.24971025006064806,0.30590669049196323,0.4494206666709031,0.46969817000583225,0.2801912431463051,0.2801793825291499,0.27156015501635744,0.03685110360011959
85,113,RSM00020674.csv,51,0.2645000577200459,0.3929267860535313,0.2872110652115011,0.20985183534315907,0.13856492723653852,0.15132393745352016,0.3222475063135633,0.24863709562612052,0.35802295240727916,0.2945773952178655,0.26732665711417053,-0.15599800476316525
86,114,RSM00020744.csv,51,0.2877001285096733,0.4176332860917019,0.13218161408006016,0.2755042946355982,0.3699733014145616,0.3682425844538261,0.44529863902032396,0.2403432550662501,0.21777847957855012,0.24272589608171902,0.25283190115721477,0.005641490036507602
87,115,RSM00020891.csv,51,0.22563673175145396,0.2842678738801131,0.1792638225675038,0.29169183078364364,0.2038484490609136,0.18336919916613934,0.014967175777354257,-0.01945390090124616,0.420864067903181,0.3607369368163251,0.29287589647686485,-0.08541951879074645
88,116,RSM00020946.csv,51,0.32134260570774303,0.31830157665034825,0.052848738991217496,0.26636201692815875,0.48568111093699096,0.5478087139764237,0.6083991417118254,0.5720498312360061,0.2606868365275636,0.4605543960197379,0.3195728316025779,0.1201738320818796
89,117,RSM00020982.csv,51,0.2841969471481062,0.29226622837805666,0.10144976816083257,0.1301039357077388,0.10221296303068637,0.21931971943979373,-0.11261362999660016,-0.09931309631024865,0.3742483619208295,0.3886063656930294,0.2636763123130908,-0.020305928877126837
90,118,RSM00021432.csv,51,0.005017148129209021,0.017647998900202876,0.2961805632421117,0.40052461898326036,0.25086189263940756,0.40467909160807075,0.5486522544356448,0.6095920110315631,0.6546948035055798,0.46135445670235004,0.26438625753551914,-0.003939162852074917
91,119,RSM00021636.csv,50,0.09966222268888969,0.16734771364517761,0.5126695700282407,0.456865834890513,0.3418036448069957,0.3230769959459281,0.6875454445991913,0.6943940848514991,0.5350502701213964,0.3601114658499292,0.24841162253488072,0.05492554778059456
92,120,RSM00021802.csv,51,0.1521249892382351,0.16553776050457392,0.17241237349650287,0.4322269576503355,0.29666367998337023,0.03139855047202056,0.052517430464408044,0.04743784336672673,0.3986266400490237,0.1272213927666438,0.3465894148009079,-0.07675216256088478
93,121,RSM00021824.csv,51,0.09498993287288068,0.4345044428180259,0.4721614869690492,0.4547813825736601,0.4200762620959822,0.19880636563755982,0.3870375262393099,0.40475930736737237,0.4087431941748838,0.3357531395338397,0.26464705332269395,-0.014004191350275051
94,122,RSM00021908.csv,51,0.08096575962316022,0.14961718556501985,0.14244239666025585,0.2752478819899496,0.2389233798603016,-0.02492255331611604,0.15823105529948028,-0.015608605085194556,0.400554684648812,0.27229112425370594,0.4475101162428661,-0.11836064100027217
95,123,RSM00021921.csv,51,0.13377973531331472,0.36429732179306606,0.327724202756904,0.29292576982026897,0.387882730007028,0.012082700095216637,0.2792484384160005,0.2029231578786396,0.3689093975152222,0.2555137849422721,0.3322618200994999,-0.03955679002458945
96,124,RSM00021931.csv,51,0.1763764287379762,0.46499265711707227,0.453067835095662,0.42622637880415404,0.2972795247039031,0.18787523479411394,0.44717073187599843,0.40114781913297937,0.4176577233570438,0.2894011093501834,0.3649326812353561,0.031630870727023336
97,125,RSM00021946.csv,51,-0.053622178344320814,0.24239274636374203,0.4268326173124318,0.36690673184056294,0.19122318984532796,0.2829009885197456,0.3802182185393236,0.3842556245123301,0.3686137544168729,0.23871747856245792,0.07987202130027003,-0.10466061858480995
98,126,RSM00021982.csv,51,0.01724063549757445,0.2741275854083933,0.20453067023408114,0.47743241332156505,0.22380165137558303,0.22287519396828726,0.45429852518585917,0.39122229241783757,0.7354327436449627,0.3302147408063414,0.10547501963512776,0.013106550746027406
99,127,RSM00022003.csv,51,0.3413877068742055,0.515294599424821,0.3640833729862841,0.28981212666435574,0.2957030847777457,0.41941672939407887,0.37111047479764603,0.19375706083083913,0.2785179666929873,0.1516338454104545,-0.0750312525212204,0.07216852886700645
100,128,RSM00022028.csv,51,0.3136118188048475,0.48088664583777174,0.26724165886780277,0.23666206638406473,0.19833109075469224,0.3044797867153101,0.31474701496963337,0.24769640086352257,0.18899183702095154,0.2315938207638168,-0.12704515566895025,-0.015593844364560079
101,129,RSM00022095.csv,51,0.3492674586019175,0.3542874952534802,0.15114080484039655,0.35152849224431704,0.4899117598640694,0.4657645744929033,0.5043539769764955,0.2605298779677034,0.07003716622813026,0.25560919888281797,0.11678879089227232,0.00164229360275683
102,130,RSM00022113.csv,51,0.31780997305485686,0.4740906235212029,0.24840608380770288,0.15520860993944954,0.07458158804737507,0.20552550884563453,0.3114437608281387,0.17691426081046507,0.24317501506473768,0.23024052704840897,-0.055106815494082445,0.11644015735604943
103,131,RSM00022140.csv,51,0.4232092832447955,0.5631953316527306,0.34291740589570924,0.21937273232867957,0.3135619003223197,0.36021217249391985,0.44002779371167244,0.20085987098749955,0.32217650251834073,0.391215139740681,-0.07583144965113532,0.007602436954173969
104,132,RSM00022165.csv,51,0.35542691899878626,0.45116796443144286,0.31135295588605694,0.3011696495526005,0.38917560553438774,0.4271681957800772,0.5156281461859948,0.2531755062621182,0.26798169246162623,0.25098943103496774,-0.019566843717094547,0.0653718830399004
105,133,RSM00022217.csv,51,0.34848288983660985,0.4252793708487876,0.1380669008516126,0.1957422265101148,0.012120917451505763,0.24069556738762904,0.30491861233614864,0.2138525288523454,0.2704030764183083,0.3043739267064963,0.048072265327810115,0.12909794917589243
106,134,RSM00022235.csv,51,0.3013033292129871,0.3711280156802736,0.21640645439928965,0.18962993339923565,0.03724892963750946,0.24625567524207048,0.3054568535511256,0.1768173545437218,0.19656083339851588,0.2226626648786431,-0.060160464645949874,0.10611762136925379
107,135,RSM00022292.csv,51,0.2856782923353204,0.224341859438107,0.0867214940464648,0.3272924077704969,0.4409796409088173,0.4152800095499582,0.4880400006935853,0.17794805768592434,0.10062089220480715,0.13841236241144994,-0.1363174607098682,-0.029922353134480384
108,136,RSM00022355.csv,51,0.3702281402942973,0.4263516995558062,0.33709794545075206,0.3594360855916825,0.4898799819147136,0.4558123703305734,0.6024700805141628,0.37280094802787367,0.29891677693125207,0.23562144759577375,-0.0377821370420677,0.11426188934280157
109,137,RSM00022408.csv,51,0.4431080644336953,0.40187788290350207,0.11756734103041877,0.12318205805391073,-0.029087622635551858,0.2577098806289787,0.16253584481844655,0.18397280295884622,0.1956627412954245,0.2825331833263007,0.014662531622071501,0.11408842243124231
110,138,RSM00022422.csv,51,0.4262206758914515,0.4143853325175446,0.26384201790801765,0.14066012741696649,0.19289425540148117,0.3130229696566476,0.34872044736362107,0.2729566296015536,0.4087651522624108,0.2042828471841882,0.055468348489043216,0.11600805427442899
111,139,RSM00022438.csv,51,0.4136674456931947,0.40716902170083497,0.3798179014596345,0.2706029889350785,0.239657590765243,0.32111879706011065,0.4908697309631093,0.3346312245461843,0.30757309122913984,0.23258443540728366,-0.019693835438731228,0.07843771264018307
112,140,RSM00022471.csv,45,0.3377564148651416,0.4010025275431976,0.15576784604404548,0.2794023343088242,0.16215882792373643,0.2653283137369978,0.4068022278638224,-0.04815790325648869,0.13570636894888113,0.0028862300483688715,-0.26412918725744433,0.07993222874533273
113,141,RSM00022520.csv,51,0.43199494322881854,0.38182333871869534,0.22228687497169491,0.1578696806328431,0.18142968784605243,0.2684417182162512,0.3209166449503836,0.23499840878039566,0.25059167477270944,0.21121334107395243,0.042868685250827064,0.1343302349662097
114,143,RSM00022550.csv,51,0.33107688565487114,0.28697872269818736,0.15274274073535515,0.11231030307609634,-0.032072239517851577,0.19101066489538737,0.30548574600830936,0.06810490277970092,0.2092635544462674,0.08468478789219934,-0.15240568372947727,0.06448816319117023
115,144,RSM00022583.csv,51,0.2632081075386668,0.22487634725240851,0.08925863157289655,0.16264908172381579,0.22755368691519434,0.24102627507421173,0.3460413499438995,-0.026371054867106756,0.1266568921951592,0.0193091455388365,-0.18213477175602932,-0.0777217720681501
116,145,RSM00022602.csv,51,0.44624569945660664,0.33574336502396657,0.1509751078887113,0.12909870701409687,-0.08474246740149327,0.21319636588563717,0.18218918307096493,0.17394416607745533,0.22536692699854105,0.2723454658210634,-0.044750281976481024,0.10327458035146096
117,146,RSM00022641.csv,51,0.36124006595576774,0.2782119717994795,0.17879108570525828,0.08052200436281276,-0.07353995669227262,0.232331838985388,0.2753952704313779,0.08421400617497042,0.25766832504643056,0.16116313884858444,-0.11654969628348748,0.051664842668360016
118,147,RSM00022721.csv,43,0.36981811616986265,0.5125949084693868,0.2937552188303672,0.08388319822153822,-0.07466633600915494,0.3256528629360781,0.2135200236609892,0.28269579842475423,0.29556877772721224,0.1311976783329809,-0.06834202955900656,0.1760912245118338
119,148,RSM00022768.csv,51,0.3698113767685184,0.1436219105177108,0.09184483752745161,-0.03436308839743373,-0.11280107719511653,0.2519225269933113,0.29117740281758553,0.03267688858814783,0.1377775421704211,0.04528923912187618,-0.15124332500330606,-0.12653975063415226
120,149,RSM00022802.csv,51,0.4609888331935067,0.3484112099062549,0.3271640325835986,0.12192871401707667,-0.06728486685273137,0.31575301407336176,0.244294130051022,0.3428633138666236,0.2978722291528826,0.28565463387656415,-0.027524339748133904,0.04939745815596133
121,150,RSM00022820.csv,51,0.4094295160816218,0.2921234118244165,0.1908288819037196,-0.03734051755346507,-0.12038181524093657,0.34628955607757006,0.27818240720472864,0.2602600775157425,0.3302832212842967,0.23344018975406164,-0.10080140634821712,0.04167259719429745
122,151,RSM00022837.csv,51,0.3541612340786017,0.25760696869044136,0.29365199316560225,0.018407522581154977,-0.07611449293201651,0.29362234894022027,0.3267233871599317,0.21070474082306204,0.2988577640190609,0.1481637907909619,-0.1188784757933547,-0.016921085509066878
123,152,RSM00022845.csv,51,0.35354635092987513,0.2538994370883402,0.26627837447881775,0.03867384810345771,-0.14086337246384845,0.29098204918588033,0.318994753763443,0.12722214197607074,0.25657764637789415,0.11490696974261737,-0.135304924146101,-0.01629926042905723
124,153,RSM00022854.csv,51,0.3216819188969547,0.22439551638888308,0.1942829216550697,0.010818780870124979,-0.09125200786159474,0.2633574086198932,0.27174529757466076,0.059879243884649234,0.22350124207858504,0.09620877684831487,-0.16246255841297524,-0.02176983184665777
125,154,RSM00022887.csv,51,0.18585738927768333,0.18506704308803335,0.19158493007214583,-0.016794981840863248,0.06526955368540291,0.23242622835552737,0.3261040948533212,-0.00024340554072390449,0.15687634021492228,0.017303480188474336,-0.22065067630696686,-0.14741644230495166
126,155,RSM00022892.csv,51,0.45695952470909534,0.34057051481420236,0.24232729526609403,0.14238707832625777,-0.0395259752907481,0.3338160678573034,0.19686225440865002,0.33986825294153433,0.30885481238069257,0.3028235399552521,-0.03310621419029659,0.15194609392248792
127,156,RSM00022907.csv,45,0.5203999396676435,0.35806595963674215,0.3605240640826522,0.23766016074436458,0.10427526023995183,0.38024734293874607,0.337004927336873,0.42875441832744254,0.38374302340599903,0.41341176247240996,-0.06298013866060882,0.1283748101089538
128,157,RSM00022954.csv,44,0.2940820329644005,0.3303479182115357,0.15014238067193675,0.029205781157780882,-0.10749534559603606,0.3134971117868497,0.31452893729195425,-0.00101281513167281,0.22617644243166946,0.07069884403443027,-0.2768510819592705,0.04871260079188254
129,158,RSM00022981.csv,42,0.21625276746731373,0.22705565817816686,0.18213883894672983,0.03296616695186343,0.11184012466928536,0.2904154093299277,0.3356899291380134,-0.05178203503140578,0.0974990953720862,0.03255250769014669,-0.22711274694851227,-0.07656508962446776
130,159,RSM00023022.csv,51,0.2567256083795171,0.2948619652810561,0.034703929072124114,0.2808857806371898,0.39626810980819405,0.431378931408547,0.4199514289686416,0.2656278543934795,0.09699785169785714,0.22420583919484957,0.10531729164692008,0.012093979680509986
131,160,RSM00023032.csv,51,0.20371113283635695,0.2845109340966231,0.0009642216683459007,0.25311337383136395,0.2666851201160586,0.5744195374742035,0.48376866301133103,0.3112336433924571,0.20435007995342813,0.2720057441555796,0.14446291610511558,0.04266964767248909
132,161,RSM00023074.csv,51,0.34673973692928717,0.33727258969195373,0.10900538534791114,0.1331878220224396,0.184041325639138,0.2051324629277733,-0.07336160750726035,-0.11348389499625297,0.2623906513612954,0.2775787986523108,0.1932732061530186,-0.14189319418454172
133,162,RSM00023205.csv,51,0.3134099684852556,0.17212748210469908,0.025709097327088478,0.3081458869672877,0.42228088825087434,0.31348343329233574,0.33221202442861064,-0.01150930564466957,-0.0011582612104802524,0.09560967108552858,-0.13669976947955823,-0.039179928150368165
134,163,RSM00023219.csv,51,0.3096290603668759,0.11162138740788463,-0.032591027904434355,0.3196308055638334,0.44825676846120605,0.342890177256551,0.2426197491224517,-0.047962589853186355,0.03944032118870056,0.05816203626661659,-0.0682019966445372,-0.12338226421724133
135,164,RSM00023242.csv,51,0.28535427790503815,0.2653549065964194,-0.027286529800061472,0.3954588578334231,0.3685313845450221,0.287190537976726,0.22962262758267082,0.07501590226303216,0.11253724359573886,0.35958337653994976,0.1732137855246621,-0.11200842206122222
136,165,RSM00023256.csv,50,0.35494565643412457,0.2734477000019176,0.08249472838337236,0.38029615132437267,0.24646265925391342,0.1899681683121208,-0.017641831607824822,-0.010651879480045761,0.12749955962700452,0.3313395072693881,0.15987565246337726,-0.1157592139903135
137,166,RSM00023274.csv,49,0.48315297573398913,0.33628356247478225,0.15925926543350188,0.13624836214711472,0.16205273807647907,0.13708776539060666,-0.19678520806535033,-0.062379619783291484,0.16569309108167446,0.26503211799511656,0.2003913823732114,-0.020912487794164214
138,167,RSM00023324.csv,51,0.2790205606600538,0.10185917212644673,-0.006516180292026791,0.345515936295437,0.4614223012229638,0.34130794693977157,0.21771691051206596,-0.05861687188133304,0.08570415344260555,0.05972549648616019,-0.07518221293480548,-0.1420687100410378
139,168,RSM00023330.csv,51,0.2975206156546312,0.2366046997619025,-0.03277719395313102,0.4044154219851572,0.5507097296945029,0.3387900918222389,0.2954137629677125,0.037450916393012075,0.10045434601942527,0.1561933078494524,0.05810506479418807,0.0028378338253973305
140,169,RSM00023345.csv,50,0.2703844912847355,0.19014376800442337,0.011066651715521217,0.46542752740376875,0.420254811948937,0.26640651360291545,0.16767734617596267,0.028346172835300342,0.09095466494550371,0.2994815971587883,0.19142402290109667,-0.06591176665299485
141,170,RSM00023383.csv,51,0.38192837223552023,0.40037083463436984,0.18032268092061018,0.14573703664017304,0.23292975129065688,0.27692006736920666,-0.09075983907487689,-0.09212648448105361,0.18521626781921618,0.43447733926235726,0.22020814968886307,-0.009117570090385399
142,171,RSM00023405.csv,51,0.2911736697237471,0.16680543914099566,0.05212678187507122,0.2304435592299272,0.3052814145498734,0.24860399792820273,0.32105686093114016,-0.01757303091498884,0.07422838048197043,0.0203209365026456,-0.16361980571096707,-0.10031188590786787
143,172,RSM00023412.csv,51,0.29313164726571406,0.11084941240385851,-0.009695265661732198,0.3026931723653247,0.3766416624936712,0.2874445205146849,0.3236765809146309,-0.05714504383113838,0.04310223320312813,0.022299232922077795,-0.1048027141428667,-0.15127244612383475
144,173,RSM00023418.csv,51,0.25150831025211756,0.11122615072562753,0.005699874903466095,0.272433121070043,0.34194510086160457,0.2819188524855603,0.32590514695763845,-0.07219956575938075,0.031955387630993204,-0.008036378795786397,-0.08524785367157862,-0.199349893347859
145,174,RSM00023472.csv,51,0.4514981669677379,0.3868633053940569,0.2372166477946298,0.11675728575138145,0.1095130149758637,0.1997945483272865,-0.18191792457782713,-0.09132212509960036,0.0835318239997831,0.27308175295020787,0.2689247293305869,-0.07302032278988586
146,175,RSM00023527.csv,51,0.24680908248183894,0.20983078890855564,0.046421651174501484,0.35002612911621767,0.414251595431787,0.32553263371168717,0.20879035778711225,-0.04584786822212169,-0.043799519073452906,0.11219632400688613,-0.08169246575979225,-0.06391098464221294
147,176,RSM00023552.csv,51,0.3305307354707134,0.2235739944756091,0.11959768220293505,0.49082294411676447,0.18819894958545771,0.12133777227255033,0.006586957101847073,-0.054190943839051306,-0.003466246254836163,0.14654294639035828,0.17327626270432234,-0.054529724138285905
148,177,RSM00023631.csv,51,0.23693215022581254,0.13937476454883102,0.026154651157576904,0.37845876601120604,0.39522678562022034,0.21716893590847347,0.24065984705443122,-0.035941501943196556,-0.010009317081030387,0.07720043408775622,0.05091861519956244,-0.10558866711734095
149,178,RSM00023662.csv,51,0.3934391384010769,0.34185425585799134,0.16640876951707567,0.4035303373510226,0.028359319747960122,0.0741343436355552,-0.19876479573935804,-0.030175653763219096,0.04805132570760591,0.16839109336699606,0.25304486940016674,0.03273751515633733
150,179,RSM00023678.csv,51,0.4474776268727269,0.4119865254032863,0.24747701871363612,0.29497203206495093,-0.07971967655170979,0.0646020736766263,-0.21269245422273056,-0.03337749277216913,-0.004617761591394789,0.27321684538042207,0.3445110719871132,0.01745579896291391
151,180,RSM00023711.csv,51,0.2097641032447033,0.13015895969608696,0.03320408160100106,0.10941740981710807,0.26725111796748,0.2529650107673789,0.28682047003560746,-0.06742675090424397,0.003758161783511641,0.0016720950842979622,-0.11318052814400242,-0.10592275481816925
152,181,RSM00023724.csv,49,0.2576710704880642,0.22604016383531378,0.05934642080731965,0.16585040620841404,0.3523547469703879,0.23269895088932271,0.12499324085643776,-0.05111864860351675,-0.06831050818638568,0.0711910774120508,-0.04736325650793155,-0.15436515912031532
153,182,RSM00023734.csv,51,0.20217727970525423,0.1810882123321683,0.07344145053798137,0.27378313810663785,0.21242372236224907,0.18551857103238145,0.2050896864087194,-0.08406860057192665,-0.026255658715440174,0.08015227417580968,0.023199839501278713,-0.16467353186137088
154,183,RSM00023804.csv,51,0.19228499998358792,0.1731522506161088,0.10939490952407994,-0.010769182570702928,0.19353749210640617,0.2481009122603799,0.3398893770007859,-0.0677767954357269,0.11340534081563636,0.009766551945543244,-0.22546122458167964,-0.15483611106855186
155,184,RSM00023849.csv,51,0.2572926482897284,0.28452616464866326,0.22222428221301121,0.3746298362471728,0.0786495210813075,0.03620098246629955,0.12365521315920133,-0.012758228379651014,-0.2045555836706923,0.1756940028373997,0.2871208095550343,-0.022531720797739112
156,185,RSM00023867.csv,51,0.23954524215426426,0.30642730146549396,0.17799818022912994,0.3602486234081214,-0.08393878478192575,-0.07874751799065317,-0.10720901067252554,0.030796074272753642,-0.19808545394326443,0.3143830352185397,0.3228261204084545,0.030969740208186228
157,186,RSM00023884.csv,51,0.39702408246823606,0.4247051801931856,0.29212882838745874,0.25423769691756676,-0.2617550268226843,-0.03798657005609652,-0.2363498154408582,0.020193316354902548,-0.0835304995562495,0.3094177755540868,0.3830813627310781,0.10499098286533176
158,187,RSM00023891.csv,51,0.42945284213773205,0.41251178963336266,0.29494954043766264,0.21164904256219264,-0.12263921505375726,0.05733360223690959,-0.13359164834036447,0.047705487749085694,-0.002039498328927477,0.36694161382763674,0.35585106931963006,0.23491835834041225
159,188,RSM00023914.csv,51,0.27072724424724437,0.04929524178315538,0.07613441282430579,0.043056332737017686,0.16714352565269347,0.24455639220596956,0.2862154367743358,-0.11861861649550473,0.0672802326721964,0.0415096331198588,-0.10687662414670455,-0.24154635220346501
160,189,RSM00023921.csv,51,0.16819596753251057,0.1526327368254715,0.07087806638983857,0.08920796243602314,0.3674375964703457,0.2913373601243148,0.19163487099379678,-0.041841800989474785,0.03211602004301564,-0.005588788999930436,-0.16356127059581216,-0.13748129132405024
161,190,RSM00023933.csv,51,0.2149612064061636,0.1417603501175229,0.11218145777621609,0.27990741156449184,0.20109779133213443,0.2477420306253473,0.20561401321865064,-0.02475882482488675,-0.08213705554669092,0.12275678912821,0.08310856274366216,-0.10002426519017284
162,191,RSM00023946.csv,50,0.22908552920166825,0.24956330593654824,0.18371369915746197,0.30494336627494506,0.03562583688509312,0.02153241586339683,0.158986011186319,-0.09644567869114738,-0.23432635881991837,0.25373653061493096,0.2753025912147927,-0.07463336423489772
163,192,RSM00023955.csv,51,0.2657274519623992,0.2668368665756532,0.20636877222156083,0.31260048634414805,-0.1485621865883927,0.03145374557686876,0.09812154961988578,-0.019516960124491993,-0.23515989985802527,0.240444167022638,0.2953782621250962,-0.042858673892664186
164,193,RSM00024125.csv,51,0.3398256122115482,0.3226338832606774,0.3365448881188618,0.23221587112704797,0.25165006196541784,0.048112079534374026,0.2824109735117651,0.030363893366400566,0.2529796668008964,0.3378730804639932,0.43921869541479697,0.0925561196404603
165,194,RSM00024136.csv,51,0.15019779507280198,0.35172123820749723,0.15021510059532583,0.22965866455090725,0.2522284998671022,-0.04013070564645844,0.3190491175651953,0.10810007812680848,0.32750358479123465,0.30769075432772636,0.3055986385843433,-0.06840813524722875
166,195,RSM00024143.csv,51,0.189973836769715,0.30926856014057075,0.12362696893880545,0.17973622805679912,0.3470369935426279,0.030756252654170226,0.3239810025981815,0.1307639204853592,0.33650016324360393,0.24185241928271398,0.1543527557301909,0.10290508760237163
167,196,RSM00024266.csv,51,0.1685949309433644,0.35597095050466765,0.3210023364202763,0.39216523816331306,0.22075404450027408,0.03793263536697064,0.24475235469645829,0.15271047509242558,0.2998002381620489,0.3428708874156432,0.3176182739389087,0.05630738128529264
168,197,RSM00024329.csv,51,0.3143206088137034,0.236658168546401,0.24246937857381087,0.18426088961016582,0.14837044033441651,0.02182334669337788,0.1996848177328838,0.18810900397293387,0.14760572960112509,0.33766905853553864,0.3759298208953854,0.048107041335274166
169,198,RSM00024343.csv,51,0.22588983133676252,0.38250218510529466,0.21275427280813444,0.10981752193085531,0.3385392084765237,-0.025466958348319118,0.21573096145627665,0.19771419884885452,0.1997874660540708,0.2668107357030452,0.15909095172370194,0.04199333837171115
170,199,RSM00024382.csv,51,0.3192818674155989,0.12242539507228127,0.3137001393778999,0.33186360648047447,0.14683089600238133,0.3701218670193617,0.2755569173278685,0.16904465958939574,0.21952984965825909,0.32401258805166255,0.4015920503702043,0.16742663585875095
171,200,RSM00024507.csv,51,0.3712399758929903,0.33434196036734043,0.2513395509680892,0.13937618265260407,0.04005104262267015,0.09847857647869976,-0.012672266499181375,-0.028129537356750754,0.08572686577679989,0.4239041239278407,0.3633302672238042,0.14496453456215586
172,201,RSM00024639.csv,44,0.4292648804798365,0.22672114800046816,0.042512253290677635,0.1796516313282916,0.21151515540577426,0.008257695535536139,0.2769249106595228,-0.08950070473382533,0.14328331960815033,0.3994169481406263,0.1706402325884368,0.20068826496070657
173,202,RSM00024641.csv,51,0.2702965303894177,0.3637505031386154,0.31768358966426796,0.3351470615041879,0.17117018953603932,-0.011265576757650593,0.04097251849479543,0.1594075065531116,0.2606370926454332,0.39236170025096856,0.2559804558533764,0.04222253179720189
174,203,RSM00024656.csv,43,0.17044999387931936,0.13483387070459138,0.1167581022389501,0.3288324585443203,0.17878410199838873,-0.11274697654623839,0.1832280063585276,-0.08317457748200843,0.16362311633618787,0.48792712051476855,0.1851440460084791,0.1618758834982091
175,204,RSM00024661.csv,51,0.21919130478612137,0.1216594587946889,0.2560128133353914,0.3835271238564657,0.11865499959923516,-0.22000814352677983,0.1300186514443827,0.18631157857085767,0.1503717101854107,0.22318518875994126,0.17893374049762656,0.048756304949391226
176,205,RSM00024679.csv,47,0.16391380896044772,-0.0667558860774296,0.27559393502247165,0.4826294477808837,0.24165551334403165,0.2495923790970894,0.2211444746878121,0.20360622682887067,0.21493184650072808,0.3288447874082297,0.21937138765521572,0.2141722074007787
177,206,RSM00024688.csv,51,0.2180231665541533,-0.17426480015108292,0.2787794673242888,0.384262565910271,0.22445572252441737,0.23285469007634427,0.10286084703911091,0.13794103684046177,0.22186725014737171,0.38432536758889124,0.2089353077625857,0.15138503437957884
178,207,RSM00024713.csv,51,0.24937060292776583,0.3248053186385195,0.22433222676699446,0.27497938596941396,-0.03745861303880487,0.13536942711912572,0.11318304401146724,-0.0199049398283321,0.04313737672916303,0.41644010077475635,0.3088462082458425,0.21959472957411724
179,208,RSM00024738.csv,51,0.30166982148896376,0.3637854262595829,0.2965425917085391,0.38178282981157263,0.22618949319930295,0.12154158352216983,0.1577670373742393,0.18672375364790175,0.20729348237271125,0.39749103202117847,0.2998065524625023,0.1958941101313107
180,209,RSM00024768.csv,44,0.32627685302965115,0.04439839843009098,0.35441145809582897,0.4283677302795551,0.21531623604158834,0.18682643038805685,0.2800822064123288,0.02582027971293592,0.062043670770618856,0.4745225295690289,0.3453204247714542,0.2827826419715862
181,210,RSM00024790.csv,51,0.025916979338929617,-0.026481878148311006,0.38130307087818877,0.44897694787791786,0.2674773738101453,0.15126404606274446,0.18537971684647309,0.11723583420963773,0.15818363678114145,0.20512879932981035,-0.08001307509995835,0.09702165414639094
182,211,RSM00024802.csv,51,0.2741056545680986,0.29604365162595925,0.25416501311644213,0.18341309441038764,-0.10209848288329759,0.13925039988968893,0.06176624181378165,0.15539685636150202,0.11325625119975646,0.4665754219057713,0.29328489078315895,0.2068997620611485
183,212,RSM00024817.csv,51,0.26501867620756686,0.361479488968483,0.24715422839505743,0.2910290394492667,-0.028350219151630465,0.19723347439717145,0.2785668366979688,0.011652903824743438,0.08509124475710851,0.41688140529000195,0.3351689714606743,0.241288740443347
184,213,RSM00024856.csv,43,0.27460493843211947,0.13735470261233884,0.2828692137589999,0.36115846432760584,0.2721569653151338,0.15821562538947276,0.2448475424565153,0.0767278722586939,0.09221228517948377,0.5540440903424461,0.20355934563027134,0.21307948829147688
185,214,RSM00024908.csv,51,0.2671441211559657,0.34625212947174894,0.34391360650480984,0.2986743728135781,-0.05580898048440451,0.09153763932350527,0.015316676504696383,0.07374307237777204,0.016383481738281778,0.3534829579642504,0.3070364523082958,0.2514140028320298
186,215,RSM00024923.csv,50,0.42863322372928037,0.3062429040350587,0.2525169308657349,0.222596701871321,0.175215053064662,0.20694073781589417,0.3211087720565053,0.11683184688239305,0.1365166168367452,0.29317344406392615,0.31719872889809053,0.2952018696672963
187,216,RSM00024944.csv,51,0.3206841710786977,0.3908363561651271,0.36265043064057156,0.33166913388279406,0.10365347602136127,0.19753408540792272,0.2004498662698303,0.13376515303651004,0.13208420205140517,0.34873390420917494,0.3721943861994788,0.19740814889252975
188,217,RSM00024951.csv,51,0.26445191633908355,0.30417687132247045,0.3578157206375326,0.45351088880992885,0.2612366801171986,0.17687469087075458,0.10718872423363819,0.1970762785164204,0.1939339067570902,0.4990014855744848,0.3432985652146006,0.07748505406094569
189,218,RSM00024959.csv,51,0.35330402648084247,0.34275917883613743,0.3814212858085441,0.4214416094134588,0.17857697533194872,0.05293108051643851,0.22426840993749558,0.17116162010547228,0.22254356796717487,0.42835305758975833,0.36480911767458574,0.282366276438802
190,219,RSM00024966.csv,51,0.33741671283178715,0.1969834248257954,0.4186479150841731,0.600955649480396,0.23835084996893613,0.2904232824677283,0.17352347795401588,0.1735269164463537,0.08569628520117079,0.34213361993887814,0.3773020794570252,0.16526686567279214
191,220,RSM00024967.csv,51,0.23347301843128176,0.38341856488853926,0.45831466191059966,0.5000067042305992,0.20582371013505799,0.22903731203996436,0.15642828340506867,0.27326046626338846,0.1768774289429383,0.44506228424895844,0.33189617016122097,0.14032501482487914
192,222,RSM00025034.csv,51,0.02747873698082235,0.0033270838190310507,0.2573245783545897,0.3081759844987332,0.1380730551028336,0.16494857917403358,0.17351283207325177,0.2907247601724074,0.28660559336337804,0.20301126477539114,0.005035383520837695,-0.13775467358898674
193,223,RSM00025042.csv,51,0.07166799121513426,0.06557739898351425,0.2755055686060935,0.47662136889652246,0.1925466125661767,0.08477642869700078,0.32744428111978485,0.4497374540668493,0.5776963707371129,0.3248146820223203,-0.0384682918939317,-0.23294005572142232
194,224,RSM00025062.csv,51,0.039425330014350404,0.08804281687138543,0.29164544539268766,0.5229821641000136,0.20584245378892818,0.2990333005916412,0.43133706806722183,0.45134846129352696,0.6132601234219843,0.3579041021721153,-0.017563396094030806,-0.18984306672209825
195,225,RSM00025123.csv,51,0.11121317191883517,0.004010785973040843,0.28445248970912806,0.2435673708333325,0.2346453777166304,0.16413280850687748,0.34103281809338426,0.19890869294668137,0.12769173390342212,0.1952054736787878,-0.007437170702342482,-0.21890365736488346
196,226,RSM00025138.csv,51,0.06634791837187189,-0.13831686409700902,0.21846623202146181,0.3575946655298802,0.2586460142653533,-0.022210116249651957,0.3307118337920225,0.2867515896022718,0.3081089232531972,0.018122759606035533,-0.0109278598210188,-0.2466480201496682
197,227,RSM00025173.csv,51,0.053622221578076376,0.1860111099893487,0.3150931598619624,0.42686253040263067,0.30527420942164474,0.1382330353145372,0.21683425144754462,0.47794405074987395,0.5718747986974467,0.42879015683131294,0.008948300801539525,-0.1327033350765072
198,228,RSM00025206.csv,51,0.01434317986654283,0.18602615802258668,0.24824281464334844,0.2605672662934949,0.12729885710965738,0.12382096226474856,0.27251828714776727,0.1706180838831456,0.17443026025026653,0.2764196263174513,0.004762338034126245,-0.031192167110071417
199,229,RSM00025248.csv,51,0.12365080796438056,-0.10124152880115363,0.06033019889840623,0.3199782243170549,0.5519179475949294,0.14808308992601252,0.3972855027790686,0.3765940755176651,0.4975439721054166,0.03652205798769506,-0.006398306162002813,-0.045248218447970806
200,230,RSM00025282.csv,51,0.06394205447499991,0.30270000253716284,0.3109425425233592,0.5283780953079087,0.3637085155153962,0.319887283705597,0.3690085536701771,0.6309939190206516,0.6441005508189858,0.43019056697309227,0.08240815948976746,-0.08432733125817878
201,231,RSM00025325.csv,51,0.026553452937575,0.0007382606504668418,0.14380099474594488,0.30471064705456913,0.2991655188951622,-0.09322791473889445,0.2728060180572717,0.21847326711053727,0.03705901820843849,0.11233213731436405,-0.0011507186712103326,-0.10966971416794562
202,232,RSM00025356.csv,51,-0.014230043997145102,0.095510756630127,0.11303799201355928,0.349928415837812,0.565585009251949,0.16269248944564133,0.24028366933858034,0.3560906196046709,0.4874320773578855,0.13579503003598026,0.029388881690857814,-0.03164298753242256
203,233,RSM00025378.csv,44,-0.278219776079517,0.1229614744524642,0.2469132021361795,0.32113191087183157,0.3200792333515913,0.24168604169273086,0.5541095400491652,0.30463372032541375,0.4184831196384905,0.27360853495238785,0.2582365249804386,-0.1209801379219182
204,234,RSM00025399.csv,51,0.08785252213283064,0.38676777988793964,0.36953840722697023,0.4664494649595518,0.290694387235256,0.4240513776051896,0.37662733460396064,0.48378921458040025,0.5068615362397857,0.5367427086975916,0.21113708969711958,-0.11263646957946982
205,235,RSM00025400.csv,51,0.016264002979010893,0.21825072486005576,0.2952449078403319,0.2532263692839381,0.17092192166842252,0.18570286185337762,0.2610120527803282,0.20136501671369433,0.048948110044331354,0.28462130857509543,0.020577873441052746,-0.0741458610468681
206,236,RSM00025428.csv,51,0.06809746845870131,-0.07075734226892186,0.17132627316741014,0.3491541613433247,0.43840175079385785,-0.04505833415284429,0.3121007089603729,0.18124364669102766,0.07865070087931779,0.21948430605566174,-0.03592851716336787,0.07685801921424651
207,237,RSM00025503.csv,51,0.0731314238813833,0.0224460557019054,0.20417376422324343,0.3544274271208509,0.1766621886679887,-0.031039710321581232,0.3023611974878197,0.23435482490023216,0.0058817141564275624,0.2825027687596387,-0.05737418607404118,-0.05501926963658229
208,238,RSM00025551.csv,51,-0.022090093386594078,-0.0322681707504785,0.07887996809829881,0.32969607913202054,0.6795740178416868,0.3112571601064828,0.2842393378194146,0.3243248976592683,0.42543690625409214,0.10300926897504874,-0.03549930555951359,0.028342528446558
209,239,RSM00025563.csv,51,0.1178613404409475,0.08929775231144846,0.12620854659702627,0.34237477250543363,0.6675155311681811,0.5701098468676955,0.1950970441886948,0.38315305485341533,0.37711204736541165,0.16629491453150505,0.04346276337727824,-0.022842666157818735
210,240,RSM00025594.csv,51,0.055730764300159705,0.22979717115763246,0.27726807805920434,0.3703127439730953,0.2913093675453406,0.4842743441637464,0.43262642399317913,0.11327655504110824,0.297994127430351,0.2151968411618333,0.13970170811873234,0.033651686552095446
211,241,RSM00025703.csv,51,0.019180401147591616,-0.06496314992250526,0.2699927128865421,0.3767896978672999,0.25843096897465995,0.04742168933137323,0.21911080291595939,0.21294054657056044,0.007026370319124974,0.2701910622595363,-0.09214874888937023,0.08589307062349506
212,242,RSM00025932.csv,50,0.20804902966629646,-0.009682692404417378,0.08271579164466894,0.39766793520724675,0.4662306042467952,0.40948494336875824,0.37401730039699965,0.2810166115060057,0.25754933603871716,0.29994302072458656,0.0013333821852985965,-0.19957748559078994
213,243,RSM00025954.csv,51,0.1382102484024734,0.001044142235003961,0.014458709869893002,0.3426206353809567,0.42047036666341264,0.3147799490851342,0.13437954069617855,0.35927332259148914,0.44633373971033535,0.218863359338971,0.057215678964266554,-0.09168650151633581
214,244,RSM00025956.csv,51,0.25817386149833343,0.10322301815612928,0.1813306538442665,0.5001366163928991,0.48095101472995216,0.4816808805473457,0.24119470673958862,0.5269372149918349,0.3272791391275513,0.1523497066736304,0.1817875406939129,-0.14508052498435098
215,245,RSXLT306544.csv,48,0.13885294741234266,-0.1224228088742188,-0.12121989240511126,0.2237641513963912,0.5952389276347532,0.19659255239458187,0.459130904654524,0.33058430170091185,0.5089690945307392,0.04709689031735536,-0.11466546833805043,0.004043543746802738
216,246,SV000020107.csv,51,0.5309769646110133,0.17921960869962197,0.4562662768037939,0.3306072631004649,0.5745833967856081,0.25398938775552604,0.5526156230958396,0.17750596975721014,0.30502799195132196,0.5136009879389365,0.49202176885476423,0.21436613917386022
217,247,SW000002120.csv,51,0.28805758114539903,0.420165830204465,0.006031729478088347,0.2776673128588352,0.1663265304989495,0.33753177912539395,0.12151497871018573,0.3213584288818216,0.13739702758854108,0.3140828616758363,0.0316272515349254,0.24924929786525785
218,248,SW000002127.csv,51,0.40054387495440774,0.37575369125486086,0.004847500527840237,0.2620131151939273,0.09522785882629321,0.1821443721093677,0.1308698635575051,0.29000650596726907,0.1699544030743528,0.4480336512814884,0.1526020186733448,0.17271793820667425
219,249,SW000002196.csv,51,0.43767078608555093,0.4192095215848657,0.13910877267522487,0.31855007096219873,0.12400533829883188,0.2986259937981016,0.24134949514105758,0.2920089291902993,0.19287996500564172,0.3898850145033771,0.054217988824829935,0.12893839825625836
220,250,SW000002288.csv,51,0.5701479605728041,0.5844470157718668,0.5121607033613504,0.5841503695010519,0.38632957965111,0.37995313998535846,0.329329893553741,0.21084066393971784,0.29226576645311503,0.4906816040092575,0.1133218233330545,0.16283900309194593
221,251,SW000002361.csv,51,0.5475995741621866,0.4350438509906927,0.23663748226326867,0.12329755563494797,0.11519996763503776,0.1891651685159392,0.4009498259846672,0.3479413091457784,0.23347832715913697,0.4200461831568271,0.22943395991150084,0.040246068274622626
222,252,SW000002410.csv,51,0.5794116952391858,0.3827421519116214,0.16105106493703858,0.098046622656001,0.1698573386916177,-0.04816444380213902,0.46240975247603844,0.2841338595925312,0.10101574403610518,0.37531465216126003,0.33043245539153565,0.08626733918846628
223,253,SW000010537.csv,51,0.6120463369728902,0.3517920456760945,0.19578731574067487,-0.01531748804433914,0.1758484097912273,0.03534772981527188,0.4885772232318025,0.3064218667077183,0.08338560319595449,0.33339271126986786,0.3693801564328835,0.04370891332823046
224,254,SW000021280.csv,50,0.4003949544102477,0.4123344532347246,-0.03910713502578197,0.11662010364718245,0.0633708850136792,0.26811926961724386,0.19050309162767495,0.3188136139457299,0.17292162442264697,0.4152329856064577,0.11119576569440195,0.15636829087025195
225,255,SWE00100026.csv,51,0.5049732143141301,0.3826159086113393,0.1310299552050785,0.10003744065419536,0.26724894934391813,0.14419979140335054,0.3613440519656922,0.2069930302132088,0.23273532128571273,0.45635781435707806,0.18391407695367834,0.13430933817182458
226,257,SWE00139346.csv,51,0.6159305672698485,0.46312120380689786,0.29716435960454174,0.09419907320380724,0.16221716268236844,-0.07133965346579713,0.5521782603171197,0.3701344664279041,0.157744778751127,0.3709870521587188,0.2861638012590799,0.1048437554134914
227,258,SWE00139430.csv,46,0.5832165694854802,0.43317917977379544,0.34511006708250846,0.0278757909887428,0.27118376188813786,0.08082721633613323,0.5334188219895,0.42403600048985624,0.23168161582977576,0.37400135971135956,0.2796593115746458,0.07441217681920245
228,259,SWE00139590.csv,51,0.5512558470334433,0.3022380892803225,0.025211264348555695,0.1602872547969319,0.17444085336779713,-0.03381636918344901,0.42227514097735247,0.25909941298486405,0.14294558856888842,0.3730352663405726,0.3272919205258268,0.06516479949010216
229,261,SWE00139720.csv,51,0.5420789409663016,0.38315700580962886,0.10112660111606286,0.0910741834255343,0.2361655109743475,0.06629092210943556,0.47049400050282103,0.2889742201051078,0.13267696489111433,0.31726431847811015,0.26244592963357033,0.0579185307123266
230,262,SWE00139800.csv,50,0.5325202254074871,0.40997083002288687,-0.002748087270254746,0.14330388870925675,0.22068208426761154,-0.07816861671921445,0.3665897304906716,0.1582218506615659,0.17699920390156593,0.3532743573722155,0.35425696445172433,0.03567547827986117
231,264,SWE00139842.csv,51,0.5039851927612397,0.32900161817581064,0.10241182085300495,0.10222737783430938,0.2590863636561898,0.005817799824341002,0.27644205227244006,0.19761093337985697,0.09141516457457903,0.33502841652936144,0.3283791189793513,0.00987404792075012
232,265,SWE00139992.csv,47,0.5205723703282152,0.43542776514389564,0.1173875757875051,0.1326598156134053,0.2071876134485055,0.06081737675517834,0.4268239832170206,0.13423440703531275,0.12024757787752234,0.3861016813843115,0.11560802604478952,0.12231235265376968
233,266,SWE00140002.csv,47,0.5159597285182042,0.4321361721298076,0.1283832793228296,0.12977485970143093,0.20547565647313099,0.07540805269288675,0.46755912265766186,0.1451079072164093,0.07469588454768361,0.3839282014761936,0.09433781000315601,0.12679528406094207
234,270,SWE00140374.csv,46,0.40838650803330073,0.36274875528379463,-0.1317726299993398,0.09258757313397248,-0.0505662315929846,0.191685523805247,0.2299043591735801,0.33079894150381184,0.22714573750426556,0.43164020056731894,0.11805524862005305,0.14929017244255724
235,272,SWE00140492.csv,51,0.4538497555669467,0.5243600758525263,0.18569825065333345,0.37617466107487424,0.22642419457297644,0.3165713257558506,0.28338992782903133,0.2867193962712265,0.13964275271573845,0.46129226146798613,0.04003634719578674,0.1799410048389181
236,276,SWE00140714.csv,51,0.3048904489170584,0.38703324868090644,-0.07773798713439789,0.2406656511870774,0.13048004858445622,0.2750714448237101,0.1174991008525997,0.4065895315801381,0.19239332630204942,0.38864606332271123,0.08432829954459015,0.28515237870412835
237,277,SWE00140746.csv,51,0.4005615102276178,0.4455415689562432,0.02931619971937105,0.2200263148853181,0.07291012354417054,0.22330881578084671,0.1031801543813423,0.26627723549434346,0.14804189481734895,0.342177491863014,0.06088995169202065,0.21594060779050117
238,279,SWE00140836.csv,42,0.3242307781390796,0.3684125920172204,0.03909544588274521,0.28065865794641764,0.07551392350747049,0.21164281316449474,0.407747731709061,0.11579336178520154,0.04968405937625582,0.29348818864233756,0.08583985429330995,0.23364420249332185
239,280,SWE00140954.csv,51,0.26471013714090774,0.4192236798622802,0.06945600015441253,0.22838571014075917,0.22308743383319718,0.38413631238826046,0.26741556798972754,0.3113721929096562,0.24290089618759061,0.203996482353242,0.0010797256485811251,0.2133978560925476
240,281,SWM00002080.csv,51,0.3078183431127671,0.425492381469757,0.1398388334037704,0.24208060130963677,0.17591053322607714,0.27587510282262606,0.2140761588347915,0.2553020842236452,0.2500480895098927,0.2139567611832271,0.06926010288264123,0.2174332375818319
241,282,UK000003005.csv,51,0.3944006739379347,0.41317718308943757,0.22502660213383324,0.17754592271504624,0.22846998956555764,0.0914616979285359,0.6174738177250931,0.27082766074599907,0.07603067284149634,0.05478920101401845,0.3143371175443872,0.07275032829490403
242,283,USC00500272.csv,51,0.30768305302143484,0.14899077048006298,0.28354262391770424,0.43563088662380894,0.5842136737407456,0.35049214178021626,0.4925403999756195,0.27974640204368423,0.24673685000125326,0.3283007622872474,0.058077216730620114,0.14458851427017413
243,286,USC00502107.csv,51,0.08760866404932505,-0.15697737657337887,0.302237614437403,0.46780173288193005,-0.06070441717320235,0.1490858658939508,0.4807360236818073,0.18380606901638535,0.12334691715775593,0.26909772909887003,-0.052119515642554105,0.1337496203079709
244,287,USC00502607.csv,49,0.08134086490472035,-0.21504089613177194,0.11980033312865863,0.4779264778662622,0.070355111975633,-0.018370666218200042,0.44363787327401194,0.195905982509804,-0.032723614148709765,0.2256581637073971,-0.029750772223302604,0.12530806494096167
245,288,USC00502707.csv,51,0.16679385020863904,0.015898578756024837,0.3708680211518327,0.5353741958804669,0.17956315337977535,0.25725331987028477,0.3582590471624268,0.09167258226137738,-0.02490522563202715,0.30568440415191467,-0.039302654915561924,0.14093765171896178
246,289,USC00502965.csv,47,0.16430011401101263,-0.05696790242393657,0.403926886720623,0.488577453340612,0.11274815741978435,0.17426229442197871,0.46610981993139605,0.11630275096336097,0.12878298228322288,0.274949974886178,-0.0667068673216019,0.18904801269469496
247,290,USC00505733.csv,51,0.3038390860009944,0.1319330756476165,0.2695811984002499,0.4686354417249205,0.38745216774730923,0.31016277926850333,0.4266783529800027,0.21458049649083047,0.24798758445047,0.45553917060474985,-0.011087351960090636,0.01712288100891965
248,291,USC00505778.csv,51,0.056271539165856026,-0.08554584013743273,0.1817148885403174,0.48464549005287433,0.08566744409843102,0.27539145125348036,0.44603591435379875,0.16403901122078338,0.14512951525032788,0.2313008081202992,-0.09875357754103502,0.19428209012586248
249,293,USC00506870.csv,49,0.2523415501410332,0.04338701784240688,0.33970160193476007,0.524107793916547,0.4672963639602476,0.35917920531280023,0.5314069499091901,0.26969761248663476,0.21332908942308218,0.41581911189018467,0.004467337428492621,0.13297033183124937
250,294,USC00507783.csv,51,0.07269517119974861,0.009162850617917835,0.26239340648612774,0.616241980567605,0.493071829401964,0.48623340535025655,0.40382627175308955,0.2009469427835134,0.31816780414439166,0.4625956283725108,-0.09207018250079997,0.014422969750081116
251,297,USC00509015.csv,43,0.14795674984933996,-0.13737659070419736,0.42078565112451954,0.42261511204473534,0.03568610964033303,0.030729786606215705,0.6114060956946828,0.25765919298534634,0.02976162035647254,0.24031788689120923,-0.10270823059570462,0.03423087460483976
252,299,USC00509641.csv,51,0.06456835869395629,-0.1487706643842393,0.25060707451537073,0.3930163840418171,-0.11756250185687987,0.14949987429962908,0.26144755016151267,0.11273786002602706,0.1051994958064541,0.24429891716639243,-0.06988722709887014,0.13892448880843616
253,300,USR0000AFAI.csv,51,0.18293658345957411,-0.06029410233971436,0.3929873385609776,0.4239526174855949,0.08760642175351631,0.1814632505149457,0.42526785696210007,0.037187797165269515,0.09098466873928804,0.26886512098691967,-0.07743981506523881,0.19029733928846723
254,302,USW00026410.csv,51,0.42158688059363997,0.3335604479798464,0.5006286669347391,0.6179831118127878,0.6204129675194803,0.3916711760406561,0.560584647215536,0.46882049810526777,0.5508397030481477,0.4411918830380432,0.015338226093951655,-0.12923073369788063
255,303,USW00026411.csv,51,0.14746377722351142,-0.06723024727389766,0.3460664452300082,0.5182898561817502,0.10017762832989181,0.17193742577261634,0.4276244786129638,0.10292981123831652,0.12460301033616467,0.26413308451791234,-0.031430313560311625,0.19948421585455192
256,304,USW00026412.csv,51,0.21182526982044383,-0.05839386447597672,0.29718706881204404,0.5176009965759527,0.09621477442642852,0.04172202295375356,0.5363396702847365,0.1861817981908181,0.24249477684876167,0.298554682426371,-0.01314010205755969,0.15497401822194604
257,305,USW00026415.csv,51,0.1427699466271064,-0.01144124028260262,0.2898401541290325,0.48278844539247645,-0.022253454850896002,0.06026679460683229,0.5498140158659153,0.06981524620743783,0.0699194864855139,0.27032109219927986,-0.08200562450967053,0.07845480530929744
258,306,USW00026425.csv,51,0.2174287614639503,-0.05519498116313824,0.2792983832390563,0.3614077186856845,0.22249183997160304,0.020725157243427335,0.4592510408614069,0.25666217588081647,0.1970349799990906,0.3897762407292545,-0.056258100594554536,0.1092102127999275
259,307,USW00026438.csv,51,0.24055550377739698,0.1494162137084019,0.40655760833112264,0.39897427794767226,0.6574345803300955,0.1668533212370275,0.23632404851373598,0.39629892096757513,0.42940048885585036,0.32940928176553297,-0.01569408815476969,0.05176054024025058
260,309,USW00026442.csv,50,0.41835831426514913,0.3297713761714836,0.6022156691423867,0.6495032946322391,0.6984442704139584,0.4066005956290432,0.5358541190569633,0.5068530681020529,0.5207647550787515,0.37704122688261676,0.2115086392817251,0.29138595657165134
261,311,USW00026451.csv,51,0.3743784370504417,0.15748664048835057,0.4349941042376357,0.5438554734124865,0.5518953150938053,0.49106518922530323,0.5837953486274009,0.45717021634574273,0.3628977477925758,0.40237994263177307,0.06117890904249601,0.1320703014278399
262,312,USW00026510.csv,51,0.05301481976252677,-0.11764337266091413,0.3523052444910461,0.551264865819276,0.07329345421691803,0.26295039502734446,0.4827815642063358,0.16175189889813876,0.07130595090742302,0.2527225503972901,0.0013819392377918118,0.21162470794353327
263,313,USW00026523.csv,51,0.34159302124317714,0.20893745697809288,0.4425943271792812,0.6321979783978999,0.6896825296851554,0.7301247777265322,0.6949139540122207,0.22764742239912097,0.2693964939851254,0.37736366148736156,0.09929869249321722,0.027117751863070565
264,314,USW00026528.csv,51,0.33096337768604045,0.18013693065372022,0.3582169283319822,0.5681069884486941,0.4434950606114868,0.29326566725791287,0.3926153292692271,0.27941083146964757,0.20031794202514297,0.4682001214795297,-0.005418774520848145,0.0692113486903933
265,315,USW00026529.csv,51,0.17270736500119196,-0.06631435058755243,0.446467499323663,0.5155385582486272,0.07995167448297978,0.17882636972073113,0.574219901933103,0.24758289380523182,0.10509142091576738,0.22712881748300762,-0.0736561676973659,0.11242663996031374
266,316,USW00026533.csv,51,0.13880095403489687,-0.07796141999846212,0.33793294229167153,0.5054476196467116,-0.05368392778802117,0.011079662230832985,0.402913137368249,0.17662705296521697,0.16047221536250342,0.1535469773831622,-0.05280636593358147,0.11617808531541286
267,317,USW00026615.csv,51,-0.0415390051913681,0.03788394580460626,0.4353247900710902,0.5539147974586547,0.2286988175964928,0.2253722032173388,0.2931372862843751,0.11593642538286156,0.04313104681143135,0.10842733905256603,0.13416765819055637,0.19891587468279284
268,318,USW00026616.csv,51,-0.00473514730686426,0.09438485386859632,0.39670198617986524,0.5005981697382857,0.41910907272138503,0.2586525778464012,0.4084977899472465,0.1677368354629527,0.14946001943837142,0.227068889209581,0.09116773755072691,0.11770438484352029
269,319,USW00026617.csv,51,0.021835845902257078,0.09243770718630255,0.44607660232749713,0.4780378556850825,0.1274162523553187,0.20803890223328692,0.4852560761545601,0.16157320601275185,0.22077036311214476,0.31343788436367126,0.15446638355867884,0.11231310226626241
270,320,USW00027401.csv,51,0.061011107036493865,-0.023731522552588688,0.5655754407343518,0.4639178632514464,0.20526741794014483,0.4064853102479477,0.3844841932426613,0.44666433517030163,0.3921580890633604,0.30682160014944343,0.24244663048363316,0.08711478906549108
271,321,USW00027502.csv,51,-0.012789936306793844,0.23965626064870513,0.4707446150973264,0.4004717234594819,0.3843365453197745,0.26500566035475737,0.5744887589170691,0.5747359594769811,0.577301948344104,0.4109751625542313,0.32199062768653863,0.1037653232626806
