,V1,V2,Correlation1,Correlation2,Correlation3,Correlation4,Correlation5,Correlation6,Correlation7,Correlation8,Correlation9,Correlation10,Correlation11,Correlation12
0,CA002101300.csv,51,0.208854915,-0.020291121,0.204585464,0.514203777,0.334206686,0.056821929,0.271467687,0.321164132,0.088089777,0.36759991,0.159001565,-0.057143904
1,CA002101415.csv,51,0.203677988,-0.01465506,0.213740134,0.44174262,0.329400069,0.042671721,0.156656114,0.415142672,0.077641761,0.414231209,0.119181617,-0.105711553
2,CA002201900.csv,44,0.142432397,0.268955458,0.086283698,0.44963079,0.426348499,0.564815241,0.435389777,0.013984224,0.346760986,0.323911546,0.301159145,0.080638402
3,CA002202101.csv,51,0.094216693,0.096163401,0.290410086,0.509596364,0.284011764,0.177504777,0.301888495,0.087636897,0.083390754,0.166049815,0.157589796,0.049619294
4,CA002202115.csv,51,0.116085404,0.052577729,0.268765879,0.495398688,0.241587613,0.119394356,0.201925025,0.008448634,0.129942824,0.15270485,0.164144512,0.099525551
5,CA002202196.csv,51,0.177761279,0.199803653,0.224969625,0.376042824,0.324700477,0.350564644,0.359650585,0.029545857,0.13585662,0.225050784,0.33244746,-0.041667588
6,CA002202198.csv,51,0.181259715,0.196627802,0.210828684,0.373028688,0.325976071,0.343489982,0.337569342,0.035055194,0.114564842,0.207699055,0.27542522,-0.015541139
7,CA002202200.csv,51,0.204498608,0.208302206,0.251940723,0.3642216,0.338486114,0.384922793,0.352177523,0.048296818,0.132124137,0.22740381,0.319029516,-0.018949538
8,CA002202400.csv,51,0.125320661,0.15529242,0.118108169,0.429965922,0.450701039,0.201895899,0.271951204,0.083331,0.155731239,0.231366224,0.295579457,0.011216813
9,CA002202800.csv,51,0.044704498,-0.07018801,0.284549993,0.509389137,0.343576624,0.216084689,0.321636011,0.078683975,0.133985815,0.100617148,-0.105657415,0.068271574
10,CA002202801.csv,51,0.003215342,-0.057833234,0.288824576,0.503008213,0.338463727,0.24918901,0.308232594,0.151209258,0.152030752,0.046918468,-0.059187044,0.059273977
11,CA002204100.csv,51,0.113486514,0.199140329,0.134150964,0.441600352,0.369491596,0.378676847,0.324748502,0.155556937,0.261779776,0.27206772,0.288797988,-0.015022839
12,CA002300500.csv,51,0.085899427,0.093780156,0.017866008,0.253109017,0.555101784,0.625122128,0.416326955,0.251419241,0.55670576,0.400813305,0.216589649,0.087671268
13,CA002300707.csv,50,-0.009739491,-0.025329311,0.058578373,0.22846421,0.595924181,0.70864286,0.432784291,0.364095952,0.553672313,0.532416133,0.09339327,0.053750367
14,CA002300900.csv,51,0.066737641,0.229055351,0.161956488,0.242555039,0.310019169,0.659792496,0.316413367,0.264572012,0.285635397,0.11678425,0.365422465,0.071170601
15,CA002301000.csv,51,0.136757297,-0.0193536,0.218003853,0.109246826,0.510100038,0.525225905,0.411740184,0.336301665,0.435508469,0.416636674,0.212463797,0.132080078
16,CA002400600.csv,51,-0.020665327,0.043366832,0.093973531,0.117007963,0.472184827,0.575449576,0.472291187,0.489833981,0.475247813,0.146485312,0.245198692,-0.040150071
17,CA002400602.csv,51,-0.024259887,0.043359018,0.061160982,0.098643899,0.467869553,0.591080834,0.482713954,0.500727212,0.467884097,0.126942528,0.220124206,0.042101104
18,CA002400800.csv,51,0.359879659,0.140407101,0.066540687,-0.005771995,0.260639949,0.664100906,0.363956617,0.490275168,0.313926406,0.476801655,0.390575268,0.192634858
19,CA002401200.csv,51,-0.035869366,0.049024953,0.223785441,0.316708133,0.416216296,0.421490316,0.177705434,0.277804637,0.293336073,0.179694564,0.326235257,0.11327063
20,CA002402590.csv,51,0.355188703,0.061662478,0.055227184,0.134240881,0.401228288,0.417788362,0.270045884,0.34512894,0.284537339,0.377066811,0.151419166,0.115581681
21,CA002403500.csv,51,-0.069681478,0.00633707,0.067264316,0.101447787,0.327861036,0.467026839,0.306298393,0.359852981,0.381119155,0.08127818,0.173683023,0.200453362
22,CA002403505.csv,51,-0.036938479,0.004780137,0.066162127,-0.038225363,0.227281505,0.46255729,0.302592988,0.355402949,0.38029993,0.08270179,0.218178733,0.19213476
23,CA002502700.csv,49,-0.019620104,0.101426483,0.203387292,0.437723965,0.249002796,0.361487064,0.207909353,0.484735373,0.185299664,-0.238893161,0.169539085,-0.115001835
24,CAXLT660207.csv,51,0.378506522,0.078551867,0.11620937,0.099293317,0.382181884,0.402924019,0.29575013,0.356742207,0.315054417,0.311704621,0.13758908,0.15391999
25,DAM00006011.csv,51,0.153672828,0.360850628,0.238409715,0.173954086,0.054862265,0.240413169,0.691090172,0.356079983,0.074695461,0.035894804,0.276432689,0.029079651
26,FI000000304.csv,51,0.622936696,0.422324015,0.33997861,0.148321986,0.045575226,0.27208946,0.338122667,0.326649448,0.233605974,0.384164962,0.013096479,0.157083665
27,FI000007501.csv,51,0.398715583,0.3869196,0.121136672,0.189856557,0.0452426,0.211616859,0.18552015,0.186713198,0.237031363,0.316305929,0.039951714,0.176786644
28,FIE00142080.csv,51,0.511836599,0.430252917,0.246110159,0.018744365,0.009276348,0.373108682,0.229234873,0.32514296,0.266642238,0.356764875,0.032127043,0.129315847
29,FIE00142090.csv,45,0.50019056,0.45823428,0.408780319,0.186455418,-0.26031579,0.103227187,0.240367798,0.134525525,0.379924761,0.383371164,0.026012394,0.248167728
30,FIE00142111.csv,45,0.432783202,0.377998838,0.011887991,-0.046022571,-0.070810109,0.255728999,0.302964944,0.416705299,0.342894138,0.354894892,-0.167193409,0.010243956
31,FIE00142241.csv,49,0.633242249,0.480883387,0.202293578,-0.023308813,-0.135071569,0.347432193,0.307304967,0.225331221,0.122152523,0.355292392,0.000598243,0.172663319
32,FIE00142251.csv,41,0.474047072,0.732218849,0.250871765,-0.398965693,-0.200662673,0.294855561,0.142866097,0.13178385,0.433929737,0.600638992,-0.41124072,0.082860787
33,FIE00142296.csv,46,0.224821913,0.470334094,0.118890553,-0.074947062,-0.18965698,0.240576394,0.40291598,0.067672437,0.294313774,0.214484104,-0.068762226,-0.102708889
34,GL000004250.csv,51,0.445380459,0.364384908,0.200300223,0.306308516,0.502153433,0.405299396,0.451977077,0.404702663,0.176340341,0.271119603,0.224092066,0.210630207
35,GL000004360.csv,51,0.114212503,0.434189803,0.458155689,0.305931216,0.581565958,0.37838004,0.717443023,0.061996557,0.087149031,0.257175947,0.266614222,0.002412954
36,GLE00100981.csv,51,0.033552873,0.195946918,-0.184727953,0.439467625,0.595883946,0.435196496,0.686483742,0.260721644,-0.235707168,0.23477115,0.217632275,-0.183596435
37,GLE00100992.csv,51,0.248540474,0.627761559,0.181488221,0.379196614,0.605687047,0.126407404,0.745918577,0.315063755,0.091619061,-0.604093677,0.443913559,0.643913529
38,GLE00146901.csv,51,0.331425116,0.283496016,0.186796785,0.263200332,0.256845205,0.403045847,0.547862064,0.246938642,0.318640259,0.290585126,0.37107811,0.161396153
39,GLE00146961.csv,51,0.478402414,0.58538066,0.580076472,0.380827921,0.242136662,0.327927032,0.391245469,-0.191212621,0.288158441,-0.202418632,-0.104261317,0.214913258
40,GLM00004220.csv,51,0.57974528,0.554658464,0.422689831,0.387176851,0.50122994,0.372715,0.538382019,0.34421007,0.110307223,0.232705697,0.305771681,0.215487845
41,GLM00004390.csv,51,0.320161448,0.470275911,0.158923473,0.231332573,0.324048541,0.350535476,0.536124269,0.518710289,0.44054775,0.084290652,0.190818041,0.143766804
42,GLW00016504.csv,47,0.347141483,0.435106617,0.329413919,0.304694082,0.388152339,0.267192009,0.303944786,0.100016795,0.085106779,-0.117093728,0.015702388,0.127766539
43,GLW00017605.csv,51,0.411748353,0.380686989,0.006017886,0.355525565,0.309943194,0.67255962,0.61113717,0.416953051,0.040545442,0.281308714,0.202941217,0.166088106
44,IC000004013.csv,51,0.062708179,0.389343516,0.359567454,0.079653984,0.219247422,0.198119621,0.514555191,-0.016023809,0.102038404,0.134086058,0.278905224,0.057775602
45,IC000004030.csv,51,0.029896967,0.352003451,0.368412594,0.067783176,0.184707941,0.309354229,0.51862314,0.10732559,-0.05122063,0.012063366,0.151171364,0.007661227
46,IC000004048.csv,51,0.065896881,0.281727305,0.343743654,-0.104034134,0.360306957,0.538852234,0.702420715,0.351627154,0.055030632,0.042702687,0.148441521,-0.082034608
47,IC000004063.csv,51,-0.006307676,0.39859212,0.331623481,0.07016554,-0.072848755,0.017598337,0.51164537,0.075379582,0.151304886,0.056111605,0.199774918,0.059085441
48,IC000004092.csv,51,-0.048060224,0.400091352,0.266035764,0.065462673,0.202980298,0.176165487,0.559959941,0.349974476,0.133942727,-0.063210135,0.190126763,-0.088244767
49,IC000004097.csv,51,0.033942775,0.356542517,0.297569326,0.123801774,0.209828131,0.203312802,0.602811505,0.379754415,0.243651346,0.106502637,0.274311987,-0.089596098
50,ICW00016201.csv,51,0.160894608,0.364653082,0.351736004,0.082578003,0.238827858,0.346774615,0.586558831,0.16817075,-0.030252072,0.001485054,0.110107974,0.013742335
51,JN000099950.csv,51,0.241944156,0.373009181,0.386887605,0.230905275,0.476638259,0.398504619,0.476333011,0.536340168,0.272787496,0.396416904,0.462313682,0.100843253
52,NO000001026.csv,51,0.19615626,0.386123144,0.235541057,0.298775416,0.186280685,0.252149755,0.403166518,0.232223757,0.147694584,0.18829513,0.037116646,0.152852022
53,NO000011520.csv,51,0.16737421,0.28892995,0.253467607,0.149352909,0.102809655,0.440933388,0.228110317,0.117702226,-0.037656163,0.331734347,0.009407902,0.21911674
54,NO000050550.csv,51,0.526663048,0.399135555,0.259156776,0.145755765,0.128624613,0.102632643,0.353225185,0.012373814,0.049773053,0.257544813,0.295320347,0.119556303
55,NO000068330.csv,49,0.401924644,0.405733041,0.176375046,0.041593673,0.370347578,0.073740159,0.362474937,0.184340095,0.020406227,0.251738587,0.381001858,0.244814888
56,NO000080700.csv,51,0.330010512,0.331811549,0.09956827,0.003722744,0.1081787,0.344798738,0.305068762,0.190331694,0.077108356,0.35270484,0.123553595,0.272145223
57,NO000097250.csv,51,0.265625407,0.435002437,0.204975363,0.242469834,0.155996012,0.310747255,0.282321316,0.177236794,0.226845229,0.214978088,0.064421397,0.227156015
58,NO000098550.csv,51,0.472107885,0.413869787,0.364462267,0.297636215,0.288839834,0.399969255,0.391079549,0.23931714,0.328851463,0.258848439,0.048027339,0.068006706
59,NO000099710.csv,51,0.396557961,0.247250336,0.51875334,0.453003815,0.470339996,0.534231848,0.358909503,0.372148181,0.282304673,0.438062581,0.531935093,0.201900539
60,NOE00105467.csv,51,0.317446702,0.392818125,0.157553968,0.181925425,0.086808193,0.366150704,0.350587406,0.30021088,0.07753974,0.281029845,0.032556295,0.259824723
61,NOE00105476.csv,51,0.487133757,0.217689342,0.491548322,0.331067297,0.440734416,0.589285479,0.653019533,0.573849161,0.322434468,0.505583482,0.573187672,0.185240936
62,NOE00105477.csv,51,0.24424802,0.331664234,0.412267539,0.240246452,0.494430919,0.395617009,0.494936503,0.519352179,0.285414869,0.400792838,0.445445081,0.104745895
63,NOE00105482.csv,51,0.620820181,0.410591056,0.129976252,0.119748341,0.179384172,-0.23390952,0.489502732,0.260621151,-0.003284283,0.278569684,0.327931371,0.127884217
64,NOE00105494.csv,51,0.458535513,0.418331471,0.340474391,0.292229392,0.298442937,0.386797975,0.42349518,0.2614944,0.318228403,0.254739817,0.032580757,0.058164825
65,NOE00109394.csv,51,0.161209561,0.397324017,0.091619338,0.284937039,0.163119355,0.291134051,0.300979817,0.223746028,0.135895329,0.169739113,0.020374512,0.255473127
66,NOE00109514.csv,50,0.673171579,0.413067723,0.241786691,0.17408582,0.132243003,-0.146212827,0.505059766,0.341836792,0.099511863,0.359613828,0.325585935,0.080506685
67,NOE00111273.csv,47,0.194934074,0.409177808,0.099187128,0.258801609,0.053297938,0.269635531,0.333659397,0.210887535,0.020576327,0.269629963,0.015049657,0.199163259
68,NOE00112071.csv,51,0.519706605,0.342409126,0.183253679,0.124755428,0.118788362,0.144130541,0.313066393,0.06622643,0.074834211,0.371026482,0.109792982,0.108893296
69,NOE00134898.csv,51,0.258293233,0.448405769,0.326001591,0.4566058,0.207151203,0.325513835,0.542757204,0.090633447,0.273246374,0.132240062,-0.042748508,0.194594096
70,NOM00001238.csv,51,0.555696112,0.341814019,-0.006261388,0.095608683,0.21632101,-0.134455533,0.341439417,0.129181711,-0.016835508,0.24470533,0.191747039,0.230380282
71,NON00006020.csv,49,0.645788141,0.389941684,0.21294619,0.006958144,0.167414538,0.005230016,0.331836294,0.234692076,0.075971471,0.323363677,0.470488496,0.081958842
72,NON00050300.csv,51,0.47034048,0.463330582,0.227325996,0.329346043,0.138746463,0.29598464,0.483486999,0.207874962,-0.162812225,0.096520174,0.344340556,0.270613118
73,NON00052290.csv,51,0.60571044,0.522190291,0.257398725,0.214468286,0.32994513,0.175190754,0.376392542,0.216649835,-0.027857262,0.31782224,0.252049641,0.226176516
74,NON00053100.csv,51,0.493483276,0.420381706,0.216671714,0.080687682,0.241655429,0.210188431,0.246480938,0.045060133,0.124966288,0.428134705,0.352846073,0.255723808
75,NON00065100.csv,49,0.479317052,0.464156466,0.091582037,0.043472674,0.115260975,-0.047478305,0.155443957,-0.023741851,-0.01303709,0.092336436,0.191664846,0.277916162
76,NON00075600.csv,51,0.357622484,0.425236425,0.11770706,0.076748545,0.097054885,0.359164337,0.152705948,0.091748693,-0.084027359,0.433666321,0.174642651,0.289877379
77,NON00087100.csv,51,0.274638909,0.431487113,0.409784322,0.263591945,0.379921441,0.220840066,0.169456003,0.068892521,0.18998609,0.372518939,0.178526757,0.142944171
78,NOXLT905825.csv,45,0.210368163,0.439119542,0.392335797,0.482990496,0.253069061,0.4488003,0.511326736,0.135407829,0.376913115,0.107453111,0.01231754,0.289384256
79,RSM00020069.csv,51,0.23656405,0.221653121,0.391333922,0.166280427,0.256186289,0.197387398,0.355827225,0.357414307,0.552391869,0.363170213,0.426605292,0.064725532
80,RSM00020087.csv,51,0.161763261,0.261720928,0.460886981,0.188770119,0.34027182,0.042068603,0.494390327,0.643200105,0.659241736,0.553652528,0.450630895,0.005738184
81,RSM00020292.csv,51,0.267028127,0.338944369,0.495942788,0.293071655,0.300819858,0.163610068,0.388296745,0.246197731,0.429802401,0.345306087,0.42463232,-0.051383276
82,RSM00020353.csv,51,0.256407284,0.434609819,0.366408562,0.1369312,0.245740631,0.297485493,0.566824575,0.584415674,0.283173936,0.374966584,0.386439759,0.014915339
83,RSM00020476.csv,51,0.295917723,0.271657004,0.280892283,0.198395648,0.007870115,0.017323753,0.213906046,0.310495587,0.459417541,0.252589166,0.311872126,-0.132657887
84,RSM00020667.csv,51,0.175577747,0.424254141,0.11689576,0.226811635,0.314282394,0.30590669,0.449420667,0.46969817,0.280191243,0.280179383,0.271560155,0.036851104
85,RSM00020674.csv,51,0.264500058,0.392926786,0.287211065,0.209851835,0.138564927,0.151323937,0.322247506,0.248637096,0.358022952,0.294577395,0.267326657,-0.155998005
86,RSM00020744.csv,51,0.287700129,0.417633286,0.132181614,0.275504295,0.369973301,0.368242584,0.445298639,0.240343255,0.21777848,0.242725896,0.252831901,0.00564149
87,RSM00020891.csv,51,0.225636732,0.284267874,0.179263823,0.291691831,0.203848449,0.183369199,0.014967176,-0.019453901,0.420864068,0.360736937,0.292875896,-0.085419519
88,RSM00020946.csv,51,0.326666975,0.332165681,0.034326628,0.262468711,0.4899492,0.550681089,0.618083922,0.572958395,0.261817435,0.445131956,0.303452687,0.118192148
89,RSM00020982.csv,51,0.284196947,0.292266228,0.101449768,0.130103936,0.102212963,0.219319719,-0.11261363,-0.099313096,0.374248362,0.388606366,0.263676312,-0.020305929
90,RSM00021432.csv,51,0.005017148,0.017647999,0.296180563,0.400524619,0.250861893,0.404679092,0.548652254,0.609592011,0.654694804,0.461354457,0.264386258,-0.003939163
91,RSM00021636.csv,50,0.099662223,0.167347714,0.51266957,0.456865835,0.341803645,0.34204675,0.687545445,0.694394085,0.53505027,0.360111466,0.248411623,0.054925548
92,RSM00021802.csv,51,0.152124989,0.165537761,0.172412373,0.432226958,0.29666368,0.03139855,0.05251743,0.047437843,0.39862664,0.127221393,0.346589415,-0.076752163
93,RSM00021824.csv,51,0.094989933,0.434504443,0.472161487,0.454781383,0.420076262,0.198806366,0.387037526,0.404759307,0.408743194,0.33575314,0.264647053,-0.014004191
94,RSM00021908.csv,51,0.08096576,0.149617186,0.142442397,0.275247882,0.23892338,-0.024922553,0.158231055,-0.015608605,0.400554685,0.272291124,0.447510116,-0.118360641
95,RSM00021921.csv,51,0.133779735,0.364297322,0.327724203,0.29292577,0.38788273,0.0120827,0.279248438,0.202923158,0.368909398,0.255513785,0.33226182,-0.03955679
96,RSM00021931.csv,51,0.176376429,0.464992657,0.453067835,0.426226379,0.297279525,0.187875235,0.447170732,0.401147819,0.417657723,0.289401109,0.364932681,0.031630871
97,RSM00021946.csv,51,-0.053622178,0.242392746,0.426832617,0.366906732,0.19122319,0.282900989,0.380218219,0.384255625,0.368613754,0.238717479,0.079872021,-0.104660619
98,RSM00021982.csv,51,0.017240635,0.274127585,0.20453067,0.477432413,0.223801651,0.222875194,0.454298525,0.391222292,0.735432744,0.330214741,0.10547502,0.013106551
99,RSM00022003.csv,51,0.341387707,0.515294599,0.364083373,0.289812127,0.295703085,0.419416729,0.371110475,0.193757061,0.278517967,0.151633845,-0.075031253,0.072168529
100,RSM00022028.csv,51,0.313611819,0.480886646,0.267241659,0.236662066,0.198331091,0.304479787,0.380430771,0.193606355,0.188991837,0.231593821,-0.127045156,-0.015593844
101,RSM00022095.csv,51,0.349267459,0.354287495,0.151140805,0.351528492,0.48991176,0.465764574,0.504353977,0.260529878,0.070037166,0.255609199,0.116788791,0.001642294
102,RSM00022113.csv,51,0.317809973,0.474090624,0.248406084,0.15520861,0.074581588,0.205525509,0.311443761,0.176914261,0.243175015,0.230240527,-0.055106815,0.116440157
103,RSM00022140.csv,51,0.423209283,0.563195332,0.342917406,0.219372732,0.3135619,0.360212172,0.440027794,0.200859871,0.322176503,0.39121514,-0.07583145,0.007602437
104,RSM00022165.csv,51,0.355426919,0.451167964,0.311352956,0.30116965,0.389175606,0.427168196,0.515628146,0.253175506,0.267981692,0.250989431,-0.019566844,0.065371883
105,RSM00022217.csv,51,0.341837416,0.423647494,0.139192251,0.197369621,0.031535876,0.251214332,0.288925126,0.177147472,0.267619207,0.28672343,0.028853826,0.111307461
106,RSM00022235.csv,51,0.299868648,0.370547715,0.214223731,0.186144679,0.036648941,0.24519646,0.30413009,0.173157796,0.193608529,0.219684418,-0.065286538,0.102127027
107,RSM00022292.csv,51,0.285678292,0.224341859,0.086721494,0.327292408,0.440979641,0.41528001,0.488040001,0.177948058,0.100620892,0.138412362,-0.136317461,-0.029922353
108,RSM00022355.csv,51,0.37022814,0.4263517,0.337097945,0.359436086,0.489879982,0.45581237,0.602470081,0.372800948,0.298916777,0.235621448,-0.037782137,0.114261889
109,RSM00022408.csv,51,0.439167474,0.406002455,0.134568313,0.117484866,-0.030266861,0.263753102,0.145132935,0.153645217,0.176999829,0.273662991,0.010185785,0.108272614
110,RSM00022422.csv,51,0.426220676,0.414385333,0.263842018,0.140660127,0.192894255,0.31302297,0.348720447,0.27295663,0.408765152,0.204282847,0.055468348,0.116008054
111,RSM00022438.csv,51,0.413667446,0.407169022,0.379817901,0.270602989,0.239657591,0.321118797,0.490869731,0.334631225,0.307573091,0.232584435,-0.019693835,0.078437713
112,RSM00022471.csv,45,0.337756415,0.401002528,0.155767846,0.279402334,0.162158828,0.265328314,0.406802228,-0.048157903,0.135706369,0.00288623,-0.264129187,0.079932229
113,RSM00022520.csv,51,0.431994943,0.381823339,0.222286875,0.157869681,0.181429688,0.268441718,0.320916645,0.234998409,0.250591675,0.211213341,0.042868685,0.134330235
114,RSM00022550.csv,51,0.322299105,0.293019796,0.17676408,0.107753141,-0.035821481,0.185631669,0.284821816,0.048416969,0.203932313,0.074826791,-0.162225343,0.05197941
115,RSM00022583.csv,51,0.263208108,0.224876347,0.089258632,0.162649082,0.227553687,0.241026275,0.34604135,-0.026371055,0.126656892,0.019309146,-0.182134772,-0.077721772
116,RSM00022602.csv,51,0.446245699,0.335743365,0.150975108,0.129098707,-0.084742467,0.213196366,0.182189183,0.173944166,0.225366927,0.272345466,-0.044750282,0.10327458
117,RSM00022641.csv,51,0.361240066,0.278211972,0.178791086,0.080522004,-0.073539957,0.232331839,0.27539527,0.084214006,0.257668325,0.161163139,-0.116549696,0.051664843
118,RSM00022721.csv,43,0.369818116,0.512594908,0.293755219,0.083883198,-0.074666336,0.325652863,0.213520024,0.282695798,0.295568778,0.131197678,-0.06834203,0.176091225
119,RSM00022768.csv,51,0.369811377,0.143621911,0.091844838,-0.034363088,-0.112801077,0.251922527,0.291177403,0.032676889,0.137777542,0.045289239,-0.151243325,-0.126539751
120,RSM00022802.csv,51,0.460988833,0.34841121,0.327164033,0.121928714,-0.067284867,0.315753014,0.24429413,0.342863314,0.297872229,0.285654634,-0.02752434,0.049397458
121,RSM00022820.csv,51,0.409429516,0.292123412,0.190828882,-0.037340518,-0.120381815,0.346289556,0.278182407,0.260260078,0.330283221,0.23344019,-0.100801406,0.041672597
122,RSM00022837.csv,51,0.354161234,0.257606969,0.293651993,0.018407523,-0.076114493,0.293622349,0.326723387,0.210704741,0.298857764,0.148163791,-0.118878476,-0.016921086
123,RSM00022845.csv,51,0.353546351,0.253899437,0.266278374,0.038673848,-0.140863372,0.290982049,0.318994754,0.127222142,0.256577646,0.11490697,-0.135304924,-0.01629926
124,RSM00022854.csv,51,0.321681919,0.224395516,0.194282922,0.010818781,-0.091252008,0.263357409,0.271745298,0.059879244,0.223501242,0.096208777,-0.162462558,-0.021769832
125,RSM00022887.csv,51,0.196252364,0.203082816,0.213163899,-0.021603016,0.062414532,0.227185362,0.304572244,-0.035393268,0.140964253,-0.000845331,-0.227730001,-0.142263229
126,RSM00022892.csv,51,0.456959525,0.340570515,0.242327295,0.142387078,-0.039525975,0.333816068,0.196862254,0.339868253,0.308854812,0.30282354,-0.033106214,0.151946094
127,RSM00022907.csv,45,0.52039994,0.35806596,0.360524064,0.237660161,0.10427526,0.380247343,0.337004927,0.428754418,0.383743023,0.413411762,-0.062980139,0.12837481
128,RSM00022954.csv,44,0.294082033,0.330347918,0.150142381,0.029205781,-0.107495346,0.313497112,0.314528937,-0.001012815,0.226176442,0.070698844,-0.276851082,0.048712601
129,RSM00022981.csv,42,0.216252767,0.227055658,0.182138839,0.032966167,0.111840125,0.290415409,0.335689929,-0.051782035,0.097499095,0.032552508,-0.227112747,-0.07656509
130,RSM00023022.csv,51,0.256725608,0.294861965,0.034703929,0.280885781,0.39626811,0.431378931,0.419951429,0.265627854,0.096997852,0.224205839,0.105317292,0.01209398
131,RSM00023032.csv,51,0.203711133,0.284510934,0.000964222,0.253113374,0.26668512,0.574419537,0.483768663,0.311233643,0.20435008,0.272005744,0.144462916,0.042669648
132,RSM00023074.csv,51,0.346739737,0.33727259,0.109005385,0.133187822,0.184041326,0.205132463,-0.073361608,-0.113483895,0.262390651,0.277578799,0.193273206,-0.141893194
133,RSM00023205.csv,51,0.313409968,0.172127482,0.025709097,0.308145887,0.422280888,0.313483433,0.332212024,-0.011509306,-0.001158261,0.095609671,-0.136699769,-0.039179928
134,RSM00023219.csv,51,0.30962906,0.111621387,-0.032591028,0.319630806,0.448256768,0.342890177,0.242619749,-0.04796259,0.039440321,0.058162036,-0.068201997,-0.123382264
135,RSM00023242.csv,51,0.285354278,0.265354907,-0.02728653,0.395458858,0.368531385,0.287190538,0.229622628,0.075015902,0.112537244,0.359583377,0.173213786,-0.112008422
136,RSM00023256.csv,50,0.354945656,0.2734477,0.082494728,0.380296151,0.246462659,0.189968168,-0.017641832,-0.010651879,0.12749956,0.331339507,0.159875652,-0.115759214
137,RSM00023274.csv,49,0.483152976,0.336283562,0.159259265,0.136248362,0.162052738,0.137087765,-0.196785208,-0.06237962,0.165693091,0.265032118,0.200391382,-0.020912488
138,RSM00023324.csv,51,0.279020561,0.101859172,-0.00651618,0.345515936,0.461422301,0.341307947,0.217716911,-0.058616872,0.085704153,0.059725496,-0.075182213,-0.14206871
139,RSM00023330.csv,51,0.295492554,0.243270838,-0.03806599,0.388453794,0.538731817,0.314684021,0.27078842,0.019995407,0.063067287,0.148545948,0.052571986,-0.013984587
140,RSM00023345.csv,50,0.270384491,0.190143768,0.011066652,0.465427527,0.420254812,0.266406514,0.167677346,0.028346173,0.090954665,0.299481597,0.191424023,-0.065911767
141,RSM00023383.csv,51,0.381928372,0.400370835,0.180322681,0.145737037,0.232929751,0.276920067,-0.090759839,-0.092126484,0.185216268,0.434477339,0.22020815,-0.00911757
142,RSM00023405.csv,51,0.29117367,0.166805439,0.052126782,0.230443559,0.305281415,0.248603998,0.321056861,-0.017573031,0.07422838,0.020320937,-0.163619806,-0.100311886
143,RSM00023412.csv,51,0.293131647,0.110849412,-0.009695266,0.302693172,0.376641662,0.287444521,0.323676581,-0.057145044,0.043102233,0.022299233,-0.104802714,-0.151272446
144,RSM00023418.csv,51,0.25150831,0.111226151,0.005699875,0.272433121,0.341945101,0.281918852,0.325905147,-0.072199566,0.031955388,-0.008036379,-0.085247854,-0.199349893
145,RSM00023472.csv,51,0.451498167,0.386863305,0.237216648,0.116757286,0.109513015,0.199794548,-0.181917925,-0.091322125,0.083531824,0.273081753,0.268924729,-0.073020323
146,RSM00023527.csv,51,0.246809082,0.209830789,0.046421651,0.350026129,0.414251595,0.325532634,0.208790358,-0.045847868,-0.043799519,0.112196324,-0.081692466,-0.063910985
147,RSM00023552.csv,51,0.318176753,0.199182398,0.102748985,0.490349553,0.155102202,0.099011106,-0.027944412,-0.048784791,-0.015517464,0.142847723,0.169461693,-0.064997945
148,RSM00023631.csv,51,0.24007091,0.15207845,0.036774221,0.383802741,0.411952917,0.235745895,0.236007122,-0.055398201,-0.008860367,0.073767644,0.042390841,-0.111343345
149,RSM00023662.csv,51,0.393439138,0.341854256,0.16640877,0.403530337,0.02835932,0.074134344,-0.198764796,-0.030175654,0.048051326,0.168391093,0.253044869,0.032737515
150,RSM00023678.csv,51,0.447477627,0.411986525,0.247477019,0.294972032,-0.079719677,0.064602074,-0.212692454,-0.033377493,-0.004617762,0.273216845,0.344511072,0.017455799
151,RSM00023711.csv,51,0.209764103,0.13015896,0.033204082,0.10941741,0.267251118,0.252965011,0.28682047,-0.067426751,0.003758162,0.001672095,-0.113180528,-0.105922755
152,RSM00023724.csv,49,0.25767107,0.226040164,0.059346421,0.165850406,0.352354747,0.232698951,0.124993241,-0.051118649,-0.068310508,0.071191077,-0.047363257,-0.154365159
153,RSM00023734.csv,51,0.20217728,0.181088212,0.073441451,0.273783138,0.212423722,0.185518571,0.205089686,-0.084068601,-0.026255659,0.080152274,0.02319984,-0.164673532
154,RSM00023804.csv,51,0.192285,0.173152251,0.10939491,-0.010769183,0.193537492,0.248100912,0.339889377,-0.067776795,0.113405341,0.009766552,-0.225461225,-0.154836111
155,RSM00023849.csv,51,0.257292648,0.284526165,0.222224282,0.374629836,0.078649521,0.036200982,0.123655213,-0.012758228,-0.204555584,0.175694003,0.28712081,-0.022531721
156,RSM00023867.csv,51,0.239545242,0.306427301,0.17799818,0.360248623,-0.083938785,-0.078747518,-0.107209011,0.030796074,-0.198085454,0.314383035,0.32282612,0.03096974
157,RSM00023884.csv,51,0.397024082,0.42470518,0.292128828,0.254237697,-0.261755027,-0.03798657,-0.236349815,0.020193316,-0.0835305,0.309417776,0.383081363,0.104990983
158,RSM00023891.csv,51,0.429452842,0.41251179,0.29494954,0.211649043,-0.122639215,0.057333602,-0.133591648,0.047705488,-0.002039498,0.366941614,0.355851069,0.234918358
159,RSM00023914.csv,51,0.270727244,0.049295242,0.076134413,0.043056333,0.167143526,0.244556392,0.286215437,-0.118618616,0.067280233,0.041509633,-0.106876624,-0.241546352
160,RSM00023921.csv,51,0.168195968,0.152632737,0.070878066,0.089207962,0.367437596,0.29133736,0.191634871,-0.041841801,0.03211602,-0.005588789,-0.163561271,-0.137481291
161,RSM00023933.csv,51,0.210577467,0.158377904,0.118691448,0.250695775,0.172069037,0.219879693,0.136490241,-0.101237973,-0.10704785,0.144827581,0.10063518,-0.106203616
162,RSM00023946.csv,50,0.229085529,0.249563306,0.183713699,0.304943366,0.035625837,0.021532416,0.158986011,-0.096445679,-0.234326359,0.253736531,0.275302591,-0.074633364
163,RSM00023955.csv,51,0.270432862,0.261389885,0.183475657,0.307139493,-0.143546076,0.023483148,0.076165822,-0.016656209,-0.240776386,0.226293362,0.28254171,-0.041537911
164,RSM00024125.csv,51,0.243118214,0.222381764,0.177603948,0.159672611,0.272087872,0.075749429,0.18081257,0.023980658,0.253559303,0.29380905,0.39188753,0.044348453
165,RSM00024136.csv,51,0.150197795,0.351721238,0.150215101,0.229658665,0.2522285,-0.040130706,0.319049118,0.108100078,0.327503585,0.307690754,0.305598639,-0.068408135
166,RSM00024143.csv,51,0.189973837,0.30926856,0.123626969,0.179736228,0.347036994,0.030756253,0.323981003,0.13076392,0.336500163,0.241852419,0.154352756,0.102905088
167,RSM00024266.csv,51,0.168594931,0.355970951,0.321002336,0.392165238,0.220754045,0.037932635,0.244752355,0.152710475,0.299800238,0.342870887,0.317618274,0.056307381
168,RSM00024329.csv,51,0.314320609,0.236658169,0.242469379,0.18426089,0.14837044,0.021823347,0.199684818,0.188109004,0.14760573,0.337669059,0.375929821,0.048107041
169,RSM00024343.csv,51,0.225889831,0.382502185,0.212754273,0.109817522,0.338539208,-0.025466958,0.215730961,0.197714199,0.199787466,0.266810736,0.159090952,0.041993338
170,RSM00024382.csv,51,0.262585546,0.050050146,0.28072089,0.285778296,0.037616995,0.266190824,0.224123734,0.135021687,0.120254441,0.253738648,0.361148889,0.127969791
171,RSM00024507.csv,51,0.371239976,0.33434196,0.251339551,0.139376183,0.040051043,0.098478576,-0.012672266,-0.028129537,0.085726866,0.423904124,0.363330267,0.144964535
172,RSM00024639.csv,44,0.42926488,0.226721148,0.042512253,0.179651631,0.211515155,0.008257696,0.276924911,-0.089500705,0.14328332,0.399416948,0.170640233,0.200688265
173,RSM00024641.csv,51,0.27029653,0.363750503,0.31768359,0.335147062,0.17117019,-0.011265577,0.040972518,0.159407507,0.260637093,0.3923617,0.255980456,0.042222532
174,RSM00024656.csv,43,0.175211986,0.136448774,0.120992898,0.345088362,0.202806439,-0.076935438,0.19886351,-0.08255766,0.166724014,0.484362044,0.179581777,0.159252274
175,RSM00024661.csv,51,0.224853411,0.119887744,0.266295853,0.408760703,0.14693769,-0.190677469,0.135766685,0.176250935,0.141873952,0.217644372,0.170872716,0.048694914
176,RSM00024679.csv,47,0.163913809,-0.066755886,0.275593935,0.482629448,0.241655513,0.249592379,0.221144475,0.203606227,0.214931847,0.328844787,0.219371388,0.214172207
177,RSM00024688.csv,51,0.218023167,-0.1742648,0.278779467,0.384262566,0.224455723,0.23285469,0.102860847,0.137941037,0.22186725,0.384325368,0.208935308,0.151385034
178,RSM00024713.csv,51,0.249370603,0.324805319,0.224332227,0.274979386,-0.037458613,0.135369427,0.113183044,-0.01990494,0.043137377,0.416440101,0.308846208,0.21959473
179,RSM00024738.csv,51,0.301669821,0.363785426,0.296542592,0.38178283,0.226189493,0.121541584,0.157767037,0.186723754,0.207293482,0.397491032,0.299806552,0.19589411
180,RSM00024768.csv,44,0.279707141,0.041724948,0.345008257,0.402068275,0.185044858,0.158372088,0.239728091,-0.030041078,0.055858862,0.454076165,0.310599076,0.251709993
181,RSM00024790.csv,51,0.025916979,-0.026481878,0.381303071,0.448976948,0.267477374,0.151264046,0.185379717,0.117235834,0.158183637,0.205128799,-0.080013075,0.097021654
182,RSM00024802.csv,51,0.273811047,0.298763199,0.253270374,0.195006407,-0.085343673,0.140846594,0.076066011,0.146895568,0.09030494,0.460860487,0.286754064,0.200165293
183,RSM00024817.csv,51,0.265018676,0.361479489,0.247154228,0.291029039,-0.028350219,0.197233474,0.278566837,0.011652904,0.085091245,0.416881405,0.335168971,0.24128874
184,RSM00024856.csv,43,0.274604938,0.137354703,0.282869214,0.361158464,0.272156965,0.158215625,0.244847542,0.076727872,0.092212285,0.55404409,0.203559346,0.213079488
185,RSM00024908.csv,51,0.267144121,0.346252129,0.343913607,0.298674373,-0.05580898,0.091537639,0.015316677,0.073743072,0.016383482,0.353482958,0.307036452,0.251414003
186,RSM00024923.csv,50,0.428633224,0.306242904,0.252516931,0.222596702,0.175215053,0.206940738,0.321108772,0.116831847,0.136516617,0.293173444,0.317198729,0.29520187
187,RSM00024944.csv,51,0.323431807,0.397305126,0.371129122,0.35339752,0.121903407,0.214638156,0.224262905,0.121826125,0.104468458,0.343882699,0.365325209,0.192611137
188,RSM00024951.csv,51,0.274236519,0.307923773,0.353639389,0.454343384,0.283126453,0.165831071,0.074579758,0.186203608,0.183825793,0.50169462,0.343769297,0.082566035
189,RSM00024959.csv,51,0.314542778,0.317721105,0.373199384,0.397179467,0.132768442,-0.01338736,0.208377363,0.179762926,0.198744972,0.412137147,0.352083376,0.255953285
190,RSM00024966.csv,51,0.337416713,0.196983425,0.418647915,0.600955649,0.23835085,0.290423282,0.173523478,0.173526916,0.085696285,0.34213362,0.377302079,0.165266866
191,RSM00024967.csv,51,0.205871405,0.360684449,0.443376746,0.480135143,0.163859166,0.18234019,0.139668022,0.27018402,0.142113946,0.426049765,0.314505251,0.116295004
192,RSM00025034.csv,51,0.027478737,0.003327084,0.257324578,0.308175984,0.138073055,0.164948579,0.173512832,0.29072476,0.286605593,0.203011265,0.005035384,-0.137754674
193,RSM00025042.csv,51,0.071667991,0.065577399,0.275505569,0.476621369,0.192546613,0.084776429,0.327444281,0.449737454,0.577696371,0.324814682,-0.038468292,-0.232940056
194,RSM00025062.csv,51,0.03942533,0.088042817,0.291645445,0.522982164,0.205842454,0.299033301,0.431337068,0.451348461,0.613260123,0.357904102,-0.017563396,-0.189843067
195,RSM00025123.csv,51,0.111213172,-0.045994958,0.278483958,0.243567371,0.234645378,0.164132809,0.341032818,0.198908693,0.127691734,0.195205474,-0.007437171,-0.218903657
196,RSM00025138.csv,51,0.066347918,-0.138316864,0.218466232,0.357594666,0.258646014,-0.022210116,0.330711834,0.28675159,0.308108923,0.01812276,-0.01092786,-0.24664802
197,RSM00025173.csv,51,0.053622222,0.18601111,0.31509316,0.42686253,0.305274209,0.138233035,0.216834251,0.477944051,0.571874799,0.428790157,0.008948301,-0.132703335
198,RSM00025206.csv,51,0.01434318,0.186026158,0.248242815,0.260567266,0.127298857,0.123820962,0.272518287,0.170618084,0.17443026,0.276419626,0.004762338,-0.031192167
199,RSM00025248.csv,51,0.123650808,-0.101241529,0.060330199,0.315076198,0.57270425,0.14808309,0.397285503,0.376594076,0.497543972,0.035639749,-0.01012713,-0.045248218
200,RSM00025282.csv,51,0.063942054,0.302700003,0.310942543,0.528378095,0.363708516,0.319887284,0.369008554,0.630993919,0.644100551,0.430190567,0.082408159,-0.084327331
201,RSM00025325.csv,51,0.026553453,0.000738261,0.143800995,0.304710647,0.299165519,-0.093227915,0.272806018,0.218473267,0.037059018,0.112332137,-0.001150719,-0.109669714
202,RSM00025356.csv,51,-0.014230044,0.095510757,0.113037992,0.349928416,0.565585009,0.162692489,0.240283669,0.35609062,0.487432077,0.13579503,0.029388882,-0.031642988
203,RSM00025378.csv,44,-0.305137887,0.101627472,0.241922777,0.28231117,0.149300589,0.20783491,0.534813876,0.285758548,0.413950567,0.203581909,0.272787859,-0.116549471
204,RSM00025399.csv,51,0.087852522,0.38676778,0.369538407,0.466449465,0.367292109,0.456638171,0.376627335,0.483789215,0.506861536,0.536742709,0.21113709,-0.11263647
205,RSM00025400.csv,51,0.016264003,0.218250725,0.295244908,0.253226369,0.170921922,0.185702862,0.261012053,0.201365017,0.04894811,0.284621309,0.020577873,-0.074145861
206,RSM00025428.csv,51,0.068097468,-0.070757342,0.171326273,0.349154161,0.438401751,-0.045058334,0.312100709,0.181243647,0.078650701,0.219484306,-0.035928517,0.076858019
207,RSM00025503.csv,51,0.087080984,0.009925411,0.204165609,0.354508991,0.176530818,-0.056280522,0.27775217,0.264269468,0.016573327,0.29791143,-0.067073527,-0.006330766
208,RSM00025551.csv,51,-0.022090093,-0.032268171,0.078879968,0.329696079,0.679574018,0.31125716,0.284239338,0.324324898,0.425436906,0.103009269,-0.035499306,0.028342528
209,RSM00025563.csv,51,0.11786134,0.089297752,0.126208547,0.342374773,0.667515531,0.570109847,0.195097044,0.383153055,0.377112047,0.166294915,0.043462763,-0.022842666
210,RSM00025594.csv,51,0.040501063,0.224053965,0.260018364,0.338413291,0.270328029,0.5007244,0.431581814,0.106955389,0.294525917,0.210994042,0.141118769,0.021598888
211,RSM00025703.csv,51,0.019180401,-0.06496315,0.269992713,0.376789698,0.258430969,0.047421689,0.219110803,0.212940547,0.00702637,0.270191062,-0.092148749,0.085893071
212,RSM00025932.csv,50,0.20804903,-0.009682692,0.082715792,0.397667935,0.466230604,0.409484943,0.3740173,0.281016612,0.257549336,0.299943021,0.001333382,-0.199577486
213,RSM00025954.csv,51,0.138210248,0.001044142,0.01445871,0.342620635,0.420470367,0.314779949,0.134379541,0.359273323,0.44633374,0.218863359,0.057215679,-0.091686502
214,RSM00025956.csv,51,0.258173861,0.103223018,0.181330654,0.500136616,0.480951015,0.481680881,0.241194707,0.526937215,0.327279139,0.152349707,0.181787541,-0.145080525
215,RSXLT306544.csv,48,0.138852947,-0.122422809,-0.121219892,0.223764151,0.595238928,0.196592552,0.459130905,0.299131135,0.441035616,0.04709689,-0.114665468,0.004043544
216,SV000020107.csv,51,0.530976965,0.179219609,0.456266277,0.330607263,0.574583397,0.253989388,0.552615623,0.17750597,0.305027992,0.513600988,0.492021769,0.214366139
217,SW000002120.csv,51,0.293295484,0.410053285,-0.004557455,0.272815236,0.161926489,0.334094103,0.116767168,0.31919567,0.132480373,0.313559728,0.026031934,0.253372919
218,SW000002127.csv,51,0.400543875,0.375753691,0.004847501,0.262013115,0.095227859,0.182144372,0.130869864,0.290006506,0.169954403,0.448033651,0.152602019,0.172717938
219,SW000002196.csv,51,0.437670786,0.419209522,0.139108773,0.318550071,0.124005338,0.298625994,0.241349495,0.292008929,0.192879965,0.389885015,0.054217989,0.128938398
220,SW000002288.csv,51,0.570147961,0.584447016,0.512160703,0.58415037,0.38632958,0.37995314,0.329329894,0.210840664,0.292265766,0.490681604,0.113321823,0.162839003
221,SW000002361.csv,51,0.556180429,0.446848381,0.249905143,0.155764387,0.107660311,0.132311787,0.366864084,0.306457349,0.2015297,0.425341308,0.225916398,0.055536912
222,SW000002410.csv,51,0.579411695,0.382742152,0.161051065,0.098046623,0.169857339,-0.048164444,0.462409752,0.28413386,0.101015744,0.375314652,0.330432455,0.086267339
223,SW000010537.csv,51,0.61392751,0.359547611,0.216437094,0.013622241,0.16434286,0.017773124,0.485277403,0.302623946,0.096550756,0.34680665,0.373915336,0.048014536
224,SW000021280.csv,50,0.400394954,0.412334453,-0.039107135,0.116620104,0.063370885,0.26811927,0.190503092,0.318813614,0.172921624,0.415232986,0.111195766,0.156368291
225,SWE00100026.csv,51,0.522440795,0.323924124,0.026836173,-0.074185105,0.255085845,0.186149243,0.321136656,0.146544959,0.211300027,0.470005386,0.231989488,0.146111495
226,SWE00139346.csv,51,0.598858324,0.433931973,0.244406935,0.036475837,0.140549178,-0.116697143,0.526251517,0.35792782,0.131429964,0.346821878,0.262283043,0.063578682
227,SWE00139430.csv,46,0.595866819,0.424591285,0.330403192,-0.045642361,0.250083552,0.057673451,0.460805998,0.418403007,0.265713908,0.356326329,0.235022941,0.062058833
228,SWE00139590.csv,51,0.557963037,0.311361471,0.048388607,0.176767256,0.21425911,0.007827405,0.436505134,0.24311972,0.118465156,0.367729667,0.326684802,0.070834282
229,SWE00139720.csv,51,0.542078941,0.383157006,0.101126601,0.091074183,0.236165511,0.066290922,0.470494001,0.28897422,0.132676965,0.317264318,0.26244593,0.057918531
230,SWE00139800.csv,50,0.537421798,0.419291581,0.032207564,0.145370079,0.21614494,-0.036104987,0.427094304,0.188768194,0.141677632,0.353818764,0.360221382,0.050025941
231,SWE00139842.csv,51,0.503985193,0.329001618,0.102411821,0.102227378,0.259086364,0.0058178,0.276442052,0.197610933,0.091415165,0.335028417,0.328379119,0.009874048
232,SWE00139992.csv,47,0.540140415,0.378220193,-0.017571846,-0.034649897,0.175991026,0.098128173,0.395818769,0.04563538,0.070055061,0.382983912,0.158348573,0.131276876
233,SWE00140002.csv,47,0.548721428,0.386972978,-0.004625227,-0.008775647,0.08017067,0.105438004,0.415280133,0.081953969,0.088662048,0.390057899,0.133651488,0.113924753
234,SWE00140374.csv,46,0.411019137,0.365016585,-0.122602055,0.072715586,-0.048421489,0.2078661,0.239456094,0.305057233,0.199907506,0.421623621,0.117886429,0.149813008
235,SWE00140492.csv,51,0.435834438,0.500441267,0.124733262,0.293603882,0.141985892,0.250281675,0.204043737,0.299005699,0.193878934,0.487025935,0.049692554,0.16383402
236,SWE00140714.csv,51,0.299157934,0.383987386,-0.079548906,0.237410816,0.125701467,0.265068009,0.084490534,0.376476624,0.162416016,0.37957732,0.079324872,0.278245894
237,SWE00140746.csv,51,0.399692448,0.444089439,0.021420137,0.221052924,0.076062805,0.219998678,0.106026744,0.264855656,0.160151329,0.339502352,0.048074703,0.209554039
238,SWE00140836.csv,42,0.304193501,0.350430151,0.062633458,0.28252422,0.102150374,0.249178277,0.413856422,0.090936297,0.026342037,0.280002557,0.056828089,0.243474918
239,SWE00140954.csv,51,0.340142307,0.421486789,0.147188482,0.15267825,0.242294624,0.335287266,0.187012286,0.455288261,0.20200039,0.094601649,-0.097812528,0.21499307
240,SWM00002080.csv,51,0.314054112,0.423270698,0.128330096,0.228108607,0.162621273,0.270507811,0.221608516,0.242791452,0.263010004,0.24577319,0.116731364,0.19669473
241,UK000003005.csv,51,0.394400674,0.413177183,0.225026602,0.177545923,0.22846999,0.091461698,0.617473818,0.270827661,0.076030673,0.054789201,0.314337118,0.072750328
242,USC00500272.csv,51,0.28242657,0.230786071,0.45264902,0.581890096,0.637202479,0.419751836,0.53298822,0.423715451,0.255944069,0.396075647,0.071194538,0.193320471
243,USC00502107.csv,51,0.08767075,-0.155887735,0.304648308,0.471659922,-0.033831372,0.169354284,0.474457641,0.165827,0.111417077,0.263687234,-0.053912155,0.130837512
244,USC00502607.csv,49,0.059896983,-0.032375135,0.088376228,0.512886856,0.102034232,0.000940394,0.451940525,0.190334347,-0.060775189,0.239583177,-0.102360797,0.160070432
245,USC00502707.csv,51,0.16679385,0.015898579,0.370868021,0.535374196,0.179563153,0.25725332,0.358259047,0.091672582,-0.024905226,0.305684404,-0.039302655,0.140937652
246,USC00502965.csv,47,0.036679641,-0.121716068,0.248028659,0.564007369,0.202709232,0.225931608,0.458684479,0.207084231,0.217822822,0.373537047,-0.20707172,0.268024719
247,USC00505733.csv,51,0.307979288,0.138580129,0.294857873,0.494807458,0.422933801,0.38280187,0.469657409,0.218091876,0.230472794,0.44601473,0.005167523,0.03688634
248,USC00505778.csv,51,0.057570203,-0.077657546,0.206910476,0.505954677,0.141105478,0.321860008,0.454109614,0.198130057,0.026860044,0.223664798,-0.083167127,0.200787792
249,USC00506870.csv,49,0.228554677,0.074254297,0.330724756,0.480882852,0.349410215,0.285459694,0.499283209,0.232810324,0.216375952,0.397119324,-0.028117735,0.10344375
250,USC00507783.csv,51,0.021201159,-0.066841513,0.139337659,0.514456149,0.415532427,0.446339373,0.374193393,0.197419781,0.331853014,0.486532647,-0.113540275,0.019882506
251,USC00509015.csv,43,0.14795675,-0.137376591,0.420785651,0.422615112,0.03568611,0.030729787,0.611406096,0.257659193,0.02976162,0.240317887,-0.102708231,0.034230875
252,USC00509641.csv,51,0.059982399,-0.152582016,0.251004187,0.367659197,-0.174164516,0.141604817,0.261703797,0.117136264,0.112760179,0.248346398,-0.066550243,0.13813068
253,USR0000AFAI.csv,51,0.043524297,-0.167110105,0.213111317,0.512178446,-0.005336962,0.112573507,0.413579972,0.059100913,0.144438907,0.36901274,-0.237352128,0.27603771
254,USW00026410.csv,51,0.433077334,0.349523302,0.540536472,0.675180602,0.616717994,0.46366915,0.628842764,0.521481893,0.573306593,0.440060042,0.022812623,-0.102070869
255,USW00026411.csv,51,0.156529773,-0.057956341,0.360057549,0.524183596,0.035869771,0.115017574,0.441085907,0.122769234,0.139108554,0.274852055,-0.033076185,0.205534487
256,USW00026412.csv,51,0.207664496,-0.136858854,0.287216337,0.507491097,0.105353206,0.047553214,0.533111894,0.231856202,0.158715087,0.295953397,-0.014592205,0.148523268
257,USW00026415.csv,51,0.154631895,0.01123317,0.319115413,0.506293805,0.012437647,0.174489653,0.53785793,0.060565572,0.053042045,0.264635829,-0.077276722,0.103750963
258,USW00026425.csv,51,0.220020232,-0.043186652,0.297129358,0.394922494,0.254566786,0.07688462,0.480348144,0.300629323,0.156451393,0.396227879,-0.044473024,0.114015871
259,USW00026438.csv,51,0.231045404,0.139038682,0.326772025,0.325540033,0.635456517,0.168344781,0.271853409,0.459164332,0.469116133,0.37000451,-0.049760207,-0.014037904
260,USW00026442.csv,50,0.330345722,0.150407267,0.533468964,0.522626127,0.712305071,0.3117998,0.375048896,0.315722446,0.451407993,0.298527675,0.141902195,0.146542178
261,USW00026451.csv,51,0.36413548,0.151883166,0.431140542,0.534519305,0.577149065,0.443264475,0.565427363,0.396688626,0.312555999,0.389425026,0.065292442,0.148243051
262,USW00026510.csv,51,0.05301482,-0.117643373,0.352305244,0.551264866,0.073293454,0.262950395,0.482781564,0.161751899,0.071305951,0.25272255,0.001381939,0.211624708
263,USW00026523.csv,51,0.341210719,0.177037072,0.437922964,0.639026431,0.654683638,0.689464127,0.679320266,0.236483997,0.225685226,0.355204467,0.086150471,0.074805049
264,USW00026528.csv,51,0.330963378,0.180136931,0.358216928,0.568106988,0.443495061,0.293265667,0.392615329,0.279410831,0.200317942,0.468200121,-0.005418775,0.069211349
265,USW00026529.csv,51,0.177351338,-0.053978648,0.450160614,0.511035203,0.066591274,0.170020665,0.556067424,0.229844457,0.100728006,0.230061242,-0.073050486,0.115412401
266,USW00026533.csv,51,0.138038304,-0.082630891,0.328380343,0.498109224,-0.055754812,-0.035227306,0.3861598,0.157447387,0.147965576,0.155568113,-0.068131949,0.10621222
267,USW00026615.csv,51,-0.037620019,0.030283655,0.422819933,0.538248776,0.199650216,0.150233551,0.269414858,0.13523399,0.041414545,0.100131992,0.127603242,0.199516809
268,USW00026616.csv,51,-0.004735147,0.094384854,0.396701986,0.50059817,0.419109073,0.258652578,0.40849779,0.167736835,0.149460019,0.227068889,0.091167738,0.117704385
269,USW00026617.csv,51,-0.027042824,0.022219679,0.39907248,0.441661054,0.038240741,0.040545089,0.45106741,0.212693868,0.280941511,0.326688977,0.10689957,0.073780099
270,USW00027401.csv,51,0.061011107,-0.023731523,0.565575441,0.463917863,0.205267418,0.40648531,0.384484193,0.446664335,0.392158089,0.3068216,0.24244663,0.062202736
271,USW00027502.csv,51,-0.012789936,0.239656261,0.470744615,0.400471723,0.384336545,0.26500566,0.574488759,0.574735959,0.577301948,0.410975163,0.321990628,0.103765323
