"","x"
"1","CA002101300.csv"
"2","CA002101415.csv"
"3","CA002201900.csv"
"4","CA002202100.csv"
"5","CA002202101.csv"
"6","CA002202115.csv"
"7","CA002202196.csv"
"8","CA002202198.csv"
"9","CA002202200.csv"
"10","CA002202398.csv"
"11","CA002202400.csv"
"12","CA002202800.csv"
"13","CA002202801.csv"
"14","CA002204100.csv"
"15","CA002300500.csv"
"16","CA002300707.csv"
"17","CA002300900.csv"
"18","CA002300902.csv"
"19","CA002301000.csv"
"20","CA002400400.csv"
"21","CA002400600.csv"
"22","CA002400602.csv"
"23","CA002400800.csv"
"24","CA002401200.csv"
"25","CA002402590.csv"
"26","CA002402594.csv"
"27","CA002402600.csv"
"28","CA002402604.csv"
"29","CA002403050.csv"
"30","CA002403500.csv"
"31","CA002403505.csv"
"32","CA002403602.csv"
"33","CA002502700.csv"
"34","CAXLT660207.csv"
"35","DAM00006011.csv"
"36","FI000000304.csv"
"37","FI000007501.csv"
"38","FIE00142004.csv"
"39","FIE00142080.csv"
"40","FIE00142090.csv"
"41","FIE00142096.csv"
"42","FIE00142111.csv"
"43","FIE00142185.csv"
"44","FIE00142226.csv"
"45","FIE00142235.csv"
"46","FIE00142241.csv"
"47","FIE00142246.csv"
"48","FIE00142251.csv"
"49","FIE00142296.csv"
"50","FIE00142311.csv"
"51","FIE00142320.csv"
"52","FIE00145436.csv"
"53","FIE00145672.csv"
"54","GL000004250.csv"
"55","GL000004360.csv"
"56","GLE00100981.csv"
"57","GLE00100992.csv"
"58","GLE00146901.csv"
"59","GLE00146961.csv"
"60","GLE00147481.csv"
"61","GLM00004220.csv"
"62","GLM00004390.csv"
"63","GLW00016504.csv"
"64","GLW00017605.csv"
"65","IC000004013.csv"
"66","IC000004030.csv"
"67","IC000004048.csv"
"68","IC000004063.csv"
"69","IC000004092.csv"
"70","IC000004097.csv"
"71","ICW00016201.csv"
"72","JN000099950.csv"
"73","NO000001026.csv"
"74","NO000011520.csv"
"75","NO000050550.csv"
"76","NO000068330.csv"
"77","NO000080700.csv"
"78","NO000097250.csv"
"79","NO000098550.csv"
"80","NO000099710.csv"
"81","NOE00105467.csv"
"82","NOE00105476.csv"
"83","NOE00105477.csv"
"84","NOE00105482.csv"
"85","NOE00105494.csv"
"86","NOE00105498.csv"
"87","NOE00105503.csv"
"88","NOE00109394.csv"
"89","NOE00109514.csv"
"90","NOE00109719.csv"
"91","NOE00111040.csv"
"92","NOE00111273.csv"
"93","NOE00111363.csv"
"94","NOE00112071.csv"
"95","NOE00134898.csv"
"96","NOM00001233.csv"
"97","NOM00001238.csv"
"98","NON00006020.csv"
"99","NON00049490.csv"
"100","NON00050300.csv"
"101","NON00052290.csv"
"102","NON00053100.csv"
"103","NON00055230.csv"
"104","NON00065100.csv"
"105","NON00075600.csv"
"106","NON00082400.csv"
"107","NON00087100.csv"
"108","NON00091350.csv"
"109","NOXLT905825.csv"
"110","RSM00020069.csv"
"111","RSM00020087.csv"
"112","RSM00020292.csv"
"113","RSM00020353.csv"
"114","RSM00020476.csv"
"115","RSM00020667.csv"
"116","RSM00020674.csv"
"117","RSM00020744.csv"
"118","RSM00020891.csv"
"119","RSM00020946.csv"
"120","RSM00020982.csv"
"121","RSM00021432.csv"
"122","RSM00021636.csv"
"123","RSM00021802.csv"
"124","RSM00021824.csv"
"125","RSM00021908.csv"
"126","RSM00021921.csv"
"127","RSM00021931.csv"
"128","RSM00021946.csv"
"129","RSM00021982.csv"
"130","RSM00022003.csv"
"131","RSM00022028.csv"
"132","RSM00022095.csv"
"133","RSM00022113.csv"
"134","RSM00022140.csv"
"135","RSM00022165.csv"
"136","RSM00022217.csv"
"137","RSM00022235.csv"
"138","RSM00022292.csv"
"139","RSM00022355.csv"
"140","RSM00022408.csv"
"141","RSM00022422.csv"
"142","RSM00022438.csv"
"143","RSM00022471.csv"
"144","RSM00022520.csv"
"145","RSM00022522.csv"
"146","RSM00022550.csv"
"147","RSM00022583.csv"
"148","RSM00022602.csv"
"149","RSM00022641.csv"
"150","RSM00022721.csv"
"151","RSM00022768.csv"
"152","RSM00022802.csv"
"153","RSM00022820.csv"
"154","RSM00022837.csv"
"155","RSM00022845.csv"
"156","RSM00022854.csv"
"157","RSM00022887.csv"
"158","RSM00022892.csv"
"159","RSM00022907.csv"
"160","RSM00022954.csv"
"161","RSM00022981.csv"
"162","RSM00023022.csv"
"163","RSM00023032.csv"
"164","RSM00023074.csv"
"165","RSM00023205.csv"
"166","RSM00023219.csv"
"167","RSM00023242.csv"
"168","RSM00023256.csv"
"169","RSM00023274.csv"
"170","RSM00023324.csv"
"171","RSM00023330.csv"
"172","RSM00023345.csv"
"173","RSM00023383.csv"
"174","RSM00023405.csv"
"175","RSM00023412.csv"
"176","RSM00023418.csv"
"177","RSM00023472.csv"
"178","RSM00023527.csv"
"179","RSM00023552.csv"
"180","RSM00023631.csv"
"181","RSM00023662.csv"
"182","RSM00023678.csv"
"183","RSM00023711.csv"
"184","RSM00023724.csv"
"185","RSM00023734.csv"
"186","RSM00023804.csv"
"187","RSM00023849.csv"
"188","RSM00023867.csv"
"189","RSM00023884.csv"
"190","RSM00023891.csv"
"191","RSM00023914.csv"
"192","RSM00023921.csv"
"193","RSM00023933.csv"
"194","RSM00023946.csv"
"195","RSM00023955.csv"
"196","RSM00023986.csv"
"197","RSM00024125.csv"
"198","RSM00024136.csv"
"199","RSM00024143.csv"
"200","RSM00024266.csv"
"201","RSM00024329.csv"
"202","RSM00024343.csv"
"203","RSM00024382.csv"
"204","RSM00024507.csv"
"205","RSM00024639.csv"
"206","RSM00024641.csv"
"207","RSM00024656.csv"
"208","RSM00024661.csv"
"209","RSM00024679.csv"
"210","RSM00024688.csv"
"211","RSM00024713.csv"
"212","RSM00024738.csv"
"213","RSM00024768.csv"
"214","RSM00024790.csv"
"215","RSM00024802.csv"
"216","RSM00024817.csv"
"217","RSM00024856.csv"
"218","RSM00024908.csv"
"219","RSM00024923.csv"
"220","RSM00024944.csv"
"221","RSM00024951.csv"
"222","RSM00024959.csv"
"223","RSM00024966.csv"
"224","RSM00024967.csv"
"225","RSM00024988.csv"
"226","RSM00025034.csv"
"227","RSM00025042.csv"
"228","RSM00025062.csv"
"229","RSM00025123.csv"
"230","RSM00025138.csv"
"231","RSM00025173.csv"
"232","RSM00025206.csv"
"233","RSM00025248.csv"
"234","RSM00025282.csv"
"235","RSM00025325.csv"
"236","RSM00025356.csv"
"237","RSM00025378.csv"
"238","RSM00025399.csv"
"239","RSM00025400.csv"
"240","RSM00025428.csv"
"241","RSM00025503.csv"
"242","RSM00025551.csv"
"243","RSM00025563.csv"
"244","RSM00025594.csv"
"245","RSM00025703.csv"
"246","RSM00025932.csv"
"247","RSM00025954.csv"
"248","RSM00025956.csv"
"249","RSXLT306544.csv"
"250","SV000020107.csv"
"251","SW000002120.csv"
"252","SW000002127.csv"
"253","SW000002196.csv"
"254","SW000002288.csv"
"255","SW000002361.csv"
"256","SW000002410.csv"
"257","SW000010537.csv"
"258","SW000021280.csv"
"259","SWE00100026.csv"
"260","SWE00137470.csv"
"261","SWE00139346.csv"
"262","SWE00139430.csv"
"263","SWE00139590.csv"
"264","SWE00139694.csv"
"265","SWE00139720.csv"
"266","SWE00139800.csv"
"267","SWE00139828.csv"
"268","SWE00139842.csv"
"269","SWE00139992.csv"
"270","SWE00140002.csv"
"271","SWE00140022.csv"
"272","SWE00140186.csv"
"273","SWE00140256.csv"
"274","SWE00140374.csv"
"275","SWE00140434.csv"
"276","SWE00140492.csv"
"277","SWE00140560.csv"
"278","SWE00140568.csv"
"279","SWE00140594.csv"
"280","SWE00140714.csv"
"281","SWE00140746.csv"
"282","SWE00140828.csv"
"283","SWE00140836.csv"
"284","SWE00140954.csv"
"285","SWM00002080.csv"
"286","UK000003005.csv"
"287","USC00500272.csv"
"288","USC00501824.csv"
"289","USC00501987.csv"
"290","USC00502107.csv"
"291","USC00502607.csv"
"292","USC00502707.csv"
"293","USC00502965.csv"
"294","USC00505534.csv"
"295","USC00505733.csv"
"296","USC00505778.csv"
"297","USC00505894.csv"
"298","USC00506870.csv"
"299","USC00507783.csv"
"300","USC00508140.csv"
"301","USC00508239.csv"
"302","USC00508437.csv"
"303","USC00509015.csv"
"304","USC00509385.csv"
"305","USC00509641.csv"
"306","USC00509869.csv"
"307","USR0000AFAI.csv"
"308","USW00026409.csv"
"309","USW00026410.csv"
"310","USW00026411.csv"
"311","USW00026412.csv"
"312","USW00026415.csv"
"313","USW00026425.csv"
"314","USW00026438.csv"
"315","USW00026440.csv"
"316","USW00026442.csv"
"317","USW00026445.csv"
"318","USW00026451.csv"
"319","USW00026510.csv"
"320","USW00026523.csv"
"321","USW00026528.csv"
"322","USW00026529.csv"
"323","USW00026533.csv"
"324","USW00026615.csv"
"325","USW00026616.csv"
"326","USW00026617.csv"
"327","USW00026703.csv"
"328","USW00027401.csv"
"329","USW00027502.csv"
"330","USW00027503.csv"
