Code,Latitude,Longitude,Elevation,Name
CA002100100,61.65,-137.4833,966.0,AISHIHIK_A
CA002100115,60.4667,-134.8333,820.0,ANNIE_LAKE_ROBINSON
CA002100120,62.3667,-133.3833,1158.0,ANVIL
CA002100160,62.4167,-140.8667,649.0,BEAVER_CREEK_A
CA002100163,60.0,-136.7667,836.0,BLANCHARD_RIVER
CA002100167,61.4667,-135.7833,716.0,BRAEBURN
CA002100182,61.3667,-139.05,806.0,BURWASH_A
CA002100200,60.1667,-134.7,660.0,CARCROSS
CA002100300,62.1,-136.3,525.0,CARMACKS
CA002100301,62.1167,-136.2,543.0,CARMACKS_CS
CA002100400,64.05,-139.4333,320.0,DAWSON
CA002100402,64.05,-139.1333,370.0,DAWSON_A
CA002100460,62.2,-134.3833,609.0,DRURY_CREEK
CA002100500,63.9167,-135.4833,814.0,ELSA
CA002100517,62.2,-133.3667,716.0,FARO_A
CA002100518,62.2,-133.3833,717.0,FARO_AUT
CA002100630,60.7667,-137.5833,595.0,HAINES_JUNCTION
CA002100636,69.5667,-138.9167,1.0,HERSCHEL_ISLAND
CA002100660,69.1667,-140.15,244.0,IVVAVIK_NAT_PARK
CA002100670,60.4833,-133.3,690.0,JOHNSONS_CROSSING
CA002100679,64.45,-138.2167,973.0,KLONDIKE
CA002100682,69.6167,-140.2,13.0,KOMAKUK_BEACH
CA002100685,69.5833,-140.1833,7.0,KOMAKUK_BEACH_A
CA002100693,63.25,-130.0333,1379.0,MACMILLAN_PASS
CA002100697,68.8,-140.85,568.0,MARGARET_LAKE
CA002100700,63.6167,-135.8667,504.0,MAYO_A
CA002100709,60.8833,-135.1833,655.0,MAYO_ROAD
CA002100719,63.6,-137.5167,457.0,MCQUESTEN
CA002100794,65.3667,-138.3,597.0,OGILVIE_RIVER
CA002100800,67.5667,-139.8333,250.0,OLD_CROW_A
CA002100805,67.5667,-139.8333,251.0,OLD_CROW_RCS
CA002100840,61.0333,-137.05,830.0,OTTER_FALLS_NCPC
CA002100880,62.8167,-137.3667,454.0,PELLY_RANCH
CA002100907,60.7667,-135.1167,713.0,PORTER_CREEK_WAHL
CA002100935,66.9833,-136.2167,731.0,ROCK_RIVER
CA002100940,61.9667,-132.4333,705.0,ROSS_RIVER_A
CA002100950,68.95,-137.2167,49.0,SHINGLE_POINT_A
CA002100FCG,61.1833,-129.1333,890.0,HOUR_LAKE
CA002100LRP,64.05,-139.1333,370.0,DAWSON
CA002101000,62.3667,-140.4,587.0,SNAG_A
CA002101030,63.3833,-136.6833,480.0,STEWART_CROSSING
CA002101070,64.1,-139.75,320.0,SWEDE_CREEK
CA002101081,60.0,-131.1833,891.0,SWIFT_RIVER
CA002101095,60.95,-135.5667,671.0,TAKHINI_RIVER_RANCH
CA002101099,60.1667,-132.75,705.0,TESLIN
CA002101100,60.1667,-132.7333,705.0,TESLIN_A
CA002101102,60.1667,-132.7333,705.0,TESLIN_AUT
CA002101135,60.9333,-129.2167,724.0,TUCHITUA
CA002101200,60.1167,-128.8167,687.0,WATSON_LAKE_A
CA002101204,60.1167,-128.8167,690.0,WATSON_LAKE_AUT
CA002101300,60.7167,-135.0667,706.0,WHITEHORSE_A
CA002101303,60.7167,-135.0667,706.0,WHITEHORSE_A
CA002101310,60.7333,-135.1,707.0,WHITEHORSE_AUTO
CA002101400,60.7167,-135.0333,640.0,WHITEHORSE_RIVERDALE
CA002101415,60.7333,-135.0833,707.0,WHITEHORSE_WSO
CA002200100,68.2167,-135.0,6.0,AKLAVIK_A
CA002200675,70.1667,-124.7167,87.0,CAPE_PARRY_A
CA002200824,67.05,-126.0833,259.0,COLVILLE_LAKE
CA002201022,65.2167,-123.4333,213.0,DELINE_CS
CA0022010H0,61.25,-124.4667,283.0,DEADMEN_VALLEY
CA0022010KA,65.2167,-123.4333,214.0,DELINE_A
CA002201400,66.2333,-128.65,81.0,FORT_GOOD_HOPE_A
CA002201450,66.25,-128.65,82.0,FORT_GOOD_HOPE_CS
CA002201500,66.25,-128.6333,42.0,FORT_GOOD_HOPE_2
CA002201575,60.2333,-123.4667,216.0,FORT_LIARD_A
CA002201579,60.2333,-123.4667,213.0,FORT_LIARD
CA002201600,67.4333,-134.8833,31.0,FORT_MCPHERSON
CA002201601,67.4,-134.8667,35.0,FORT_MCPHERSON_A
CA002201700,64.9167,-125.5667,100.0,TULITA_A
CA002201799,61.3167,-117.6,162.0,FORT_PROVIDENCE
CA002201800,61.3333,-117.6667,159.0,FORT_PROVIDENCE
CA002201900,62.7167,-109.1667,166.0,FORT_RELIANCE
CA002201903,62.7167,-109.1667,168.0,FORT_RELIANCE_AUT
CA002201998,61.1667,-113.6667,159.0,FORT_RESOLUTION
CA002202000,61.1833,-113.6833,160.0,FORT_RESOLUTION_A
CA002202100,61.8667,-121.35,132.0,FORT_SIMPSON
CA002202101,61.7667,-121.2333,169.0,FORT_SIMPSON_A
CA002202102,61.7667,-121.2333,168.0,FORT_SIMPSON_CLIMATE
CA002202115,61.7667,-121.2333,169.0,FORT_SIMPSON
CA002202196,60.0,-111.9333,183.0,FORT_SMITH
CA002202198,60.0,-111.8667,207.0,FORT_SMITH
CA002202200,60.0167,-111.9667,205.0,FORT_SMITH_A
CA002202202,60.0333,-111.9333,203.0,FORT_SMITH_CLIMATE
CA002202351,63.6,-105.1333,317.0,HANBURY_RIVER
CA002202398,60.85,-115.95,161.0,HAY_RIVER
CA002202400,60.8333,-115.7833,165.0,HAY_RIVER_A
CA002202402,60.8333,-115.7833,164.0,HAY_RIVER_CLIMATE
CA002202405,60.65,-116.0,213.0,HAY_RIVER_PARADISE_GDNS
CA002202560,61.9167,-113.7333,165.0,INNER_WHALEBACKS
CA002202570,68.3,-133.4833,68.0,INUVIK_A
CA002202578,68.3167,-133.5167,103.0,INUVIK_CLIMATE
CA002202580,68.3,-133.4833,67.0,INUVIK_CDA
CA002202582,68.3167,-133.5167,103.0,INUVIK_UA
CA002202678,63.1333,-117.25,271.0,LAC_LA_MARTRE
CA002202750,69.9333,-128.9667,89.0,NICHOLSON_PENINSULA
CA002202800,65.2833,-126.8,73.0,NORMAN_WELLS_A
CA002202801,65.2833,-126.8,73.0,NORMAN_WELLS
CA002202810,65.2833,-126.75,94.0,NORMAN_WELLS_CLIMATE
CA002203057,69.3667,-124.0833,5.0,PAULATUK_A
CA002203058,69.35,-124.0833,6.0,PAULATUK
CA002203095,69.6333,-135.45,17.0,PELLY_ISLAND
CA002203300,66.0833,-118.0333,191.0,PORT_RADIUM
CA002203342,61.9667,-127.2167,618.0,RABBIT_KETTLE
CA002203359,64.1167,-117.3333,223.0,RAE_LAKES
CA002203700,63.5167,-116.0,241.0,SNARE_RAPIDS
CA002203910,69.45,-133.0,18.0,TUKTOYAKTUK
CA002203912,69.4333,-133.0333,4.0,TUKTOYAKTUK_A
CA002203914,69.4333,-133.0167,5.0,TUKTOYAKTUK
CA002203918,69.2,-122.3667,552.0,TUKTUT_NOGAIT
CA002203922,61.95,-128.25,1143.0,TUNGSTEN
CA002204000,63.2167,-123.4333,150.0,WRIGLEY_A
CA002204100,62.4667,-114.4333,206.0,YELLOWKNIFE_A
CA002204101,62.4667,-114.4333,206.0,YELLOWKNIFE_A
CA002204110,62.45,-114.3833,200.0,YELLOWKNIFE_HENDERSON
CA002204200,62.6667,-114.25,159.0,YELLOWKNIFE_HYDRO
CA002204300,61.25,-123.75,204.0,YOHIN
CA00220B68C,69.6,-130.9167,102.0,LIVERPOOL_BAY
CA00220B6Q3,67.1833,-130.2333,63.0,LITTLE_CHICAGO
CA00220CQHR,60.4333,-121.2333,498.0,TROUT_LAKE
CA00220L002,62.4167,-110.6833,179.0,LUTSELK'E_CS
CA00220N001,64.7,-110.6167,468.0,EKATI_A
CA00220N003,61.1333,-122.85,183.0,LINDBURG_LANDING
CA00220N005,68.75,-133.5,85.0,TRAIL_VALLEY
CA002300500,64.3,-96.0833,19.0,BAKER_LAKE_A
CA002300501,64.3167,-96.0,51.0,BAKER_LAKE_CLIMATE
CA002300551,66.8333,-108.0167,5.0,BATHURST_INLET
CA002300700,63.3333,-90.7167,59.0,CHESTERFIELD
CA002300707,63.35,-90.7333,10.0,CHESTERFIELD_INLET_A
CA002300750,69.5833,-120.8,101.0,CLINTON_POINT
CA002300850,65.4833,-110.3667,451.0,CONTWOYTO_LAKE
CA002300900,67.8333,-115.1167,9.0,COPPERMINE
CA002300902,67.8167,-115.15,23.0,KUGLUKTUK_A
CA002300904,67.8167,-115.1333,23.0,KUGLUKTUK_CLIMATE
CA002300MKF,61.1,-94.0667,10.0,ARVIAT_A
CA002301000,64.2,-83.3667,62.0,CORAL_HARBOUR_A
CA002301100,61.1333,-100.9,325.0,ENNADAI_LAKE
CA002301102,61.1333,-100.8833,353.0,ENNADAI_LAKE_AUT
CA002301153,61.1,-94.0667,10.0,ARVIAT_CLIMATE
CA002302335,68.6333,-95.85,47.0,GJOA_HAVEN_A
CA002302337,68.6333,-95.85,47.0,GJOA_HAVEN
CA002302340,68.6333,-95.85,42.0,GJOA_HAVEN_CLIMATE
CA002302370,68.3167,-100.0833,36.0,HAT_ISLAND
CA002302680,68.5,-113.2167,16.0,LADY_FRANKLIN_POINT_A
CA0023026HN,65.7667,-111.25,490.0,LUPIN_A
CA002303090,68.4333,-89.7167,326.0,PELLY_BAY
CA002303092,68.5333,-89.8,16.0,KUGAARUK_A
CA002303093,68.4333,-89.7333,328.0,CAM_FOUR
CA002303094,68.5333,-89.8,16.0,KUGAARUK_CLIMATE
CA002303401,62.8167,-92.1167,32.0,RANKIN_INLET_A
CA002303610,65.1,-102.4333,244.0,ROBERTSON_LAKE_AUT
CA002303685,68.8167,-93.4333,43.0,SHEPHERD_BAY_A
CA002303986,62.2333,-92.6,12.0,WHALE_COVE_A
CA00230J01Q,69.2833,-119.2167,69.0,CROKER_RIVER
CA00230N002,65.75,-111.25,488.0,LUPIN_CS
CA002400300,82.5167,-62.2833,30.0,ALERT
CA002400305,82.5,-62.3333,65.0,ALERT_CLIMATE
CA002400306,82.5,-62.3333,65.0,ALERT_UA
CA002400400,73.0333,-85.15,22.0,ARCTIC_BAY
CA002400404,73.0,-85.0167,10.0,ARCTIC_BAY_CS
CA002400565,63.3333,-64.15,376.0,BREVOORT_ISLAND
CA002400570,67.5333,-63.7833,584.0,FOX_FIVE
CA002400572,67.55,-64.0333,6.0,QIKIQTARJUAQ_A
CA002400573,67.55,-64.0333,6.0,QIKIQTARJUAQ_CLIMATE
CA002400577,67.55,-64.0333,6.0,QIKIQTARJUAQ
CA002400595,68.75,-109.0667,92.0,BYRON_BAY_A
CA002400600,69.1,-105.1333,31.0,CAMBRIDGE_BAY_A
CA002400602,69.1,-105.1333,19.0,CAMBRIDGE_BAY_GSN
CA002400634,64.2333,-76.5333,48.0,CAPE_DORSET_AWOS
CA002400635,64.2333,-76.5333,48.0,CAPE_DORSET_A
CA002400636,64.2333,-76.5333,50.0,CAPE_DORSET_CLIMATE
CA002400637,64.2333,-76.5333,48.0,CAPE_DORSET
CA002400650,66.65,-61.3833,725.0,CAPE_DYER
CA002400654,66.5833,-61.6167,393.0,CAPE_DYER_A
CA002400660,68.4667,-66.8167,390.0,CAPE_HOOPER
CA002400697,69.0333,-107.8167,165.0,CAPE_PEEL_WEST
CA002400800,70.4833,-68.5167,27.0,CLYDE_A
CA002400802,70.4833,-68.5167,27.0,CLYDE_RIVER_CLIMATE
CA002400804,70.4833,-68.5167,27.0,CLYDE_RIVER
CA002400F63,64.95,-63.5833,583.0,CAPE_MERCY
CA002401030,68.65,-71.1667,527.0,DEWAR_LAKES
CA002401200,79.9833,-85.9333,10.0,EUREKA
CA002402051,72.0167,-94.2,10.0,FORT_ROSS
CA002402332,70.6333,-100.2667,20.0,GATESHEAD_ISLAND
CA002402340,68.6667,-97.8,14.0,GLADMAN_POINT_A
CA002402350,68.7833,-81.25,9.0,HALL_BEACH_A
CA002402353,68.7833,-81.25,8.0,HALL_BEACH_CLIMATE
CA002402354,68.7833,-81.25,9.0,HALL_BEACH
CA002402540,69.3833,-81.8,21.0,IGLOOLIK
CA002402543,69.3667,-81.8167,53.0,IGLOOLIK_A
CA002402590,63.75,-68.55,34.0,IQALUIT_A
CA002402592,63.75,-68.55,34.0,IQALUIT_CLIMATE
CA002402594,63.75,-68.55,22.0,IQALUIT_UA
CA002402600,78.7833,-103.5333,25.0,ISACHSEN
CA002402604,78.8,-103.55,58.0,ISACHSEN_AUT
CA002402681,62.8333,-69.9167,17.0,LAKE_HARBOUR
CA002402684,68.9,-75.1333,161.0,LONGSTAFF_BLUFF
CA002402686,68.3,-85.6667,395.0,MACKAR_INLET
CA002402730,72.9833,-84.6167,642.0,NANISIVIK_A
CA002402900,63.1167,-77.9333,17.0,NOTTINGHAM_ISLAND
CA002403000,67.0333,-62.7333,40.0,PADLOPING_ISLAND
CA002403049,66.15,-65.7167,23.0,PANGNIRTUNG
CA002403050,66.1333,-65.7333,15.0,PANGNIRTUNG
CA002403053,66.15,-65.7167,24.0,PANGNIRTUNG_A
CA002403200,72.6833,-77.9833,4.0,POND_INLET
CA002403201,72.6833,-77.9667,62.0,POND_INLET_A
CA002403204,72.7,-77.95,65.0,POND_INLET_CLIMATE
CA002403206,72.6833,-77.9667,62.0,POND_INLET
CA002403450,75.3833,-105.7167,15.0,REA_POINT
CA002403490,66.5167,-86.2167,23.0,REPULSE_BAY_A
CA002403500,74.7167,-94.9667,68.0,RESOLUTE_CARS
CA002403505,74.7167,-94.9833,30.0,RESOLUTE_CS
CA002403600,61.3,-64.8833,39.0,RESOLUTION_ISLAND
CA002403602,61.6,-64.6333,369.0,RESOLUTION_ISLAND
CA002403625,69.0833,-79.0333,41.0,ROWLEY_ISLAND
CA002403756,73.7667,-105.3,11.0,STEFANSSON_ISLAND
CA002403800,69.5333,-93.5167,12.0,SPENCE_BAY
CA002403854,69.55,-93.5833,27.0,TALOYOAK_A
CA002403945,65.8833,-89.45,18.0,WAGER_BAY_AUT
CA002500440,74.1333,-119.9833,32.0,AULAVIK_NATIONAL_PARK
CA002502500,70.7333,-117.7833,9.0,HOLMAN
CA002502501,70.7667,-117.8,36.0,ULUKHAKTOK_A
CA002502505,70.7667,-117.8,30.0,HOLMAN_CS
CA002502700,76.2333,-119.3333,12.0,MOULD_BAY_A
CA002503648,72.0,-125.25,88.0,SACHS_HARBOUR_CLIMATE
CA002503650,72.0,-125.2667,86.0,SACHS_HARBOUR_A
CA002503886,73.2333,-119.5333,42.0,THOMSEN_RIVER
CA00250M001,76.2333,-119.35,2.0,MOULD_BAY_CS
CA007111080,61.0833,-69.55,73.0,CAPE_HOPES_ADVANCE
CA007116270,61.05,-69.6333,30.0,QUAQTAQ
CAXLT660207,63.8,-68.6,0.0,FROBISHER_BAY
CAXLT991150,68.93,-116.92,18.0,CAPE_YOUNG_ANW
DAM00006011,62.017,-6.767,61.0,TORSHAVN
FI000000304,60.1667,24.95,4.0,HELSINKI_KAISANIEMI_AWS
FI000002401,62.4019,25.6783,139.0,JYVASKYLA_LENTOASEMA
FI000002963,60.8139,23.5006,104.0,JOKIOINEN_JOKIOISTEN_OBSERVATO
FI000007501,67.3678,26.6328,179.0,SODANKYLA_AWS
FIE00007672,65.0192,24.7314,8.0,HAILUOTO_OJAKYLA
FIE00007731,65.8881,24.2744,8.0,TORNIO_LIAKKA
FIE00141805,60.1244,19.9067,5.0,JOMALA_MAARIANHAMINAN_LENTOASE
FIE00141819,60.3,19.1331,3.0,MARKET_STORBY
FIE00141855,60.1781,19.9894,11.0,JOMALA_JOMALABY
FIE00141864,60.3008,19.135,3.0,HAMMARLAND_MARKET
FIE00141870,60.3,20.75,3.0,KUMLINGE_BARO
FIE00141884,60.3939,21.9464,5.0,NAANTALI_RAULA
FIE00141890,60.1117,21.7028,4.0,PARAINEN_FAGERHOLM
FIE00141895,60.1542,19.8753,9.0,JOMALA_SODERSUNDA
FIE00141909,60.2581,20.7506,23.0,KUMLINGE_KIRKONKYLA
FIE00141935,60.3867,22.5544,6.0,KAARINA_YLTOINEN
FIE00141940,60.4167,22.4331,26.0,PIIKKIO_TUORLA
FIE00141945,60.4667,22.0331,16.0,NAANTALI_KESKUSTA
FIE00141974,60.3831,22.55,28.0,PIIKKIO_YLTOINEN_VERTAILUAS
FIE00141980,60.1331,22.45,31.0,DRAGSFJARD_SKINNARVIK
FIE00141985,60.1531,22.5608,7.0,KEMIONSAARI_LOVBOLE
FIE00142004,60.45,22.2831,57.0,TURKU_KUPITTAA
FIE00142010,60.4542,22.1817,8.0,TURKU_ARTUKAINEN
FIE00142015,60.1714,22.7606,13.0,KEMIONSAARI_KEMIO_KK
FIE00142020,60.4,23.7667,84.0,SUOMUSJARVI_KETTULA
FIE00142030,60.1,23.5331,8.0,POHJA_POHJANKURU
FIE00142035,60.3733,23.1158,3.0,SALO_KARKKA
FIE00142055,60.3239,23.71,69.0,SALO_SUOMUSJARVI
FIE00142074,60.4631,23.6525,117.0,SALO_KIIKALA_LENTOKENTTA
FIE00142080,60.3269,24.9603,51.0,VANTAA_HELSINKI_VANTAAN_LENTOA
FIE00142090,60.1,24.9167,5.0,HELSINKI_KATAJALUOTO
FIE00142096,60.1831,24.8331,2.0,ESPOO_OTANIEMI
FIE00142101,60.2,24.9167,47.0,HELSINKI_ILMALA
FIE00142106,60.2439,24.0525,37.0,LOHJA_PORLA
FIE00142111,60.2667,24.9667,14.0,HELSINGIN_MLK_TAMMISTO
FIE00142116,60.4183,24.4017,42.0,VIHTI_MAASOJA
FIE00142151,60.2206,24.6042,20.0,ESPOO_NUPURI
FIE00142185,60.1044,24.9783,3.0,HELSINKI_HARMAJA
FIE00142226,60.2028,24.9642,24.0,HELSINKI_KUMPULA
FIE00142230,60.2075,24.7442,31.0,ESPOO_SEPANKYLA
FIE00142235,60.1714,24.9478,3.0,HELSINKI_RAUTATIENTORI
FIE00142241,60.2531,25.0481,15.0,HELSINKI_MALMIN_LENTOASEMA
FIE00142246,60.1331,25.0,10.0,VALLISAARI
FIE00142251,60.2167,25.0331,8.0,HELSINKI_VIIKIN_KOETILA
FIE00142256,60.2831,25.0667,20.0,VANTAA_TIKKURILA
FIE00142261,60.3667,24.9831,49.0,TUUSULA_RUOTSINKYLA
FIE00142266,60.4056,25.6589,17.0,PORVOO_JERNBOLE
FIE00142271,60.4167,25.0331,45.0,TUUSULA_HYRYLA
FIE00142276,60.4667,25.0831,50.0,JARVENPAA
FIE00142296,60.2,25.0831,22.0,HELSINKI_MARJANIEMI
FIE00142305,60.2033,25.6283,20.0,PORVOO_EMASALO
FIE00142311,60.1042,25.0708,4.0,HELSINKI_ISOSAARI
FIE00142320,60.2,25.0494,5.0,HELSINKI_HERTTONIEMI
FIE00142326,60.3681,25.6267,10.0,PORVOO_LEHTIMAKI
FIE00142331,60.3914,25.6114,22.0,PORVOO_HARABACKA
FIE00142341,60.3753,26.9617,9.0,KOTKA_RANKKI
FIE00142356,60.4217,26.3692,4.0,RUOTSINPYHTAA_KEITALA
FIE00142361,60.3667,26.4,4.0,RUOTSINPYHTAA_REIMARS
FIE00142366,60.4331,26.3667,3.0,RUOTSINPYHTAA_TESJOKI
FIE00142385,60.2744,26.4478,3.0,LOVIISA_ORRENGRUND
FIE00142390,60.4542,26.9528,23.0,KOTKA_POOKINMAKI
FIE00142400,60.2864,27.1881,4.0,KOTKA_HAAPASAARI
FIE00142406,60.385,27.0517,17.0,KOTKA_KIRKONMAA
FIE00142411,61.4656,21.7967,13.0,PORI_PORIN_LENTOASEMA
FIE00142416,61.1392,21.3681,17.0,RAUMA_KUUSKAJASKARI
FIE00142421,60.6294,21.8581,13.0,MIETOINEN_SAARI
FIE00142426,61.1167,21.4667,5.0,RAUMA_KPKI
FIE00142476,61.2331,21.6331,4.0,EURAJOKI_VERKKOKARI
FIE00142486,60.7219,21.03,4.0,KUSTAVI_ISOKARI
FIE00142495,61.1444,21.3058,4.0,RAUMA_KYLMAPIHLAJA
FIE00142506,61.4789,21.7864,9.0,PORI_RAUTATIEASEMA
FIE00142511,60.5153,22.2775,49.0,TURKU_TURUN_LENTOASEMA
FIE00142521,61.1667,22.7831,60.0,HUITTINEN_LAUTTAKYLA
FIE00142526,61.2706,22.2519,37.0,KOKEMAKI_PEIPOHJA_HYRKOLA
FIE00142631,61.2528,22.3494,38.0,KOKEMAKI_TULKKILA
FIE00142641,61.4667,23.75,85.0,TAMPERE_HARMALA_1
FIE00142646,60.8167,23.7667,110.0,TAMMELA_MUSTIALA
FIE00142706,61.4206,23.6231,119.0,PIRKKALA_TAMPERE_PIRKKALAN_LEN
FIE00142731,61.4867,23.7733,83.0,TAMPERE_HATANPAA
FIE00142736,61.4656,23.75,85.0,TAMPERE_HARMALA
FIE00142746,61.0,24.45,92.0,HAMEENLINNA_KAURIALA
FIE00142751,60.5956,24.8064,86.0,HYVINKAA_HYVINKAANKYLA
FIE00142756,61.0667,24.2331,88.0,HATTULA_LETEENSUO
FIE00142766,61.15,24.5831,98.0,HAUHO_HAHKIALA
FIE00142771,61.3378,24.2106,103.0,PALKANE_MYTTAALA
FIE00142846,60.5083,24.6567,111.0,NURMIJARVI_GEOFYSIIKAN_OBSERVA
FIE00142851,60.9992,24.4944,87.0,HAMEENLINNA_KATINEN
FIE00142861,60.9617,25.6342,78.0,LAHTI_LAUNE
FIE00142866,60.8064,25.7719,78.0,ORIMATTILA_KAKELA
FIE00142871,61.0539,25.0419,125.0,HAMEENLINNA_LAMMI_PAPPILA
FIE00142876,61.1831,25.0831,127.0,LAMMI_EVO
FIE00142881,61.3006,25.5456,85.0,ASIKKALA_PULKKILANHARJU_1
FIE00142916,61.0831,25.2331,108.0,KOSKI_HL_HYRKKALA
FIE00142921,61.15,25.25,147.0,LAMMI_VESTOLA
FIE00142991,61.2,25.1331,132.0,LAMMI_EVO
FIE00142995,60.9167,25.5831,87.0,HOLLOLA_ALA_OKEROINEN
FIE00143005,60.5783,25.4914,50.0,MANTSALA_PUROLA
FIE00143011,61.1828,25.04,129.0,HAMEENLINNA_LAMMI_ISO_EVO
FIE00143015,61.265,25.5231,80.0,ASIKKALA_PULKKILANHARJU
FIE00143020,61.2167,25.5,92.0,ASIKKALA_MAATALOPPILAITOS
FIE00143035,61.2164,25.1358,133.0,HAMEENLINNA_LAMMI_EVO
FIE00143041,60.8903,26.9442,99.0,KOUVOLA_UTTI_LENTOPORTINTIE
FIE00143046,60.5,26.9667,14.0,KOTKA_SUNILA
FIE00143051,60.6219,26.1431,26.0,LAPINJARVI_INGERMANNINKYLA
FIE00143056,60.6964,26.8133,33.0,KOUVOLA_ANJALA
FIE00143061,60.9,26.65,61.0,KUUSANKOSKI_KESKUSTA
FIE00143066,61.1994,26.0528,92.0,HEINOLA_ASEMANTAUS
FIE00143211,60.5269,27.6756,5.0,VIROLAHTI_KOIVUNIEMI
FIE00143231,61.0439,28.1542,106.0,LAPPEENRANTA_LENTOASEMA
FIE00143236,61.3667,28.6667,95.0,RUOKOLAHTI_KOTANIEMI
FIE00143265,61.3044,28.1819,86.0,TAIPALSAARI_KYLANIEMI
FIE00143270,61.0392,28.5656,46.0,LAPPEENRANTA_KONNUNSUO
FIE00143276,61.0569,28.2117,103.0,LAPPEENRANTA_LEPOLA
FIE00143295,61.1978,28.4756,77.0,LAPPEENRANTA_HIEKKAPAKKA
FIE00143301,61.4225,29.3944,75.0,RAUTJARVI_SIMPELE_KANGASKOSKI
FIE00143305,61.4442,29.4639,74.0,PARIKKALA_KOITSANLAHTI
FIE00143311,61.5831,21.4831,4.0,MANTYLUOTO_PORI
FIE00143316,62.3339,21.1939,5.0,KASKINEN_SALGRUND
FIE00143346,62.2575,21.3208,1.0,KRISTIINANKAUPUNKI_KARHUSAARI
FIE00143361,62.3206,21.8483,100.0,KARIJOKI_KANKALO
FIE00143365,61.6303,21.3792,3.0,PORI_TAHKOLUOTO
FIE00143370,62.2031,21.1731,0.0,KRISTIINANKAUPUNKI_MAJAKKA
FIE00143381,61.8381,22.4669,122.0,KANKAANPAA_NIINISALO_LENTOKENT
FIE00143386,61.5167,22.9831,92.0,MOUHIJARVI_SELKEE
FIE00143391,62.1831,22.8031,160.0,KARVIA_ALKKIA
FIE00143471,62.4131,22.1867,93.0,KAUHAJOKI_KUJA_KOKKO
FIE00143486,61.9489,23.3767,170.0,KURU_LANSI_AURE
FIE00143491,62.2,23.3167,171.0,KIHNIO_AITONEVA
FIE00143570,62.3275,23.5456,138.0,VIRRAT_AIJANNEVA
FIE00143575,61.5175,23.7569,96.0,TAMPERE_SIILINKARI
FIE00143586,61.8564,24.7892,145.0,JAMSA_HALLI_LENTOKENTTA
FIE00143591,61.55,24.2331,98.0,KANGASALA_KOYRA
FIE00143596,61.8456,24.2906,153.0,JUUPAJOKI_HYYTIALA
FIE00143691,61.8592,24.8181,144.0,JAMSA_HALLI_LENTOASEMANTIE
FIE00143702,62.2331,25.7331,115.0,JYVASKYLA_KESKUSTA
FIE00143797,62.4,25.6,148.0,JYVASKYLAN_MLK_TIKKAKOSKI
FIE00143802,62.2,25.7167,137.0,JYVASKYLA_KELJO
FIE00143806,61.7042,25.5083,81.0,LUHANKA_JUDINSALO
FIE00143812,62.4103,25.0539,181.0,MULTIA_PIRTTIPERA
FIE00143816,61.8856,25.33,205.0,JAMSA_HIMOS
FIE00143822,61.8792,26.0989,146.0,JOUTSA_LEIVONMAKI_SAVENAHO
FIE00143927,61.5314,26.3306,145.0,PERTUNMAA_LAUKKALA
FIE00143952,61.6869,27.21,101.0,MIKKELI_LENTOASEMA
FIE00143962,62.3081,27.8442,91.0,VARKAUS_KAPYKANGAS
FIE00144017,62.2831,26.9831,124.0,PIEKSAMAEN_MLK_NAARAJARVI
FIE00144041,61.8919,27.8881,110.0,JUVA_PARTALA
FIE00144051,62.1733,27.8633,87.0,JOROINEN_VARKAUDEN_LENTOASEMA
FIE00144057,62.3217,27.9108,83.0,VARKAUS_KOSULANNIEMI
FIE00144062,61.5667,28.0789,146.0,PUUMALA_SORJOLA
FIE00144102,61.9458,28.9344,95.0,SAVONLINNA_LENTOASEMA
FIE00144116,61.8406,28.8433,155.0,SAVONLINNA_RUUNAVUORI
FIE00144121,61.5356,28.1917,125.0,PUUMALA_KIRKONKYLA
FIE00144126,62.0628,28.5692,79.0,RANTASALMI_RUKKASLUOTO
FIE00144132,61.8017,29.3181,78.0,PUNKAHARJU_LAUKANSAARI
FIE00144197,62.1,30.1331,104.0,KITEE_KK
FIE00144202,62.235,30.3494,90.0,TOHMAJARVI_KEMIE
FIE00144212,63.0417,21.7678,6.0,VAASA_VAASAN_LENTOASEMA
FIE00144222,63.4353,21.0681,4.0,MUSTASAARI_VALASSAARET
FIE00144227,63.0831,21.65,9.0,VAASA_HIETALAHTI
FIE00144287,62.8831,21.1,4.0,KORSNAS_MOIKIPAA
FIE00144296,62.9344,21.1883,2.0,KORSNAS_BREDSKARET
FIE00144302,63.1,21.6,4.0,VAASA_PALOSAARI
FIE00144306,62.9781,20.7433,2.0,MAALAHTI_STROMMINGSBADAN
FIE00144322,62.9367,22.4908,26.0,SEINAJOKI_PELMAA
FIE00144402,62.55,22.95,102.0,PERASEINAJOKI_HAUKINEVA
FIE00144407,63.1203,23.0469,42.0,KAUHAVA_LENTOKENTTA
FIE00144412,62.9667,23.0167,34.0,LAPUA_SIIRILA
FIE00144477,63.12,23.0469,40.0,KAUHAVA_KK_UUNIMAANTIE
FIE00144482,62.5344,24.2206,157.0,AHTARI_MYLLYMAKI
FIE00144492,63.0506,24.2817,202.0,ALAJARVI_MOKSY_1
FIE00144522,63.4453,24.4478,153.0,HALSUA_KANALA_PUROLA
FIE00144537,63.4667,24.1667,128.0,HALSUA_KK
FIE00144542,63.0889,24.2642,170.0,ALAJARVI_MOKSY
FIE00144552,62.5103,24.8108,227.0,MULTIA_KARHILA
FIE00144557,63.0817,25.8617,132.0,VIITASAARI_HAAPANIEMI
FIE00144637,62.9214,26.4281,120.0,VESANTO_SONKARI
FIE00144687,62.71,26.7781,103.0,RAUTALAMPI_RASTU
FIE00144702,63.0081,27.8025,99.0,SIILINJARVI_KUOPION_LENTOASEMA
FIE00144707,62.9,27.6831,119.0,KUOPIO_INKILANMAKI
FIE00144712,63.1431,27.3158,90.0,MAANINKA_HALOLA
FIE00144751,62.7983,27.9081,86.0,KUOPIO_RITONIEMI
FIE00144771,62.8867,27.6928,88.0,KUOPIO_KESKUSTA
FIE00144777,63.025,27.8081,94.0,KUOPIO_AUTOSYNOP
FIE00144782,62.8919,27.6367,87.0,KUOPIO_SAVILAHTI
FIE00144792,62.7167,28.9831,116.0,OUTOKUMPU_KESKUSTA
FIE00144862,63.3778,28.665,166.0,RAUTAVAARA_YLA_LUOSTA
FIE00144877,62.6594,29.6144,121.0,LIPERI_JOENSUUN_LENTOASEMA
FIE00144882,63.2317,29.2378,116.0,JUUKA_NIEMELA
FIE00144951,62.5456,29.6717,78.0,LIPERI_TUISKAVANLUOTO
FIE00144957,62.6014,29.7267,81.0,JOENSUU_LINNUNLAHTI
FIE00144961,62.6592,29.6142,117.0,LIPERI_LENTOASEMA_VERTAILUMITT
FIE00144972,62.6667,30.9331,162.0,ILOMANTSI_KK
FIE00144977,63.3,30.0167,106.0,PIELISJARVI
FIE00144982,63.3206,30.0492,98.0,LIEKSA_LAMPELA
FIE00145007,63.0319,31.0619,231.0,ILOMANTSI_NAARVA
FIE00145022,62.8667,31.25,194.0,ILOMANTSI_VALIVAARA
FIE00145042,63.1417,31.0475,235.0,ILOMANTSI_POTSONVAARA
FIE00145052,62.7692,30.9778,155.0,ILOMANTSI_MEKRIJARVI
FIE00145057,63.7331,22.5831,11.0,PIETARSAARI_MASSKAR_VASTERSUND
FIE00145087,63.8831,22.9331,10.0,KOKKOLA_OJA_MARASKAR
FIE00145091,63.7508,22.5267,2.0,PIETARSAARI_KALLAN
FIE00145102,63.7169,23.1425,26.0,KRUUNUPYY_LENTOASEMA
FIE00145107,64.3331,23.45,4.0,ULKOKALLA_KALAJOKI
FIE00145147,64.2167,23.7,3.0,KALAJOKI_RAHJA
FIE00145151,64.3306,23.4503,3.0,KALAJOKI_ULKOKALLA
FIE00145157,63.8442,23.1281,6.0,KOKKOLA_HOLLIHAKA
FIE00145167,63.9167,24.9667,79.0,NIVALA
FIE00145212,64.2306,24.8864,78.0,OULAINEN_OHINEVA
FIE00145221,63.8208,24.1669,83.0,TOHOLAMPI_LAITALA
FIE00145227,64.05,24.7278,76.0,YLIVIESKA_LENTOKENTTA
FIE00145237,63.75,25.3331,88.0,HAAPAJARVI_MAAMIESKOULU
FIE00145242,64.1417,25.4281,112.0,HAAPAVESI_MUSTIKKAMAKI
FIE00145291,63.7356,25.7092,152.0,PYHAJARVI_OJAKYLA
FIE00145301,64.1406,25.605,99.0,HAAPAVESI_PIIPSANNEVA
FIE00145362,63.9331,26.4167,198.0,PYHANTA_VIITAMAKI
FIE00145377,64.2814,27.6783,147.0,KAJAANI_LENTOASEMA_1
FIE00145382,63.8406,27.2242,207.0,VIEREMA_KAARAKKALA
FIE00145436,64.2831,27.6667,132.0,KAJAANI_LENTOASEMA
FIE00145446,64.2167,27.755,160.0,KAJAANI_PETAISENNISKA
FIE00145452,63.6667,28.8325,115.0,VALTIMO_KK
FIE00145502,64.1108,28.3419,161.0,SOTKAMO_KUOLANIEMI
FIE00145517,64.1189,29.4739,172.0,KUHMO_KESKUSTA
FIE00145562,64.2975,30.17,197.0,KUHMO_KALLIOJOKI
FIE00145571,64.6117,23.9,0.0,RAAHE_NAHKIAINEN
FIE00145606,65.385,24.1,0.0,KEMI_I_MAJAKKA
FIE00145616,64.6656,24.4106,2.0,RAAHE_LAPALUOTO
FIE00145622,64.9283,25.3506,14.0,OULUNSALO_OULUN_LENTOASEMA
FIE00145627,64.6833,25.0925,48.0,SIIKAJOKI_REVONLAHTI
FIE00145632,64.815,25.9831,19.0,MUHOS_KK_LAITASAARI
FIE00145637,65.0331,25.4831,13.0,OULU_LINNANMAA
FIE00145656,64.8,25.5831,9.0,TYRNAVA_LEPPIOJA
FIE00145661,65.0056,25.3967,3.0,OULU_VIHREASAARI
FIE00145672,64.9375,25.3756,10.0,OULUNSALO_PELLONPAA
FIE00145677,64.5008,26.4275,114.0,VAALA_PELSO
FIE00145702,65.3992,26.9667,121.0,PUDASJARVI_LENTOKENTTA
FIE00145712,65.3667,27.0167,116.0,PUDASJARVI_KURENALUS
FIE00145747,64.8667,27.7,156.0,PUOLANKA_KK
FIE00145787,64.9305,28.7503,223.0,SUOMUSSALMI_PESIO
FIE00145792,64.8167,28.05,300.0,PUOLANKA_RASINKYLA
FIE00145802,64.8292,28.2367,320.0,HYRYNSALMI_KYTOMAKI
FIE00145812,64.6633,28.0603,341.0,PUOLANKA_PALJAKKA
FIE00145817,64.9025,29.0167,220.0,SUOMUSSALMI_KK
FIE00145847,66.3667,23.9167,79.0,YLITORNIO_PORTIMOJARVI
FIE00145852,65.7831,24.5831,19.0,KEMINMAA_KEMI_TORNION_LENTOASE
FIE00145881,65.6725,24.5192,3.0,KEMI_AJOS
FIE00145897,65.8,24.6167,13.0,KEMINMAA
FIE00145912,65.5167,25.2667,5.0,KUIVANIEMI_HALTTULA
FIE00145947,65.9325,26.5164,154.0,RANUA_KK
FIE00145997,65.9764,26.3714,161.0,RANUA_LENTOKENTTA
FIE00146027,65.5831,28.25,209.0,TAIVALKOSKI_KK
FIE00146057,65.5739,28.2481,203.0,TAIVALKOSKI_KK_KAUPPATIE
FIE00146062,65.995,29.2258,264.0,KUUSAMO_LENTOASEMA_1
FIE00146067,66.3681,29.3192,160.0,KUUSAMO_KIUTAKONGAS
FIE00146111,66.1653,29.1553,486.0,KUUSAMO_RUKATUNTURI
FIE00146137,67.2789,23.7717,148.0,KOLARI_TEURAVUOMA
FIE00146157,67.3,23.75,146.0,KOLARI_TULLI
FIE00146162,66.5289,24.6531,92.0,YLITORNIO_MELTOSJARVI
FIE00146187,66.7722,23.9669,84.0,PELLO_KK_MUSEOTIE
FIE00146192,67.4667,24.9167,182.0,KITTILA_KAUKONEN
FIE00146212,66.9167,25.25,180.0,ROVANIEMEN_MLK_MELTAUS
FIE00146241,66.4981,25.7119,85.0,ROVANIEMI_RAUTATIEASEMA
FIE00146258,66.5789,26.015,106.0,ROVANIEMI_APUKKA
FIE00146263,67.25,26.5831,210.0,SODANKYLA_LISMA_AAPA
FIE00146308,66.5167,27.7831,180.0,KEMIJARVI_JUMISKO
FIE00146328,66.5592,27.7075,160.0,KEMIJARVI_LEHTOSALMI
FIE00146333,66.7153,27.1642,208.0,KEMIJARVI_LENTOKENTTA
FIE00146338,66.8208,28.6775,221.0,SALLA_KK
FIE00146343,67.2853,28.18,180.0,SAVUKOSKI_KK
FIE00146372,67.0214,27.2219,486.0,PELKOSENNIEMI_PYHATUNTURI
FIE00146378,66.8331,28.6781,215.0,SALLA_KK_MYLLYTIE
FIE00146403,67.215,29.2408,222.0,SALLA_NARUSKA_1
FIE00146408,67.3667,29.3667,261.0,SALLA_NARUSKAJARVI
FIE00146413,67.1622,29.1814,213.0,SALLA_NARUSKA
FIE00146423,67.9681,23.6803,254.0,MUONIO_ALAMUONIO
FIE00146448,67.7167,24.85,197.0,KITTILA_HUKKAKUMPU
FIE00146453,68.0167,24.1667,303.0,KITTILA_PALLASJARVI
FIE00146458,68.2294,24.8417,279.0,KITTILA_PULJU
FIE00146462,67.7842,24.8569,524.0,KITTILA_LEVITUNTURI
FIE00146467,68.0617,24.0369,755.0,MUONIO_LAUKUKERO
FIE00146472,67.9728,24.1203,565.0,MUONIO_SAMMALTUNTURI
FIE00146482,67.9992,24.2442,340.0,KITTILA_MATOROVA
FIE00146487,67.6956,24.8625,196.0,KITTILA_LENTOASEMA
FIE00146493,67.9908,24.2433,347.0,KITTILA_KENTTAROVA
FIE00146498,67.6517,24.9056,181.0,KITTILA_KK
FIE00146508,68.1692,25.7867,275.0,KITTILA_POKKA
FIE00146538,67.8206,27.7503,240.0,SODANKYLA_LOKKA
FIE00146543,68.0839,27.1894,247.0,SODANKYLA_VUOTSO
FIE00146548,68.4,27.3831,285.0,INARI_LAANILA
FIE00146558,68.3664,27.45,326.0,INARI_KIILOPAA
FIE00146563,68.4142,27.4175,302.0,INARI_SAARISELKA_MATKAILUKESKU
FIE00146567,68.4319,27.4489,430.0,INARI_SAARISELKA_KAUNISPAA
FIE00146582,68.4775,28.3053,253.0,INARI_RAJAJOOSEPPI
FIE00146598,67.7475,29.615,370.0,SALLA_VARRIOTUNTURI
FIE00146622,69.0419,20.8578,1007.0,ENONTEKIO_KILPISJARVI_SAANA
FIE00146633,68.6025,23.5803,370.0,ENONTEKIO_NAKKALA
FIE00146638,68.5708,23.3392,356.0,ENONTEKIO_PALOJARVI
FIE00146643,68.5,24.7331,330.0,ENONTEKIO_KALMANKALTIO
FIE00146663,68.9025,25.7406,285.0,INARI_ANGELI_LINTUPUOLISELKA
FIE00146688,68.6069,27.4181,147.0,INARI_IVALO_LENTOASEMA
FIE00146693,69.0669,27.1228,152.0,INARI_TOIVONIEMI
FIE00146698,69.7556,27.0119,107.0,UTSJOKI_KEVO
FIE00146703,70.0814,27.9006,22.0,UTSJOKI_NUORGAM
FIE00146727,69.0714,27.4964,122.0,INARI_VAYLA
FIE00146737,68.6081,27.4331,144.0,IVALO_LENTOASEMA
FIE00146753,69.1403,27.27,156.0,INARI_KAAMANEN
FIE00146757,69.0478,27.7608,120.0,INARI_SEITALAASSA
FIE00146768,68.8483,28.3031,120.0,INARI_NELLIM_1
FIE00146773,69.55,28.6331,96.0,INARI_SEVETTIJARVI_1
FIE00146778,69.5072,28.5975,100.0,INARI_SEVETTIJARVI
FIE00146783,68.8489,28.3039,123.0,INARI_NELLIM
FIE00146787,69.5756,28.8475,130.0,INARI_KIRAKKAJARVI_SANILANLAMP
FIE00146798,69.5817,28.8992,103.0,INARI_KIRAKKAJARVI
FIM00002801,69.05,20.783,476.0,ENONTEKIO_KILPISJARVI
FIM00002924,62.533,24.017,161.0,AHTARI
FIM00002947,61.733,27.3,138.0,MIKKELI
FIXLT140768,61.9,22.5,136.0,NIINISALO_FINLAND
FIXLT325413,63.1,21.8,8.0,VAASA
FIXLT662086,63.2,22.0,9999.0,WORO
FIXLT803516,65.0,24.7,9999.0,CARLO
FOM00006009,61.4,-6.667,102.0,AKRABERG
GL000004250,64.1667,-51.75,80.0,NUUK
GL000004320,76.77,-18.67,12.0,DANMARKSHAVN
GL000004360,65.5997,-37.6331,50.0,TASIILAQ
GLE00007963,77.4667,-69.2167,16.0,QAANAAQ
GLE00007987,65.4,-52.8667,25.0,MANIITSOQ
GLE00007997,63.0831,-50.6831,9999.0,QEQERTARSUATSIAAT
GLE00100981,69.2167,-51.05,39.0,ILULISSAT_JAKOBSHAVN
GLE00100992,69.2331,-51.0667,29.0,ILULISSAT_MITTARFIK
GLE00146821,76.5667,-68.8,21.0,DUNDAS
GLE00146901,72.7831,-56.1667,120.0,UPERNAVIK
GLE00146908,72.7831,-56.1331,126.0,MITT_UPERNAVIK
GLE00146928,70.7331,-52.7,88.0,MITT_QAARSUT
GLE00146961,69.22,-51.1,39.0,ILULISSAT
GLE00146981,69.2331,-53.5167,24.0,QEQERTARSUAQ
GLE00146989,69.25,-53.5331,11.0,QEQERTARSUAQ_HELI
GLE00147041,66.9167,-53.6667,12.0,SISIMIUT
GLE00147061,66.95,-53.7167,10.0,MITT_SISIMIUT
GLE00147231,62.0167,-49.6667,36.0,MITT_PAAMIUT
GLE00147241,61.2331,-48.1,35.0,KANGILINNGUIT
GLE00147281,61.1667,-45.4167,27.0,MITT_NARSARSUAQ
GLE00147301,60.7167,-46.05,32.0,QAQORTOQ
GLE00147308,60.7167,-46.0331,18.0,QAQORTOQ_HELIPORT
GLE00147331,60.9167,-46.05,25.0,NARSAQ_HELIPORT
GLE00147401,81.6,-16.6497,36.0,STATION_NORD
GLE00147461,74.3,-20.2167,44.0,DANEBORG
GLE00147471,72.25,-23.9,16.0,MESTERSVIG
GLE00147481,70.4831,-21.95,70.0,ITTOQQORTOORMIIT
GLE00147491,70.4167,-21.9667,41.0,UUNARTEQ
GLE00147498,70.75,-22.65,13.0,MITT_NERLERIT_INAAT
GLE00147521,67.7831,-32.2997,13.0,APUTITEEQ
GLE00147558,65.5831,-37.15,35.0,MITT_KULUSUK
GLE00147601,62.5331,-42.1331,10.0,TIMMIARMIUT
GLE00147641,60.05,-43.1667,88.0,IKERASASSUAQ
GLM00004220,68.7,-52.85,41.0,AASIAAT_EGEDESMINDE
GLM00004390,60.033,-43.117,19.0,PRINS_CHRISTIAN
GLW00016404,61.2167,-48.1167,28.0,IVIGTUT
GLW00016504,67.0167,-50.8,50.3,SONDRESTROM
GLW00017602,76.55,-68.8167,38.1,THULE
GLW00017605,76.5167,-68.8333,77.1,THULE_OP_SITE
GLXLT055213,70.5,-22.0,41.0,KAP_TOBIN
GLXLT134650,73.5,-21.6,4.0,MYGGBUKTA
IC000004004,64.9,-23.933,7.0,GUFUSKALAR
IC000004013,65.0733,-22.7275,15.0,STYKKISHOLMUR
IC000004030,64.1331,-21.9,52.0,REYKJAVIK
IC000004048,63.4,-20.2831,118.0,VESTMANNAEYJAR
IC000004063,65.68,-18.0794,27.0,AKUREYRI
IC000004092,64.6831,-15.2275,23.0,TEIGARHORN
IC000004097,65.2667,-13.5831,9.0,DALATANGI
ICM00004005,66.1667,-23.5667,20.0,GALTARVITI
ICM00004014,63.817,-22.717,26.0,REYKJANESVITI
ICM00004056,64.8667,-19.5667,641.0,HVERAVELLIR
ICM00004064,63.7833,-18.0667,32.0,KIRKJUBAEJARKLAUSTUR
ICM00004065,66.533,-18.017,16.0,GRIMSEY
ICM00004077,66.45,-15.95,5.0,RAUFARHOFN
ICM00004082,64.296,-15.227,7.3,HORNAFJORDUR
ICM00004089,65.283,-14.4,23.0,EGILSSTADIR
ICM00004130,64.133,-21.9,53.0,REYKJAVIK
ICW00016201,63.9667,-22.6,50.3,KEFLAVIK
ICXLT168358,66.15,-23.25,24.0,BOLUNGAVIK
JN000099950,70.93,-7.33,10.0,JAN_MAYEN
NO000001026,69.6539,18.9281,100.0,TROMSO
NO000001212,62.8667,6.5331,8.0,ONA_HUSOY
NO000011520,67.267,14.367,13.0,BODO_VI
NO000016740,62.1,9.05,626.0,KJOEREMSGRENDE
NO000050540,60.3831,5.3331,12.0,BERGEN_FLORIDA
NO000050550,60.4,5.317,40.0,BERGEN_FREDRIKSBERG
NO000068330,63.2,11.117,242.0,SELBU_STUBBE
NO000080700,66.8167,13.9831,39.0,GLOMFJORD
NO000097250,69.4667,25.5031,129.0,KARASJOK
NO000098550,70.367,31.1,15.0,VARDO
NO000099710,74.5167,19.0167,16.0,BJOERNOEYA
NOE00104443,68.1503,14.6506,11.0,SKROVA_FYR
NOE00105467,67.2669,14.3589,11.0,BODOE_VI
NOE00105476,76.5,25.0667,6.0,HOPEN
NOE00105477,70.9331,-8.6667,10.0,JAN_MAYEN
NOE00105482,60.5683,9.1217,167.0,NESBYEN_SKOGLUND
NOE00105494,70.3669,31.0844,14.0,VARDOE
NOE00105498,69.4633,25.5019,131.0,KARASJOK_MARKANNJARGA
NOE00105503,60.5669,9.1333,166.0,NESBYEN_TODOKK
NOE00105505,69.5794,23.5342,381.0,SUOLOVUOPMI_LULIT
NOE00109394,69.0589,18.5403,76.0,BARDUFOSS
NOE00109459,71.0931,23.995,13.0,FRUHOLMEN_FYR
NOE00109476,70.4003,28.2003,10.0,RUSTEFJELBMA
NOE00109485,68.7553,23.5383,382.0,SIHCCAJAVRI
NOE00109497,69.5881,23.5317,377.0,SUOLOVUOPMI
NOE00109514,60.2064,11.0803,202.0,GARDERMOEN
NOE00109604,63.7003,9.6014,10.0,ORLAND
NOE00109613,62.5669,11.3833,628.0,ROROS
NOE00109622,62.5769,11.3517,625.0,ROROS_AIRPORT
NOE00109701,61.1592,11.4425,240.0,RENAHAUGEDALEN
NOE00109719,62.8667,6.55,11.0,ONA
NOE00109737,62.8594,6.5392,13.0,ONA_II
NOE00109746,62.2333,7.4167,15.0,TAFJORD
NOE00109768,61.0267,5.385,38.0,TAKLE
NOE00109777,71.0839,28.2178,8.0,SLETTNES_FYR
NOE00109903,60.0508,10.6864,360.0,BJORNHOLT
NOE00109966,61.8869,12.0481,672.0,DREVSJO
NOE00109984,60.7806,10.8117,128.0,KISE_PA_HEDMARK
NOE00110038,60.9181,9.2903,639.0,ABJORSBRATEN
NOE00110119,60.7,10.8667,264.0,OSTRE_TOTENAPELSVOLL
NOE00110137,61.8628,9.0833,371.0,VAGAKLONES
NOE00110182,60.3828,9.6067,142.0,GULSVIK_II
NOE00110644,60.4083,7.2794,735.0,FET_I_EIDFJORD
NOE00110653,60.2892,5.2264,48.0,BERGEN_FLESLAND
NOE00110959,62.675,8.5589,6.0,SUNNDALSORA_III
NOE00111040,63.4106,10.4533,127.0,TRONDHEIMVOLL
NOE00111093,64.2506,11.2003,86.0,NAMDALSEID
NOE00111102,64.7419,12.8458,140.0,NAMSSKOGAN
NOE00111111,64.7978,10.5492,33.0,NORDOYAN_FYR
NOE00111165,67.2831,14.4667,33.0,BODOEVAGONES
NOE00111273,68.7781,19.71,228.0,DIVIDALEN
NOE00111318,70.2456,19.5006,21.0,TORSVAG_FYR
NOE00111327,69.3667,24.4331,286.0,CUOVDDATMOHKKI
NOE00111336,68.9967,23.0333,307.0,KAUTOKEINO
NOE00111345,69.0167,23.0339,330.0,KAUTOKEINO_II
NOE00111354,70.7006,30.0681,9.0,MAKKAUR_FYR
NOE00111363,78.0667,13.6331,7.0,ISFJORD_RADIO
NOE00111372,77.8831,16.7167,9.0,SVEAGRUVA
NOE00111385,66.0,2.0,6.0,MIKE
NOE00112071,63.5,10.89,12.0,VAERNES
NOE00112080,69.3,16.1497,14.0,ANDOYA
NOE00112089,64.16,12.47,195.0,KJOBLI_I_SNAASA
NOE00133098,60.7192,8.9475,542.0,GOLSTAKE
NOE00133110,69.9775,23.3581,3.0,ALTA_LUFTHAVN
NOE00133122,70.6805,23.6769,81.0,HAMMERFEST_LUFTHAVN
NOE00133138,71.0106,25.9781,14.0,HONNINGSVAG_LUFTHAVN
NOE00133150,71.0331,27.8294,13.0,MEHAMN_LUFTHAVN
NOE00133162,70.8706,29.0344,13.0,BERLEVAG_LUFTHAVN
NOE00133210,70.0653,29.8353,39.0,VADSO_LUFTHAVN
NOE00133302,60.8008,11.0978,132.0,HAMAR_II
NOE00133314,60.8181,11.0694,221.0,HAMARSTAVSBERG
NOE00133566,62.1031,5.5817,41.0,FISKABYGD
NOE00133602,62.6033,6.3239,13.0,HILDRE
NOE00133650,62.3292,5.2681,38.0,SVINOY_FYR
NOE00133666,62.7442,7.2617,3.0,MOLDE_LUFTHAVN
NOE00133690,63.1092,7.8156,62.0,KRISTIANSUND_LUFTHAVN
NOE00133710,63.4194,8.0631,30.0,SMOLAMOLDSTAD
NOE00133726,62.1808,6.0806,74.0,ORSTA_VOLDA_LUFTHAVN
NOE00133746,62.5617,6.115,22.0,VIGRA
NOE00133774,65.4567,12.2181,9.0,BRONNOYSUND_LUFTHAVN
NOE00133822,68.4908,16.6831,26.0,EVENES_LUFTHAVN
NOE00133882,68.155,13.615,26.0,LEKNES_LUFTHAVN
NOE00133894,65.9606,12.4714,17.0,SANDNESSJOEN_LHSTOKKA
NOE00133902,66.3067,14.1542,41.0,MO_I_RANA_III
NOE00133926,67.3606,15.5892,3.0,VALLJORD
NOE00133942,68.4394,17.3883,31.0,NARVIK_LUFTHAVN
NOE00133954,68.2453,14.6692,9.0,SVOLVAER_LUFTHAVN
NOE00133978,68.58,15.0292,3.0,STOKMARKNES_LHSKAGEN
NOE00133990,66.3642,14.3014,70.0,MO_I_RANA_LUFTHAVN
NOE00134038,64.4706,11.5706,2.0,NAMSOS_LUFTHAVN
NOE00134094,65.2019,10.9964,23.0,SKLINNA_FYR
NOE00134118,61.6514,10.1083,930.0,VENABU
NOE00134166,61.5644,7.9978,1413.0,SOGNEFJELLHYTTA
NOE00134214,61.1217,9.0631,521.0,LOKEN_I_VOLBU
NOE00134226,61.1781,8.1125,956.0,FILEFJELLKYRKJESTOLANE
NOE00134454,61.2928,5.0442,7.0,FURENESET
NOE00134470,61.5831,5.0278,9.0,FLORO_LUFTHAVN
NOE00134518,61.1581,7.1414,497.0,SOGNDAL_LUFTHAVN
NOE00134538,61.7881,6.1833,51.0,SANDANE
NOE00134554,61.8292,6.1042,60.0,SANDANE_LUFTHAVN
NOE00134682,64.4014,10.455,18.0,BUHOLMRASA_FYR
NOE00134742,63.8467,8.4667,5.0,SULA
NOE00134754,63.85,8.4667,28.0,SULA_FYR
NOE00134778,78.923,11.9331,8.0,NY_ALESUND
NOE00134886,69.6006,17.8372,14.0,HEKKINGEN_FYR
NOE00134898,69.6767,18.9131,8.0,TROMSOLANGNES
NOE00134922,69.7889,20.9553,6.0,SORKJOSEN_LUFTHAVN
NOE00134934,69.8333,21.8842,6.0,NORDSTRAUM_I_KVAENANGEN
NOM00001059,70.067,24.983,8.0,BANAK
NOM00001089,69.733,29.9,91.0,KIRKENES
NOM00001114,66.9,13.633,8.0,REIPA
NOM00001233,62.083,9.117,638.0,DOMBAAS
NOM00001238,62.1167,9.2831,952.0,FOKSTUA
NOM00001367,60.983,9.233,365.0,FAGERNES
NOM00001389,61.183,11.367,255.7,RENA_AP
NON00000180,61.2944,12.2719,360.0,TRYSIL_VEGSTASJON
NON00000400,61.6667,11.9833,538.0,ENGERDAL_I
NON00004440,60.0977,10.8645,174.0,HAKADALBLIKSRUDHAGAN
NON00004870,60.0667,11.2667,247.0,EGNERFJELL
NON00005500,60.1106,12.1145,145.0,ABOGEN
NON00006020,60.6141,12.0125,185.0,FLISA_II
NON00006150,60.6167,11.9667,234.0,AASNAS
NON00006950,61.1351,11.3738,310.0,AMOT
NON00007550,61.3667,11.3833,262.0,LOSSET
NON00007650,61.6833,11.2,253.0,YTRE_RENDAL_II
NON00008130,61.4053,11.143,255.0,EVENSTADOVERENGET
NON00008250,61.6167,10.9,303.0,KOPPANGOYSET
NON00008710,61.887,10.1535,739.0,SORNESSET
NON00008850,62.0277,10.8017,485.0,ALVDAL
NON00009310,62.2207,9.5423,1012.0,HJERKINN_II
NON00010430,62.6667,11.3,856.0,KONGENS_GRUBE
NON00011090,60.3333,11.2167,190.0,EIDSVOLL
NON00012090,60.7333,11.1,153.0,STAUR_FORSOKSGARD
NON00012180,60.8028,11.2028,182.0,ILSENG
NON00012640,61.0808,10.4756,271.0,LILLEHAMMER_III
NON00012850,61.1,10.7167,571.0,MESNALI
NON00013160,61.4648,10.1277,1030.0,KVITFJELL
NON00013540,61.5833,9.7833,249.0,VINSTRASOLSTAD
NON00014690,61.8213,8.9595,746.0,OVRE_TESSA
NON00015060,61.8373,8.57,382.0,LOM
NON00015270,61.6777,8.3727,1894.0,JUVVASSHOE
NON00015540,61.8667,8.45,378.0,GJEILO_I_SKJAK
NON00015720,61.9067,7.86,712.0,BRATA
NON00020360,60.2,10.3167,192.0,EGGEMOEN
NON00020880,60.3833,10.55,493.0,KUTJERN
NON00021240,60.7833,10.2,159.0,FLUBERGROEN
NON00021520,60.8667,9.6333,631.0,TONSASEN
NON00021670,60.9333,10.1167,485.0,AUST_TORPA_II
NON00023720,61.125,8.5686,477.0,VANG_I_VALDRES
NON00024830,60.55,9.1667,369.0,AASEN
NON00025590,60.5173,8.2015,810.0,GEILOGEILOSTOLEN
NON00025720,60.5186,7.825,996.0,HAUGASTOL_II
NON00025900,60.6142,7.4177,1300.0,SLIRA
NON00028922,60.0435,9.1468,275.0,VEGGLI_II
NON00049490,60.3185,6.6538,12.0,ULLENSVANG_FORSOKSGARD
NON00049580,60.4672,6.8605,117.0,EIDFJORDBU
NON00049910,60.5637,6.9325,42.0,HJELTNES
NON00049940,60.5918,6.805,352.0,GRANVIN
NON00050300,60.3933,5.9133,408.0,KVAMSKOGEN
NON00050460,60.26,5.3533,48.0,FANA_FORSOKSSTASJON
NON00050541,60.6388,5.5833,10.0,BERGENBOHR
NON00050700,60.4167,5.3667,560.0,RUNDEMANNEN
NON00050930,60.45,5.5167,5.0,HAUS
NON00051160,60.5333,6.05,540.0,BERGSDAL
NON00051560,60.6333,6.4333,61.0,VOSS_II
NON00051670,60.685,6.7433,590.0,REIMEGREND
NON00051800,60.7022,6.9373,695.0,MJOLFJELL_UH
NON00051850,60.7333,7.0167,851.0,UPSETE
NON00052290,60.841,5.9533,114.0,MODALEN_II
NON00052530,60.7528,4.7106,20.0,HELLISOY_FYR
NON00053100,61.1725,6.6455,51.0,VANGSNES
NON00053380,60.7333,7.1167,870.0,MYRDAL
NON00053800,60.8333,7.35,657.0,STONDAL
NON00054100,61.1,7.4833,3.0,LARDAL
NON00054130,61.0617,7.5167,36.0,LARDALTONJUM
NON00054200,61.048,7.6167,107.0,LJOSNE
NON00055160,61.5,7.7005,27.0,FORTUN
NON00055230,61.5158,7.9058,2062.0,FANNARAKI
NON00055350,61.4407,7.4278,484.0,LUSTER_SANATORIUM
NON00055370,61.4063,7.2888,6.0,GAUPNE
NON00055400,61.5245,7.2762,98.0,MYKLEMYR
NON00055430,61.6595,7.2762,305.0,BJORKEHAUG_I_JOSTEDAL
NON00055780,61.1833,6.8667,53.0,LEIKANGER
NON00057170,61.45,5.85,3.0,FORDE_I_SUNNFJORD
NON00057420,61.4648,5.9333,64.0,FORDETEFRE
NON00057740,61.6167,5.1333,10.0,BRANDSOY_I_KINN
NON00057770,61.5717,4.6817,26.0,YTTEROYANE_FYR
NON00057890,61.8833,5.65,33.0,DOMBESTEIN
NON00058430,61.86,6.7567,78.0,OLDENVANGBERG
NON00058700,61.9333,7.2267,201.0,OPPSTRYN
NON00058800,61.9282,6.0999,71.0,NORDFJORDEID
NON00058900,61.9157,6.5585,208.0,STRYNKROKEN
NON00059100,62.0346,4.9859,38.0,KRAKENES_FYR
NON00059580,62.3681,6.0022,26.0,HAREIDGRIMSTAD
NON00059710,62.2072,6.1575,35.0,ORSTAVIKVELLE
NON00059810,62.4,5.65,21.0,RUNDE
NON00060200,62.3,6.8,84.0,STRANDAHELSEM
NON00060250,62.0833,6.8667,11.0,HELLESYLT
NON00060830,62.5,6.6833,26.0,SKODJE
NON00060950,62.4755,6.1508,6.0,ALESUND
NON00061150,62.6243,7.1703,49.0,GJERMUNDNES
NON00061170,62.6162,7.2107,21.0,HJELVIK_I_ROMSDAL
NON00061770,62.2317,8.3733,621.0,LESJASKOG
NON00062300,62.7369,7.1517,50.0,MOLDE_II
NON00062650,62.9667,7.15,26.0,HUSTAD_II
NON00063300,62.4066,8.5389,869.0,AURSJOEN
NON00063500,62.55,9.1,195.0,SUNNDAL
NON00063705,62.6043,9.6667,604.0,OPPDALSATER
NON00064480,62.9,8.2167,87.0,TINGVOLL_II
NON00065100,63.2066,8.991,9.0,VINJEORA_II
NON00065310,63.518,7.9467,5.0,VEIHOLMEN
NON00065720,63.6667,8.3167,6.0,TITRAN
NON00066180,63.205,9.7887,22.0,ORKDALOYUM
NON00066700,62.8286,10.0092,424.0,BERKAK
NON00066830,62.6167,10.25,543.0,SATER_I_KVIKNE
NON00069070,63.3125,10.9227,688.0,VENNAFJELL
NON00069150,63.4882,10.8795,40.0,KVITHAMAR
NON00069330,63.4431,11.6992,145.0,MERAKERKROGSTAD
NON00069360,63.4229,11.7604,218.0,MERAKER_II
NON00069760,63.7167,11.2333,95.0,LEVANGEREGGEN
NON00069950,63.8,11.2,76.0,YTTEROY
NON00070340,63.6653,12.0,245.0,VERDALSUL
NON00070910,64.25,12.4167,127.0,BERG_I_SNASA_II
NON00071000,64.0225,11.4508,6.0,STEINKJERSONDRE_EGGE
NON00071650,63.85,9.7333,4.0,VALLERSUND
NON00071850,64.173,9.4063,16.0,HALTEN_FYR
NON00073470,64.4619,13.5916,402.0,NORDLI_III
NON00073620,64.5867,12.5123,118.0,HARRAN
NON00075300,64.7667,11.1167,10.0,PRESTO
NON00075600,65.0975,11.7022,47.0,LEKA
NON00076450,65.702,11.8572,4.0,VEGAVALLSJO
NON00076500,65.8667,12.1833,6.0,SKALVAR
NON00076530,65.826,12.4313,21.0,TJOTTA
NON00076600,65.9022,12.5378,8.0,ALSTAHAUG
NON00077190,65.8514,13.195,4.0,MOSJOENMOSAL
NON00077400,65.2167,13.3667,352.0,MAJAVATNKAPPFJELLI
NON00077640,65.6,13.9833,221.0,HATTFJELLDAL_III
NON00077750,65.5117,14.0217,265.0,SUSENDALBJORMO
NON00077950,65.8833,13.3,634.0,VARDEFJELL
NON00078800,65.8255,14.1942,406.0,VARNTRESK
NON00079100,66.2,13.6333,13.0,RANAHEMNES
NON00080100,66.3683,12.6445,7.0,NORD_SOLVAR
NON00080300,66.5147,13.0167,15.0,TONNES
NON00080610,66.7628,12.486,17.0,MYKEN
NON00080620,66.7333,13.8,4.0,HOLANDSFJORDHALVKANNENESET
NON00080690,66.7667,14.2,543.0,STORGLOMVATNET
NON00080900,67.175,13.7833,4.0,FLEINVAR
NON00080950,67.302,13.499,14.0,TENNHOLMEN_FYR
NON00081150,66.9833,14.8,20.0,BEIARNHAUGBAKK
NON00081250,66.76,14.58,217.0,LEIRAMO
NON00081450,67.1667,15.0333,801.0,KLETKOVFJELL
NON00081500,67.0833,15.3667,28.0,ROGNAN
NON00081620,66.9667,15.3,26.0,OVRE_SALTDAL
NON00081680,66.8483,15.3145,81.0,SALTDAL
NON00082060,67.2378,15.3038,165.0,FAUSKEVETEN
NON00082400,67.4257,13.9246,14.0,HELLIGVAR
NON00082800,67.5923,15.8897,7.0,KOBBELV
NON00083120,67.8333,14.7833,6.0,GROTOY
NON00083550,68.0007,15.6098,53.0,FINNOY_I_HAMAROY
NON00083700,68.0465,16.0338,60.0,DRAG_I_TYSFJORD
NON00084170,68.2883,17.31,6.0,SKJOMENSLETTJORD
NON00085230,68.3272,15.6226,16.0,OFFERSOY
NON00085780,67.8833,13.05,31.0,GLAPEN_FYR
NON00085891,67.525,12.104,4.0,ROST_III
NON00085950,67.4102,11.8731,18.0,SKOMVAR_FYR
NON00086150,68.3,13.6833,4.0,EGGUM
NON00086260,68.35,13.9667,10.0,KVALNES_I_LOFOTEN
NON00087100,69.3237,16.1199,5.0,ANDENES
NON00087350,68.7715,16.2,36.0,BORKENES
NON00087400,68.9448,16.6551,17.0,SANDSOY_I_SENJA
NON00087790,68.5835,16.5692,7.0,EVENSKJER
NON00088000,68.7333,17.8,22.0,TENNEVOLL
NON00088200,69.2347,17.9033,9.0,SENJALAUKHELLA
NON00088680,69.55,17.9167,9.0,LEIRKJOSEN
NON00088900,69.3538,18.075,12.0,GIBOSTAD
NON00089800,69.0178,19.2803,78.0,OVERBYGD
NON00090080,69.3297,18.889,12.0,MESTERVIK
NON00090900,70.3167,20.155,37.0,FUGLOYKALVEN_FYR
NON00091260,69.5667,20.2333,3.0,LYNGSEIDET_IV
NON00091300,69.256,19.8763,12.0,OTEREN
NON00091330,69.264,19.9605,37.0,KVESMENESRYENG
NON00091350,69.3777,20.3024,46.0,SKIBOTN
NON00092700,70.3348,21.4528,10.0,LOPPA
NON00093050,69.939,22.9223,893.0,HALDDE
NON00094350,70.7167,22.7333,4.0,GALTEN
NON00094600,71.1,25.3667,5.0,GJESVAR
NON00094700,71.0633,26.23,33.0,HELNES_FYR
NON00095800,70.9627,26.6833,4.0,SVARHOLT
NON00096680,70.45,28.3167,30.0,TANA
NON00097080,69.9,26.4167,112.0,LEVAJOKEVJEN
NON00098700,70.0784,30.0967,6.0,EKKEROY
NON00099370,69.7255,29.8977,89.0,KIRKENES_LUFTHAVN
NON00099530,69.1648,29.2457,54.0,PASVIK
NON00099550,69.6833,30.1333,8.0,SOR_VARANGER
NOXLT046143,61.5,7.0,2062.0,FANARAKEN
NOXLT285749,70.0,23.2,9999.0,ALTA
NOXLT345874,62.4,11.2,628.0,R0ROS
NOXLT451881,65.6,12.3,9999.0,BRONNOYSUND
NOXLT707777,63.45,10.9333,17.0,TRONDHEIM_VERNES
NOXLT725502,71.1,24.2,7.0,INGOY
NOXLT905825,69.5,19.0,11.0,TROMO_SKATTO
NOXLT921787,60.3,7.5,995.0,HAUGASTOL
RS000020034,80.817,47.417,18.0,NAGURSKOYE
RS000020294,77.617,101.483,6.0,GEYBERGA_ISLAND
RS000020357,76.183,63.567,9.0,RUSSKAYA_GAVAN
RS000020696,73.65,109.75,20.0,CAPE_KASISTY
RS000020766,72.333,79.5,10.0,LESKINO
RS000021405,75.533,113.517,15.0,B_PRONCHISHCHEVOY
RS000021613,73.9,124.6,9.0,DUNWAY_ISLAND
RS000021825,71.533,129.917,3.0,MOSTAKH_ISLAND
RS000025902,60.85,151.767,901.0,ATKA
RSM00020046,80.6,58.0,22.0,POLAR_GMO_IMETKRENKELJ
RSM00020069,79.5,76.98,10.0,OSTROV_VIZE
RSM00020087,79.55,90.62,7.0,OSTROV_GOLOMJANNYJ
RSM00020274,77.5,82.2,23.0,OSTROV_UEDINENIJA
RSM00020289,77.2,96.4,9.0,RUSSKIJ
RSM00020292,77.72,104.3,12.0,GMO_IMEKFEDOROVA
RSM00020353,76.85,68.55,10.0,MYS_ZELANIJA
RSM00020471,75.952,82.946,12.0,TROYNOY_ISLAND
RSM00020476,75.42,88.9,10.0,STERLEGOVA
RSM00020667,73.33,70.0294,6.0,BELY_ISLAND
RSM00020674,73.5,80.4,42.0,DIKSON
RSM00020744,72.3794,52.73,18.0,MALIYE_KARMAKULY
RSM00020871,71.875,82.706,6.0,SOPOCHNAYA_KARGA
RSM00020891,71.9831,102.4667,31.0,HATANGA
RSM00020946,70.45,59.08,13.0,IMEKFEDOROVABOLVANSKII_NOS
RSM00020967,70.167,72.517,17.8,SEYAHA
RSM00020978,70.083,83.167,29.0,KARAUL
RSM00020982,70.97,94.5,37.0,VOLOCHANKA
RSM00021358,76.15,152.833,14.0,ZOHOVA_ISLAND
RSM00021432,76.0,137.87,12.0,OSTROV_KOTELNYJ
RSM00021504,74.667,112.933,57.0,OSTROV_PREOBRAZENIJ
RSM00021611,73.55,118.67,12.0,TERPJAJ_TUMSA
RSM00021636,73.333,139.917,26.0,CAPE_KIGILYAKH
RSM00021647,73.18,143.2297,21.0,SHALAUROVA_MYS
RSM00021711,73.0,119.867,15.0,UST'OLENEK
RSM00021721,72.4,126.35,20.0,IMYUA_HABAROVA
RSM00021802,71.97,114.08,16.0,SASKYLAH
RSM00021813,71.917,123.567,27.0,TYUMYATI
RSM00021824,71.58,128.9197,6.0,TIKSI
RSM00021908,70.1297,113.97,61.0,DZALINDA_1
RSM00021921,70.68,127.4,30.0,KJUSJUR
RSM00021931,70.77,136.22,23.0,JUBILEJNAJA
RSM00021946,70.6167,147.8831,44.0,CHOKURDAH
RSM00021965,70.633,162.483,41.0,OSTROV_CHETYREHSTOL
RSM00021982,70.9831,-178.4833,2.0,OSTROV_VRANGELJA
RSM00022003,69.93,31.98,8.0,VAJDA_GUBA
RSM00022019,69.2,33.4797,32.0,POLJARNOE
RSM00022028,69.2,35.1,33.0,TERIBERKA
RSM00022095,69.53,49.08,23.0,KOLGUEV_SEVERNYI
RSM00022101,69.0,28.8,99.0,JANISKOSKI
RSM00022106,68.6,31.85,63.0,PADUN
RSM00022113,68.9667,33.0497,57.0,MURMANSK
RSM00022127,68.0,35.033,162.0,LOVOZERO
RSM00022140,68.15,39.82,70.0,SVYATOY_NOS_CAPECLOSED
RSM00022165,68.65,43.3,47.0,KANIN_NOS
RSM00022204,67.5697,30.45,246.0,KOVDOR
RSM00022212,67.967,32.883,132.0,MONCEGORSK
RSM00022217,67.15,32.35,26.0,KANDALAKSA
RSM00022235,67.37,37.03,155.0,KRASNOSHELYE
RSM00022249,67.1297,39.67,149.0,KANEVKA
RSM00022269,67.15,43.9,13.0,MYS_KONUSIN
RSM00022271,67.9,44.1,18.0,SOJNA
RSM00022282,67.8,46.667,6.0,MYS_MIKULKIN
RSM00022292,67.7,48.77,4.0,INDIGA
RSM00022312,66.7,32.883,18.0,KOVDA
RSM00022324,66.67,34.33,39.0,UMBA
RSM00022334,66.337,36.017,3.0,KASHKARANTSY
RSM00022349,66.183,39.533,9.0,PJALICA
RSM00022355,66.48,40.68,15.0,OSTROV_SOSNOVEZ
RSM00022365,66.383,43.25,21.0,ABRAMOVSKIJ_MAJAK
RSM00022383,66.767,47.783,9.0,NIZHNYAYA_PESHA
RSM00022408,65.2,31.17,118.0,UKHTA_KALEVALA
RSM00022422,65.9,34.8164,9.0,GRIDINO
RSM00022438,65.2,36.82,26.0,ZHIZHGIN_MAYAK
RSM00022446,65.467,39.733,77.0,ZIMNEGORSKIJ_MAJAK
RSM00022471,65.87,44.22,14.0,MEZEN
RSM00022520,64.9831,34.8164,7.0,KEM_PORT
RSM00022522,64.95,34.65,8.0,KEM
RSM00022525,64.566,34.917,9.0,RAZNAVOLOK
RSM00022550,64.5,40.7331,8.0,ARHANGELSK
RSM00022551,64.849,40.283,3.0,MUDJUG
RSM00022559,64.217,41.667,12.0,HOLMOGORY
RSM00022563,64.7,43.383,31.0,PINEGA
RSM00022573,64.9,45.767,71.0,LESUKONSKOE
RSM00022583,64.75,47.65,63.0,KOJNAS
RSM00022602,63.82,30.82,180.0,REBOLY
RSM00022619,63.27,33.42,130.0,PADANY
RSM00022621,63.767,34.283,112.0,SEGEZA
RSM00022638,63.327,36.71,183.0,KALGACHIKHA
RSM00022641,63.9,38.1167,13.0,ONEGA
RSM00022648,63.117,39.233,34.0,TURCASOVO
RSM00022656,63.483,41.8,18.0,EMECK
RSM00022671,64.01,44.449,65.0,KARPOGORY
RSM00022676,63.6,45.6,62.0,SURA
RSM00022695,63.45,48.9,158.0,KOSLAN
RSM00022721,62.917,34.433,81.0,MEDVEZEGORSK
RSM00022749,62.133,39.3,101.0,KONEVO
RSM00022762,62.867,42.717,34.0,DVINSKIJ_BEREZNIK
RSM00022768,62.1,42.9,47.0,SHENKURSK
RSM00022778,62.233,45.017,58.0,VERHNJAJA_TOJMA
RSM00022798,62.167,49.117,92.0,JARENSK
RSM00022802,61.7167,30.7167,17.0,SORTAVALA
RSM00022820,61.8167,34.2667,110.0,PETROZAWODSK
RSM00022831,61.8,36.517,44.0,PUDOZ
RSM00022837,61.0167,36.45,55.0,VYTEGRA
RSM00022845,61.5,38.93,124.0,KARGOPOL
RSM00022854,61.7,40.2,233.0,NJANDOMA
RSM00022867,61.083,42.067,91.0,VELSK
RSM00022887,61.2331,46.7167,56.0,KOTLAS
RSM00022892,60.72,28.8,14.0,VYBORG
RSM00022907,60.08,26.97,6.0,GOGLAND
RSM00022912,60.983,32.983,12.0,OLONEC
RSM00022925,60.633,34.783,111.0,VINNICY
RSM00022939,60.033,37.783,131.0,BELOZERSK
RSM00022954,60.467,40.2,202.0,VOZEGA
RSM00022981,60.8,46.3,98.0,VELIKIJ_USTJUG
RSM00022996,60.367,49.65,152.0,OBJACEVO
RSM00023022,69.75,61.7,53.0,AMDERMA
RSM00023032,69.72,66.8194,24.0,MARRE_SALE
RSM00023058,69.08,76.9,2.0,ANTIPAJUTA
RSM00023074,69.4,86.17,14.0,DUDINKA
RSM00023078,69.333,88.25,64.0,NORILSK
RSM00023114,68.55,55.5,5.0,MYS_KONSTANTINOVSKII
RSM00023146,68.4667,73.5831,2.0,MYS_KAMENNYJ
RSM00023174,68.667,86.25,41.0,POTAPOVO
RSM00023179,68.1,87.767,94.0,SNEZHNOGORSK
RSM00023205,67.6331,53.0331,5.0,NARJAN_MAR
RSM00023219,67.0831,59.3831,84.0,HOSEDA_HARD
RSM00023220,67.05,64.0697,113.0,ELEZKAJA
RSM00023226,67.483,64.016,172.0,VORKUTA
RSM00023242,67.6994,72.9494,12.0,NOVY_PORT
RSM00023256,67.47,78.73,26.0,TAZOVSKOE
RSM00023274,67.47,86.57,20.0,IGARKA
RSM00023305,66.25,52.583,20.0,OKUNEV_NOS
RSM00023324,66.43,60.77,58.0,PETRUN
RSM00023330,66.5294,66.5294,15.0,SALEKHARD
RSM00023331,66.9,65.67,895.0,RA_IZ
RSM00023339,66.033,68.683,36.0,POLUJ
RSM00023345,66.5997,72.9,5.0,NYDA
RSM00023365,66.5997,82.3,34.0,SIDOROVSK
RSM00023383,66.8797,93.47,277.0,AGATA
RSM00023405,65.4331,52.2667,78.0,UST_TZILMA
RSM00023412,65.97,56.9194,77.0,UST_USA
RSM00023418,65.1167,57.1,53.0,PECHORA
RSM00023426,65.382,64.717,19.0,MUZI
RSM00023431,65.833,65.933,17.0,PITLYAR
RSM00023445,65.47,72.67,14.0,NADYM
RSM00023463,65.98,84.27,41.0,JANOV_STAN
RSM00023465,65.7,82.45,25.0,KRASNOSEL'KUPSK
RSM00023471,60.917,76.6,55.0,NIZHNEVARTOVSK
RSM00023472,65.7831,87.9331,38.0,TURUHANSK
RSM00023503,65.033,53.967,52.0,IZHMA
RSM00023514,64.52,55.4,156.0,IRAEL
RSM00023518,64.266,57.617,75.0,UST_SUGOR
RSM00023527,64.28,60.88,28.0,SARAN_PAUL
RSM00023552,64.92,77.82,26.0,TARKO_SALE
RSM00023589,64.2,93.78,105.0,TUTONCHANY
RSM00023606,63.55,53.817,137.0,UHTA
RSM00023625,63.65,62.1,28.0,SOSVA
RSM00023631,63.93,65.05,27.0,BEREZOVO
RSM00023635,63.667,69.6,86.0,YUIL'SK
RSM00023656,63.38,78.32,66.0,HALESOVAJA
RSM00023662,63.98,82.08,31.0,TOLKA
RSM00023678,63.15,87.95,46.0,VERHNEIMBATSK
RSM00023701,62.983,50.9,103.0,VESLJANA
RSM00023707,62.23,50.42,106.0,UST_VUM
RSM00023711,62.7,56.2,135.0,TROICKO_PECHERSKOE
RSM00023724,62.43,60.8694,51.0,NJAKSIMVOL
RSM00023734,62.45,66.05,70.0,OKTYABR_SKOYE
RSM00023774,62.483,86.278,60.0,KELLOG
RSM00023776,62.464,89.008,57.0,BAHTA
RSM00023788,62.317,92.117,62.0,KUZMOVKA
RSM00023803,61.683,53.683,144.0,UST_KULOM
RSM00023804,61.6667,50.8667,116.0,SYKTYVKAR
RSM00023847,61.3,71.3,33.4,SYTOMINO
RSM00023849,61.25,73.5,55.0,SURGUT
RSM00023862,61.536,82.423,71.0,KORLIKI
RSM00023867,61.1,80.25,55.0,LARYAK
RSM00023884,61.6,90.0167,62.0,BOR
RSM00023891,61.6667,96.3667,256.0,BAJKIT
RSM00023904,60.45,50.97,124.0,KOIGORODOK
RSM00023909,60.283,54.35,198.0,GAJNY
RSM00023914,60.4,56.52,208.0,CHERDYN
RSM00023921,60.6831,60.45,93.0,IVDEL
RSM00023929,60.317,64.217,53.0,SAIM
RSM00023933,61.0167,69.1167,46.0,HANTY_MANSIJSK
RSM00023939,60.333,68.967,32.0,ALTAJ
RSM00023946,60.5,74.02,47.0,UGUT
RSM00023955,60.4331,77.8667,47.0,ALEKSANDROVSKOE
RSM00023966,60.35,84.08,98.0,VANZIL_KYNAK
RSM00023973,61.033,89.633,49.0,VOROGOVO
RSM00023975,60.35,88.367,86.0,SYM
RSM00023986,60.38,93.03,513.0,SEVERO_ENISEJSK
RSM00023987,60.25,90.233,58.0,JARCEVO
RSM00023992,60.724,97.514,178.0,UST'_KAMO
RSM00024076,69.33,139.6697,282.0,DEPUTATSKIJ
RSM00024105,68.47,102.37,272.0,ESSEJ
RSM00024125,68.5,112.4331,217.0,OLENEK
RSM00024136,68.62,118.33,78.0,SUHANA
RSM00024143,68.73,124.0,38.0,DZARDZAN
RSM00024197,68.233,145.3,152.0,DRUZINA
RSM00024266,67.5667,133.4,136.0,VERHOJANSK
RSM00024329,66.25,114.28,233.0,SELAGONCY
RSM00024343,66.7667,123.4,88.0,ZHIGANSK
RSM00024371,66.8,136.68,274.0,UST_CHARKY
RSM00024382,66.45,143.2297,195.0,UST_MOMA
RSM00024507,64.2667,100.2331,188.0,TURA
RSM00024538,64.23,116.92,137.0,CHUMPURUK
RSM00024557,64.283,126.45,85.0,SOGO_HAYA
RSM00024561,65.0,130.683,737.0,SYURYUN_KYUYEL
RSM00024585,64.566,143.2,523.0,UST_NERA
RSM00024598,64.167,148.033,845.0,DARPIR
RSM00024606,63.58,103.97,209.0,KISLOKAN
RSM00024639,63.283,118.333,119.0,NJURBA
RSM00024641,63.7831,121.6167,110.0,VILJUJSK
RSM00024643,63.95,124.83,76.0,HATYRYK_HOMO
RSM00024652,63.967,127.467,96.0,SANGARY
RSM00024656,63.517,129.483,79.0,BATAMAJ
RSM00024661,64.0,130.3,208.0,SEGEN_KYUEL
RSM00024668,63.317,132.017,91.0,VERHOYANSKIJPEREVOZ
RSM00024671,63.95,135.87,399.0,TOMPO
RSM00024679,63.22,139.6,1286.0,VOSTOCHNAJA
RSM00024688,63.25,143.15,740.0,OJMJAKON
RSM00024713,62.88,108.43,246.0,NAKANNO
RSM00024724,63.03,112.5,422.0,CHERNISHEVSKIJ
RSM00024726,62.5,113.9,351.0,MIRNYJ
RSM00024738,62.15,117.65,131.0,SUNTAR
RSM00024739,62.283,119.85,308.0,CHAINGDA
RSM00024763,62.8,134.4,119.0,KREST_HALDZHAY
RSM00024768,62.033,132.6,186.0,CURAPCA
RSM00024771,62.783,136.85,289.0,TEPLYJKLYUCH
RSM00024790,62.78,148.17,646.0,SUSUMAN
RSM00024802,61.7,102.7,357.0,STRELKA_CHUNJA
RSM00024807,61.328,100.476,332.0,MUTORAJ
RSM00024817,61.2667,108.0167,284.0,ERBOGACEN
RSM00024826,61.617,114.617,354.0,DOROZHNYJ
RSM00024843,61.917,124.55,199.0,TONGULAH
RSM00024856,61.483,129.15,115.0,POKROVSKAJA
RSM00024871,61.867,135.5,141.0,OHOTSKIJPEREVOZ
RSM00024908,60.3331,102.2667,259.0,VANAVARA
RSM00024918,60.067,107.967,292.0,PREOBRAZENKA
RSM00024923,60.72,114.88,241.0,LENSK
RSM00024933,60.95,119.3,247.0,KILEER
RSM00024944,60.4,120.4167,223.0,OLEKMINSK
RSM00024951,60.8167,125.3167,117.0,ISIT
RSM00024959,62.0167,129.7167,98.0,JAKUTSK
RSM00024962,60.9,131.983,146.0,AMGA
RSM00024966,60.3831,134.4497,169.0,UST_MAJA
RSM00024967,60.47,130.0,173.0,TEGJULTJA
RSM00024982,60.72,142.78,396.0,UEGA
RSM00024988,60.083,142.333,198.0,ARKA
RSM00025034,69.62,162.3,24.0,BUHTA_AMBARCIK
RSM00025042,69.93,167.98,13.0,OSTROV_AION
RSM00025062,69.8797,175.77,2.0,MYS_BILLINGSA
RSM00025123,68.75,161.283,28.0,CHERSKIJ
RSM00025138,68.12,164.17,98.0,OSTROVNOE
RSM00025173,68.9,-179.3669,2.0,MYS_SHMIDTA
RSM00025206,67.45,153.72,20.0,SREDHEKOLYMSK
RSM00025248,67.25,168.97,352.0,ILIRNEJ
RSM00025282,67.83,-175.8,3.0,MYS_VANKAREM
RSM00025325,66.55,159.42,127.0,UST_OLOJ
RSM00025356,66.3797,173.33,78.0,ENMUVEEM
RSM00025372,67.0,-178.9,139.0,AMGUEMA
RSM00025378,66.3497,-179.1,21.0,EGVEKINOT
RSM00025399,66.17,-169.8,5.0,MYS_UELEN
RSM00025400,65.73,150.9,41.0,ZYRJANKA
RSM00025428,65.23,160.53,260.0,OMOLON
RSM00025503,64.75,153.97,97.0,KORKODON
RSM00025538,64.22,164.23,324.0,VERHNEE_PENZINO
RSM00025551,64.6831,170.4167,25.0,MARKOVO
RSM00025563,64.7831,177.5667,64.0,ANADYR
RSM00025594,64.4167,-173.2333,25.0,BUHTA_PROVIDENJA
RSM00025621,64.0,158.92,682.0,KEDON
RSM00025656,63.4,172.7,200.0,BEREZOVO_1
RSM00025677,63.05,179.32,3.0,BERINGOVSKAJA
RSM00025703,62.9167,152.4167,206.0,SEJMCHAN
RSM00025705,62.45,152.32,264.0,SREDNEKAN
RSM00025715,62.5,155.783,542.0,OMSUKCHAN
RSM00025744,62.4831,166.2167,10.0,KAMENSKOE
RSM00025767,62.05,175.2,11.0,HATYRKA
RSM00025777,62.4,179.1,4.0,GAVRIILA_BUHTA
RSM00025821,61.95,158.967,23.0,NAJAHAN
RSM00025922,60.72,155.88,34.0,SHELIHOVO
RSM00025932,60.68,160.4,45.0,TAJGONOS
RSM00025954,60.35,166.0,2.0,KORF
RSM00025956,60.43,169.67,3.0,APUKA
RSXLT110838,80.83,79.7,47.0,OSTROV_USHAKOVA
RSXLT306544,67.33,168.23,9999.0,ILIRNEJ
RSXLT353655,76.8,110.8,6.0,OSTROV_ANDREYAFORMER
RSXLT413954,76.2667,94.2833,10.0,OSTROV_PRAUDY
RSXLT437938,72.87,140.75,6.0,MYS_SUYATYY_NOS
RSXLT438093,77.15,82.2,5.0,OSTROV_ISACHENKO
RSXLT510384,74.88,142.2,10.0,ZEMLYA_BUNGE
RSXLT618521,64.42,-172.25,5.0,CHAPLINO
RSXLT637512,68.73,158.73,15.0,KOLYMSKAYA
RSXLT643936,67.47,-174.62,31.0,OSTROV_KOLYUCHIN
RSXLT676609,78.62,98.7,8.0,OSTRAVA_KRASNOPLOTSK
RSXLT699046,70.4,58.8,11.0,WAIGATZ
RSXLT738182,60.0,29.8,20.0,KRONSTADT
RSXLT740860,60.5,169.6,10.0,APUKA_USSR_ASIA
RSXLT850030,70.08,170.97,4.0,BALKARKAY
RSXLT854187,70.6667,154.15,2.0,ALAZEYA
RSXLT860513,81.8,57.9667,51.0,OSTROV_RUDOLFA
RSXLT886728,73.5167,75.7667,41.0,OSTROV_VILKITSKOVO
RSXLT887675,60.167,130.199,171.0,TEGJULTJE_TERDE
RSXLT896839,71.1333,66.8167,11.0,KHARASOVOY
RSXLT973997,69.7,170.33,4.0,PEVEK
SV000001008,78.25,15.4667,28.0,SVALBARD_AIRPORT
SV000020026,80.167,36.75,9.0,VIKTORIYA_ISLAND
SV000020107,78.1,14.3,49.0,BARENCBURG
SW000002120,66.9597,17.73,314.0,KVIKKJOKK_ARRENJARKA
SW000002127,65.0667,17.1664,325.0,STENSELE
SW000002196,65.8269,24.1439,5.0,HAPARANDA
SW000002288,63.595,20.7564,6.0,HOLMOGADD_A
SW000002361,62.6331,17.9331,15.0,HARNOSAND
SW000002410,60.6814,13.6994,308.0,MALUNG
SW000010537,60.6167,15.6167,160.0,FALUN
SW000021280,65.0072,17.7083,280.0,GUNNARN
SWE00003523,61.7031,17.5247,8.0,KUGGOREN_A
SWE00003531,63.1883,19.0203,11.0,SKAGSUDDE_A
SWE00003535,64.4808,21.5792,40.0,BJUROKLUBB_A
SWE00005583,61.17,13.12,830.0,STORFJALLET_SALEN
SWE00005603,61.71,13.13,425.0,SARNA
SWE00005683,63.43,13.07,1280.0,ARESKUTAN
SWE00005756,65.11,20.77,195.0,FALLFORS_MO
SWE00005784,65.7,23.1,4.0,STORON_A
SWE00100026,63.1831,14.4831,376.0,OESTERSUND
SWE00115961,62.5244,17.4408,4.0,SUNDSVALLS_FLYGPLATS
SWE00115981,63.6842,16.9506,215.0,JUNSELE
SWE00116001,64.5033,14.1594,328.0,GADDEDE
SWE00116061,67.2097,23.3928,168.0,PAJALA
SWE00136327,60.11,15.12,240.0,SKEPPSMORA_V
SWE00136405,60.48,15.43,140.0,BORLANGE_AUT
SWE00136441,60.64,12.88,525.0,BRATTMON_V
SWE00136507,61.09,13.23,725.0,SALEN_HOGFJALLET_V
SWE00136600,61.87,12.3,660.0,IDRE_STORBO_V
SWE00136612,61.89,12.86,869.0,IDRE_FJALL_A
SWE00136648,62.28,15.67,320.0,NORRBERG_NORRHOG_V
SWE00136663,62.43,17.35,80.0,SUNDSVALL_RASTA_V
SWE00136708,62.73,12.73,955.0,FLATRUET_V
SWE00136720,62.76,16.71,205.0,SILLRE_V
SWE00136744,63.04,12.28,1030.0,SYLARNA
SWE00136813,63.32,13.48,330.0,MO
SWE00136819,63.32,13.71,355.0,MATTMAR_V
SWE00136828,63.38,13.16,435.0,ARE_BJORNANGE_V
SWE00136831,63.38,20.1,24.0,SYDOSTBROTTEN
SWE00136969,64.39,21.31,105.0,HOKMARKSBERGET_V
SWE00137020,64.7097,17.44,575.0,RISTRASK_V
SWE00137023,64.72,21.15,5.0,URSVIKEN
SWE00137059,64.97,15.39,545.0,SAXNAS_V
SWE00137083,65.09,14.51,1036.0,STEKENJOKK_A
SWE00137131,65.33,22.75,1.0,FARSTUGRUNDEN
SWE00137188,65.75,21.77,9.0,SAVAST_V
SWE00137203,65.8078,15.0853,458.0,HEMAVAN_FLYGPLATS
SWE00137290,66.4897,16.44,481.0,LILLVIKEN_ROPARUDDEN
SWE00137293,66.4989,20.1308,275.0,JOKKMOKK_FLYGPLATS_MO
SWE00137296,66.51,19.68,324.0,VAJMAT_V
SWE00137338,66.77,20.97,330.0,NATTAVARA
SWE00137425,67.8497,20.23,505.0,KIRUNA
SWE00137440,68.05,21.77,355.0,NEDRE_SOPPERO_V
SWE00137470,68.43,18.28,537.0,VASSIJAURE
SWE00139240,60.07,13.55,155.0,EDEBACK
SWE00139250,60.1,16.3097,100.0,BROVALLEN
SWE00139254,60.14,13.01,80.0,TORSBY
SWE00139256,60.12,16.28,89.0,SONNBO
SWE00139268,60.14,14.4,305.0,FREDRIKSBERG
SWE00139272,60.14,16.17,100.0,AVESTA
SWE00139276,60.15,13.8,190.0,GUSTAVSFORS
SWE00139282,60.16,18.74,12.0,SINGO
SWE00139284,60.17,16.3097,68.0,FOLKARNA
SWE00139286,60.18,18.23,15.0,RISINGE
SWE00139290,60.2,14.4,340.0,LEJEN
SWE00139294,60.2,17.9164,33.0,DANNEMORA
SWE00139296,60.24,17.91,39.0,FILMS_KYRKBY
SWE00139306,60.27,16.98,56.0,KERSTINBO_A
SWE00139308,60.28,18.92,12.0,UNDERSTEN
SWE00139320,60.3,17.43,35.0,VASBY
SWE00139324,60.31,12.7,160.0,OSTMARK_LAMBACKEN
SWE00139332,60.33,12.68,160.0,OSTMARK_RANNBERG
SWE00139334,60.33,15.2,260.0,RAMSHYTTAN
SWE00139336,60.33,18.43,7.0,OREGRUND
SWE00139340,60.35,12.65,308.0,OSTMARK_ROJDASEN
SWE00139346,60.38,15.23,260.0,IDKERBERGET
SWE00139348,60.38,15.14,495.0,SPANSBERGET
SWE00139362,60.4292,15.5078,152.0,BORLANGE_FLYGPLATS
SWE00139364,60.44,17.34,35.0,UNTRA
SWE00139372,60.46,16.27,130.0,STJARNSUND
SWE00139376,60.5,15.46,145.0,BORLANGE
SWE00139386,60.5,15.45,128.0,DOMNARVET
SWE00139390,60.51,14.96,190.0,MOCKFJARD
SWE00139396,60.53,18.38,8.0,ORSKAR_A
SWE00139404,60.54,17.75,5.0,FAGERVIKEN
SWE00139414,60.6,15.01,155.0,GRADA_KRAFTVERK
SWE00139430,60.65,17.17,16.0,GAVLE
SWE00139436,60.68,13.71,306.0,MALUNG_A
SWE00139452,60.72,17.16,16.0,GAVLE_A
SWE00139458,60.73,15.02,175.0,LEKSAND
SWE00139462,60.73,17.57,5.0,EGGEGRUND
SWE00139468,60.75,17.35,5.0,UTVALNAS
SWE00139490,60.88,14.38,260.0,SILJANSFORS
SWE00139498,60.91,12.58,230.0,HOLJES
SWE00139504,60.92,15.11,230.0,BACKA
SWE00139520,60.96,14.51,196.0,MORA_A
SWE00139522,60.9617,16.4308,162.0,AMOT_A
SWE00139524,60.96,16.46,145.0,AMOTSBRUK
SWE00139526,61.0,14.59,196.0,MORA
SWE00139550,61.13,12.82,465.0,RORBACKSNAS
SWE00139572,61.17,13.26,360.0,SALEN
SWE00139582,61.25,14.04,252.0,ALVDALEN_A
SWE00139584,61.26,14.04,250.0,ALVDALEN_11
SWE00139588,61.27,17.1,10.0,SODERHAMN
SWE00139590,61.28,12.86,412.0,GRUNDFORSEN
SWE00139602,61.36,15.72,184.0,EDSBYN_A
SWE00139604,61.38,15.84,177.0,EDSBYN
SWE00139612,61.39,16.43,115.0,ROSTEBO
SWE00139614,61.4,16.42,115.0,DONJE
SWE00139626,61.44,14.87,434.0,KVARNBERG
SWE00139634,61.55,17.4697,20.0,AGO
SWE00139652,61.6,14.18,585.0,ULVSJO
SWE00139654,61.62,17.44,8.0,HOLICK
SWE00139660,61.66,14.99,454.0,HAMRA
SWE00139674,61.71,16.18,115.0,JARVSO
SWE00139676,61.73,17.1,10.0,HUDIKSVALL
SWE00139680,61.79,16.55,70.0,DELSBO
SWE00139684,61.83,16.54,70.0,DELSBO_A
SWE00139688,61.83,16.13,140.0,LJUSDAL
SWE00139690,61.85,12.27,670.0,FLOTNINGEN
SWE00139694,61.85,16.5797,70.0,BJURAKER
SWE00139696,61.85,14.09,440.0,LILLHARDAL
SWE00139718,62.02,17.63,20.0,GRAN
SWE00139720,62.0192,14.1903,432.0,SVEG
SWE00139728,62.04,15.47,259.0,FINNEBY
SWE00139732,62.05,14.41,362.0,SVEG_A
SWE00139744,62.09,13.61,566.0,DRAVAGEN_A
SWE00139752,62.11,13.28,610.0,LOFSDALEN
SWE00139764,62.18,14.95,260.0,YTTERHOGDAL
SWE00139774,62.22,17.7397,17.0,BRAMON
SWE00139776,62.23,17.66,17.0,LORUDDEN
SWE00139790,62.38,17.29,60.0,SIDSJO
SWE00139796,62.41,17.27,35.0,SUNDSVALL
SWE00139800,62.42,13.52,430.0,HEDE
SWE00139802,62.41,13.67,410.0,HEDEVIKEN
SWE00139814,62.4503,12.6703,723.0,TANNAS_A
SWE00139822,62.49,16.28,99.0,TORPSHAMMAR_A
SWE00139824,62.5,14.16,802.0,KLOVSJOHOJDEN_A
SWE00139828,62.5,16.18,110.0,FRANSTA
SWE00139832,62.52,16.21,99.0,FRANSTA_11
SWE00139840,62.53,14.2,802.0,KLOVSJO
SWE00139842,62.55,12.6,585.0,LJUSNEDAL
SWE00139852,62.58,12.22,780.0,FJALLNAS
SWE00139858,62.62,18.0597,10.0,HARNO
SWE00139868,62.64,18.09,17.0,LUNGO
SWE00139870,62.65,14.17,802.0,SKALAN
SWE00139884,62.75,15.1,342.0,HUNGE
SWE00139886,62.75,15.09,343.0,HUNGE_A
SWE00139888,62.76,13.85,467.0,BORTNAN_A
SWE00139890,62.76,16.3097,220.0,LJUNGA
SWE00139900,62.8,13.07,580.0,STORSJO_KAPELL
SWE00139908,62.85,18.02,20.0,NORDVIK
SWE00139928,63.01,18.19,20.0,ULLANGER
SWE00139934,63.05,16.54,170.0,BISPGARDEN
SWE00139936,63.03,16.55,170.0,BISPGARDEN
SWE00139940,63.05,17.75,5.0,VIKSBACKEN
SWE00139942,63.05,17.77,5.0,KRAMFORS_GISTGARDSON
SWE00139950,63.08,13.75,592.0,HOGLEKARDALEN
SWE00139956,63.13,18.26,141.0,VASTMARKUM_A
SWE00139962,63.14,16.9897,120.0,FORSE
SWE00139968,63.16,16.17,183.0,KRANGEDE_A
SWE00139970,63.15,14.37,320.0,NORDERON
SWE00139974,63.17,17.66,30.0,LANNAS
SWE00139976,63.17,17.28,20.0,SOLLEFTEA
SWE00139992,63.19,14.49,375.0,FROSON_D
SWE00140002,63.24,14.55,360.0,ROSTA
SWE00140006,63.28,12.12,583.0,STORLIEN_STORVALLEN
SWE00140016,63.3028,12.1253,642.0,STORLIEN_VISJOVALEN
SWE00140022,63.32,12.1,583.0,STORLIEN
SWE00140028,63.32,13.65,400.0,MORSIL
SWE00140032,63.33,19.05,30.0,KASA
SWE00140034,63.33,13.38,330.0,UNDERSAKER
SWE00140052,63.4,12.93,400.0,DUVED
SWE00140062,63.41,19.0,108.0,ORNSKOLDSVIKS_FLYGPL
SWE00140070,63.44,19.68,6.0,JARNASKLUBB_A
SWE00140074,63.46,18.0597,80.0,BREDBYN
SWE00140100,63.57,19.49,4.0,NORDMALING
SWE00140110,63.6,16.18,232.0,STORFINNFORSEN
SWE00140114,63.62,15.09,490.0,SIKASKALEN
SWE00140118,63.65,18.55,182.0,HEMLING_A
SWE00140120,63.66,18.53,190.0,HEMLING
SWE00140130,63.68,14.61,362.0,FOLLINGE_A
SWE00140134,63.685,16.9531,214.0,JUNSELE_A
SWE00140148,63.73,15.5,375.0,HALLVIKEN
SWE00140160,63.76,14.43,362.0,FOLLINGE_VAGSKALET
SWE00140162,63.77,15.33,375.0,HALLHAXASEN_A
SWE00140166,63.78,13.07,450.0,OVERANG
SWE00140174,63.79,20.29,14.0,UMEA_FLYGPLATS
SWE00140178,63.8081,20.8692,6.0,HOLMON_A
SWE00140180,63.81,20.24,10.0,ROBACKSDALEN
SWE00140186,63.83,20.28,14.0,UMEA
SWE00140190,63.84,13.5,717.0,KORSVATTNET_A
SWE00140200,63.85,15.59,375.0,STROMSUND
SWE00140204,63.87,14.61,450.0,ALASEN
SWE00140208,63.92,19.7,100.0,VANNAS
SWE00140220,63.95,17.9164,380.0,TEGELTRASK
SWE00140224,63.97,13.73,717.0,STORA_STENSJON
SWE00140228,63.98,12.87,425.0,EDEVIK
SWE00140230,64.0,14.67,615.0,ALMDALEN
SWE00140240,64.04,12.94,451.0,BJORKEDE
SWE00140248,64.08,18.37,327.0,FREDRIKA_A
SWE00140250,64.08,18.42,327.0,FREDRIKA
SWE00140252,64.09,16.2397,241.0,HOTING_A
SWE00140256,64.12,16.21,240.0,HOTING
SWE00140260,64.2,19.72,237.0,VINDELN_SUNNANSJONAS
SWE00140262,64.16,17.37,310.0,ASELE
SWE00140264,64.17,17.32,307.0,ASELE_A
SWE00140272,64.22,15.56,310.0,GUBBHOGEN_A
SWE00140286,64.27,19.63,237.0,HALLNAS_LUND
SWE00140288,64.27,14.45,520.0,MUNSVATTNET
SWE00140306,64.36,21.32,21.0,LOVANGER
SWE00140330,64.45,20.41,140.0,VASTANTRASK
SWE00140332,64.45,17.0797,352.0,IDVATTNET
SWE00140334,64.4597,15.54,178.0,KORSSELBRANNA
SWE00140348,64.51,17.9897,500.0,KROKSJO
SWE00140350,64.5056,14.2239,550.0,GADDEDE_A
SWE00140352,64.55,18.72,210.0,LYCKSELE_A
SWE00140354,64.5697,15.92,330.0,HOGLAND
SWE00140356,64.5697,19.7,258.0,PETISTRASK_A
SWE00140358,64.58,16.84,348.0,VILHELMINA_A
SWE00140360,64.58,18.65,234.0,LYCKSELE
SWE00140366,64.62,21.07,48.0,SKELLEFTEA_FLYGPLATS
SWE00140374,64.64,16.41,345.0,LAXBACKEN
SWE00140390,64.73,13.96,360.0,JORMLIEN
SWE00140394,64.76,20.95,14.0,SKELLEFTEA
SWE00140396,64.76,17.2197,520.0,ULVOBERG
SWE00140418,64.91,19.48,296.0,NORSJO
SWE00140420,64.91,21.23,10.0,FURUOGRUND
SWE00140428,64.93,19.38,309.0,NORSJO_A
SWE00140434,64.95,19.48,296.0,STORLIDEN
SWE00140442,65.01,17.7,251.0,GUNNARN_A
SWE00140448,65.03,21.57,4.0,RONNSKAR
SWE00140450,65.04,21.57,4.0,RONNSKAR
SWE00140452,65.05,15.75,520.0,BLAIKLIDEN
SWE00140458,65.06,14.79,594.0,KLIMPFJALL
SWE00140462,65.0997,16.69,420.0,LANGVATTNET
SWE00140470,65.15,18.6,363.0,MALA_BRANNAN_A
SWE00140474,65.19,18.75,320.0,MALA
SWE00140480,65.23,21.52,4.0,PITSUND
SWE00140482,65.2397,15.99,525.0,DIKANAS
SWE00140484,65.2397,21.63,4.0,HARAHOLMEN
SWE00140492,65.3197,21.49,9.0,PITEA
SWE00140494,65.28,19.67,395.0,GLOMMERSTRASK
SWE00140500,65.3,20.21,250.0,MYRHEDEN
SWE00140502,65.31,22.37,1.0,RODKALLEN_A
SWE00140504,65.3197,16.04,484.0,DIKANAS_SKANSNAS
SWE00140508,65.33,15.07,570.0,GIELAS
SWE00140540,65.51,18.95,453.0,STORBERG
SWE00140550,65.54,17.55,360.0,SORSELE
SWE00140552,65.54,16.54,652.0,DANASJO
SWE00140554,65.5431,22.1192,17.0,LULEA_FLYGPLATS
SWE00140558,65.56,17.86,393.0,BURESJON_A
SWE00140560,65.58,22.11,12.0,LULEA_BERGNASET
SWE00140562,65.5997,19.27,382.0,ARVIDSJAUR_A
SWE00140568,65.62,22.13,5.0,LULEA
SWE00140580,65.67,21.07,40.0,ALVSBYN_A
SWE00140582,65.68,15.82,475.0,BOKSJO
SWE00140584,65.68,20.97,40.0,ALVSBYN_M
SWE00140588,65.69,20.99,40.0,ALVSBYN_M
SWE00140594,65.72,15.25,450.0,TARNABY
SWE00140606,65.77,17.05,350.0,VINDEL_STORSJO
SWE00140618,65.8197,21.64,25.0,BODEN
SWE00140620,65.8197,16.71,350.0,VINDEL_BJORKHEDEN
SWE00140622,65.8197,24.12,16.0,HAPARANDA_A
SWE00140628,65.83,21.55,27.0,HEDNORET
SWE00140630,65.8497,23.2,6.0,KALIX
SWE00140634,65.8797,20.13,180.0,VIDSEL
SWE00140636,65.8797,22.4,8.0,HOGSON
SWE00140638,65.9,19.09,370.0,SUDDESJAUR
SWE00140650,65.95,22.1,15.0,ORRBYN
SWE00140656,65.97,16.23,420.0,AMMARNAS
SWE00140664,65.9897,18.92,370.0,ABRAUR
SWE00140670,66.0522,17.8431,431.0,ARJEPLOG_A
SWE00140692,66.26,22.85,61.0,OVERKALIX_SVARTBYN_A
SWE00140694,66.34,22.8,61.0,OVERKALIX_SVARTBYN
SWE00140698,66.28,21.13,185.0,LAKATRASK_A
SWE00140712,66.3797,23.65,70.0,OVERTORNEA
SWE00140714,66.3797,17.0,430.0,JACKVIK
SWE00140718,66.39,21.62,261.0,PALKEM_M
SWE00140720,66.39,21.61,261.0,PALKEM
SWE00140732,66.48,20.88,260.0,MURJEK
SWE00140744,66.58,16.35,500.0,VUOGGATJALME
SWE00140746,66.6297,19.64,254.0,JOKKMOKK
SWE00140750,66.62,23.47,132.0,YLINENJARVI_A
SWE00140760,66.68,16.11,614.0,MIERKENIS_A
SWE00140764,66.73,22.9,164.0,MARKUSVINSA
SWE00140772,66.75,20.93,327.0,NATTAVAARA_A
SWE00140774,66.76,21.05,350.0,NATTAVAARA_BY
SWE00140786,66.81,22.34,215.0,PAHAROVA
SWE00140796,66.8497,23.06,178.0,KORPILOMBOLO_M
SWE00140800,66.89,18.02,320.0,KVIKKJOKK_ARRENJARKA
SWE00140818,67.09,22.22,255.0,KOMPELUSVAARA
SWE00140824,67.1297,19.5,370.0,ALLOLUOKTA
SWE00140828,67.14,20.65,359.0,GALLIVARE_A
SWE00140830,67.14,20.66,400.0,GALLIVARE
SWE00140832,67.15,18.31,530.0,AKTSE
SWE00140836,67.17,20.67,400.0,MALMBERGET
SWE00140838,67.205,23.3953,171.0,PAJALA_A
SWE00140844,67.26,20.27,453.0,LATNIVAARA_A
SWE00140852,67.31,18.9,385.0,ALUOKTA
SWE00140856,67.34,22.23,240.0,SAITTAROVA_A
SWE00140874,67.5,18.29,425.0,STORA_SJOFALLET_A
SWE00140876,67.5,18.39,425.0,SATIS
SWE00140884,67.65,21.05,345.0,SVAPPAVAARA
SWE00140886,67.68,21.63,250.0,VITTANGI
SWE00140888,67.73,17.4697,521.0,RITSEM
SWE00140892,67.73,22.83,312.0,PARKALOMPOLO_A
SWE00140898,67.76,22.35,315.0,LAINIO
SWE00140904,67.83,20.34,459.0,KIRUNA_FLYGPLATS
SWE00140906,67.8497,19.02,470.0,NIKKALUOKTA
SWE00140910,67.8497,19.03,466.0,NIKKALUOKTA_A
SWE00140912,67.89,21.07,335.0,ESRANGE
SWE00140914,67.91,18.61,1150.0,TARFALA_A
SWE00140916,67.94,23.44,240.0,MUODOSLOMPOLO
SWE00140922,68.05,21.98,630.0,LANNAVAARA
SWE00140926,68.0697,19.84,493.0,RENSJON_A
SWE00140938,68.22,19.71,393.0,TORNETRASK
SWE00140940,68.28,19.9,355.0,KATTUVUOMA
SWE00140944,68.36,18.82,388.0,ABISKO
SWE00140954,68.43,18.13,508.0,RIKSGRANSEN
SWE00140958,68.44,22.45,330.0,KARESUANDO_A
SWE00140960,68.68,21.53,403.0,NAIMAKKA
SWM00002080,68.4419,22.4503,330.0,KARESUANDO
SWN00084900,68.4323,18.0712,512.0,BJORNFJELL
SWXLT509157,68.45,21.5,0.0,KARESUANDO
SWXLT762581,60.0,18.2,621.0,KREUZBURG
UK000003001,60.85,-0.883,53.0,MUCKLE_FLUGGA
UK000003005,60.1331,-1.1831,82.0,LERWICK
UKM00003014,60.117,-2.067,13.0,FOULA_NO2
USC00500230,66.5653,-152.6425,121.9,ALLAKAKET
USC00500235,70.3464,-150.9283,5.2,ALPINE
USC00500243,60.9583,-149.1108,82.9,ALYESKA
USC00500247,62.1925,-150.5033,136.9,AMBER_LAKE
USC00500249,67.0833,-157.85,36.6,AMBLER
USC00500272,61.1747,-149.905,35.7,ANCHORAGE_ARCTICINT
USC00500275,61.1561,-149.9847,39.9,ANCHORAGE_FRCST_OFC
USC00500281,61.1025,-149.7169,406.9,ANCHORAGE_UPPER_DEARMOUN
USC00500284,61.0883,-149.7561,278.3,ANCHORAGE_RABBIT_CK_2
USC00500302,61.6244,-149.3397,139.6,ANDERSON_LAKE
USC00500490,64.8553,-147.7217,135.0,AURORA
USC00500685,61.1833,-151.0333,22.9,BELUGA
USC00500707,61.5633,-149.1542,38.7,BENS_FARM
USC00500788,60.8142,-152.297,18.3,BIG_RIVER_LAKES
USC00501220,61.1639,-149.7778,78.6,CAMPBELL_CREEK_SCI_CR
USC00501230,65.9333,-161.9167,7.0,CANDLE
USC00501240,61.0183,-147.5147,25.9,CANNERY_CREEK
USC00501243,63.3953,-148.895,649.8,CANTWELL_2_E
USC00501308,60.2333,-146.65,56.4,CAPE_HINCHINBROOK
USC00501312,68.8667,-166.1167,13.7,CAPE_LISBURNE
USC00501318,61.7667,-166.05,132.3,CAPE_ROMANZOF
USC00501466,65.5667,-144.7653,280.4,CENTRAL_2
USC00501492,67.5111,-148.4925,577.6,CHANDALAR_LAKE
USC00501574,65.0528,-146.0561,361.2,CHENA_HOT_SPRINGS
USC00501662,61.8,-148.45,284.1,CHICKALOON
USC00501684,64.0917,-141.9211,548.6,CHICKEN
USC00501824,61.5222,-144.4408,196.0,CHITINA
USC00501926,62.8256,-149.9061,412.7,CHULITNA_RIVER
USC00501987,65.4939,-144.6422,262.1,CIRCLE_HOT_SPRINGS
USC00502015,64.2453,-149.1828,196.9,CLEAR_SKY
USC00502019,64.05,-145.5167,335.3,CLEARWATER
USC00502107,64.8603,-147.8483,182.0,COLLEGE_OBSY
USC00502112,64.925,-147.8803,298.1,COLLEGE_5_NW
USC00502126,70.4322,-150.4094,1.5,COLVILLE_VILLAGE
USC00502144,60.3925,-149.6661,153.9,COOPER_LAKE_PROJECT
USC00502149,60.4875,-149.968,114.3,COOPER_LANDING_5_W
USC00502156,61.9667,-145.3167,304.8,COPPER_CTR
USC00502173,60.5561,-145.7531,7.6,CORDOVA_NORTH
USC00502247,61.8667,-158.1,61.0,CROOKED_CREEK
USC00502339,64.1172,-145.7511,322.8,DELTA_6N
USC00502350,64.0839,-145.6136,323.1,DELTA_5_NE
USC00502352,63.9647,-145.105,342.9,DELTA_JUNCTION_20SE
USC00502568,63.6772,-144.6011,411.5,DRY_CREEK
USC00502607,64.7856,-141.2036,259.1,EAGLE
USC00502645,61.3192,-149.5436,172.8,EAGLE_RVR_GAKONA_CIR
USC00502656,61.2967,-149.44,151.8,EAGLE_RIVER_5_SE
USC00502707,64.6667,-147.1,166.7,EIELSON_FLD
USC00502717,61.45,-149.3333,9.1,EKLUTNA
USC00502725,61.4,-149.15,267.9,EKLUTNA_LAKE
USC00502730,61.4667,-149.1667,11.6,EKLUTNA_PROJECT
USC00502737,61.4494,-149.3231,195.1,EKLUTNA_WTP
USC00502870,64.8464,-148.0256,199.6,ESTER
USC00502871,64.9111,-147.9242,192.0,ESTER_5NE
USC00502952,61.95,-147.1667,1018.9,EUREKA
USC00502965,64.8172,-147.8739,130.1,FAIRBANKS_AP_2
USC00502970,64.8342,-147.7911,134.1,FAIRBANKS_MIDTOWN
USC00503009,62.5422,-153.6206,323.1,FAREWELL_LAKE
USC00503085,62.45,-158.0,99.1,FLAT
USC00503160,65.0033,-147.3408,494.1,FT_KNOX_MINE
USC00503162,61.1,-146.45,9999.0,FORT_LISCUM
USC00503163,61.2272,-149.6503,143.3,FT_RICHARDSON_WTP
USC00503165,66.5664,-145.2655,133.5,FORT_YUKON_2
USC00503181,64.9592,-147.6261,236.2,FOX_2SE
USC00503205,62.3,-145.3,445.0,GAKONA_1_N
USC00503212,64.7408,-156.8756,46.3,GALENA
USC00503275,64.9767,-147.5211,288.0,GILMORE_CREEK
USC00503299,61.1,-149.6936,671.2,GLEN_ALPS
USC00503304,62.1086,-145.5328,421.5,GLENNALLEN_KCAM
USC00503573,61.9872,-152.0758,304.8,HAYES_RIVER
USC00503585,63.8675,-148.9942,431.9,HEALY
USC00503655,62.1833,-159.7667,6.1,HOLY_CROSS
USC00503720,60.8983,-149.6286,54.9,HOPE
USC00503765,66.0667,-154.2333,166.1,HUGHES
USC00503910,65.9833,-153.6833,371.9,INDIAN_MTN
USC00504425,60.3667,-151.3833,21.3,KASILOF_3_NW
USC00504550,60.6692,-151.3228,38.4,KENAI_9N
USC00504555,61.4833,-142.8833,673.9,KENNECOTT
USC00504621,64.9156,-148.2711,487.7,KEYSTONE_RIDGE
USC00504964,66.9,-156.8667,42.7,KOBUK
USC00504971,64.1942,-149.4314,243.8,KOBE_HILL
USC00505051,67.25,-162.8,9.1,KOTZEBUE_25_N
USC00505136,70.3289,-149.6114,19.5,KUPARUK
USC00505318,64.8333,-147.6,139.9,LADD_AFB
USC00505397,62.4528,-146.6789,723.9,LAKE_SUSITNA
USC00505454,60.05,-147.9,14.9,LATOUCHE
USC00505464,61.6267,-149.0364,223.4,LAZY_MTN
USC00505534,65.5225,-148.5497,197.8,LIVENGOOD_DOT
USC00505604,60.5181,-148.093,17.4,MAIN_BAY
USC00505607,62.9861,-144.4792,922.0,MANKOMEN_LAKE
USC00505644,64.9989,-150.638,82.9,MANLEY_HOT_SPRINGS
USC00505721,61.5333,-149.0833,54.9,MATANUSKA_VALLEY_2
USC00505731,61.6167,-149.1,67.1,MATANUSKA_VALLEY_12
USC00505733,61.5664,-149.2542,52.4,MATANUSKA_EXPERIMENT_FARM
USC00505757,61.4181,-142.9961,381.0,MCCARTHY_3_SW
USC00505778,63.7175,-148.9692,630.9,MCKINLEY_PARK
USC00505880,65.2222,-147.1667,292.6,MILE_42_STEESE
USC00505881,63.9033,-152.2817,312.4,MINCHUMINA
USC00505883,61.4253,-149.4075,123.4,MIRROR_LAKE_SCOUT_CAMP
USC00505894,60.5028,-149.4261,150.0,MOOSE_PASS_3_NW
USC00506147,62.3978,-142.9967,890.0,NABESNA
USC00506581,64.7581,-147.3253,144.8,NORTH_POLE
USC00506656,64.7186,-158.1022,34.1,NULATO
USC00506727,60.3833,-166.2,15.8,NUNIVAK
USC00506760,61.0,-159.9833,136.9,NYAC
USC00506777,61.8,-144.9833,402.3,OLD_EDGERTON
USC00506870,61.5889,-149.0992,65.8,PALMER_JOB_CORPS
USC00506871,61.6167,-149.1,67.1,PALMER_1_N
USC00507095,63.05,-145.45,822.0,PAXSON
USC00507097,63.0322,-145.4983,823.0,PAXSON
USC00507105,62.95,-145.5,839.1,PAXSON_RIVER
USC00507352,61.5333,-149.0833,20.4,PLANT_MATERIALS_CTR
USC00507442,69.75,-163.05,0.0,POINT_LAY
USC00507444,61.4169,-150.0819,48.8,POINT_MACKENZIE
USC00507513,62.6211,-141.0061,576.7,PORT_ALCAN
USC00507570,60.2036,-154.3164,79.2,PORT_ALSWORTH
USC00507669,65.25,-166.8667,3.7,PORT_CLARENCE
USC00507738,60.0503,-148.0672,12.2,PORT_SAN_JUAN
USC00507780,70.25,-148.3333,22.9,PRUDHOE_BAY
USC00507783,62.0911,-152.735,566.3,PUNTILLA
USC00507891,65.5,-150.25,116.1,RAMPART
USC00507977,64.2833,-146.3333,271.0,RICHARDSON
USC00508054,61.7833,-161.3167,15.2,RUSSIAN_MISSION
USC00508105,62.0528,-163.1711,94.8,ST_MARYS
USC00508114,63.4833,-162.0167,14.9,ST_MICHAEL
USC00508140,64.4942,-146.9767,207.3,SALCHA
USC00508239,63.6936,-170.4808,16.2,SAVOONGA
USC00508375,60.1883,-149.6275,129.2,SEWARD_8_NW
USC00508377,60.3539,-149.3483,157.9,SEWARD_19N
USC00508437,66.25,-166.0667,3.0,SHISHMAREF
USC00508470,61.5175,-144.1914,365.8,SILVER_LAKE
USC00508547,62.7089,-143.9808,668.1,SLANA
USC00508594,62.0303,-146.6931,704.7,SNOWSHOE_LAKE
USC00508612,60.4667,-151.0333,34.1,SOLDOTNA
USC00508615,60.4194,-151.1336,54.9,SOLDOTNA_5SSW
USC00508625,62.5333,-145.5167,597.4,SOURDOUGH_1_N
USC00508666,61.1,-155.55,481.6,SPARREVOHN
USC00508882,61.3333,-150.6667,9999.0,SUSITNA
USC00508915,61.7139,-148.9089,167.6,SUTTON_1_W
USC00508945,61.8167,-147.55,798.6,TAHNETA_PASS
USC00509015,65.1667,-152.1,60.4,TANANA
USC00509102,65.2608,-166.3595,6.1,TELLER
USC00509313,63.3336,-143.0372,495.3,TOK
USC00509385,61.6511,-145.1703,481.3,TONSINA
USC00509410,63.4333,-145.7667,734.9,TRIMS_CAMP
USC00509421,60.55,-150.5333,99.1,TRI_NAL_ACRES
USC00509489,64.8656,-146.9542,184.4,TWO_RIVERS
USC00509641,64.8569,-147.8611,144.8,UNIVERSITY_EXP_STN
USC00509747,60.7986,-148.0872,10.7,WALLY_NOERENBERG_HATCH
USC00509759,61.5333,-149.4333,15.2,WASILLA_3_S
USC00509765,61.6167,-149.4,152.4,WASILLA_2_NE
USC00509790,61.7067,-149.9978,82.3,WHITES_CROSSING
USC00509793,64.1539,-145.8894,303.3,WHITESTONE_FARMS
USC00509798,64.6833,-163.4,6.1,WHITE_MTN
USC00509829,60.7764,-148.6858,18.3,WHITTIER
USC00509861,61.7481,-150.0542,62.5,WILLOW_WEST
USC00509869,67.4192,-150.1069,349.6,WISEMAN
USC00509891,64.7803,-147.275,146.3,WOODSMOKE
USR0000AALC,62.8167,-141.4667,548.6,ALCAN_HWY_MI_1244_ALASKA
USR0000AANG,65.02,-146.228,335.3,ANGEL_CREEK_ALASKA
USR0000ABCK,65.5847,-144.3636,259.1,BIRCH_CREEK_ALASKA
USR0000ABER,60.1186,-143.2833,22.9,BERING_GLACIER_ALASKA
USR0000ABEV,66.2667,-146.5167,147.2,BEAVER_WBQ_ALASKA
USR0000ABNT,61.9358,-150.9858,45.7,BENTALIT_ALASKA
USR0000ABRO,60.4833,-149.7667,190.5,BROADVIEW_ALASKA
USR0000ACCR,65.1892,-147.5003,480.1,CARIBOU_PEAK_ALASKA
USR0000ACHA,65.0167,-148.5833,442.0,CHATANIKA_ALASKA
USR0000ACHI,62.1333,-142.0833,1011.3,CHISANA_ALASKA
USR0000ACHL,66.5906,-144.3411,137.2,CHALKYITSIK_ALASKA
USR0000ACHS,62.5653,-144.6647,701.0,CHISTOCHINA_ALASKA
USR0000ACHT,61.5319,-144.4397,177.1,CHITNA_ALASKA
USR0000ACKN,64.06,-141.9294,871.7,CHICKEN_ALASKA
USR0000ACOT,65.3458,-155.9361,399.3,COTTONWOOD_ALASKA
USR0000AEAG,64.7761,-141.1619,268.2,EAGLE_ALASKA
USR0000AFAI,64.8367,-147.615,138.4,FAIRBANKS_ALASKA
USR0000AFAR,63.7233,-154.0767,236.2,FAREWELL_ALASKA
USR0000AFLT,62.8228,-156.6139,451.1,FLAT_ALASKA
USR0000AGEO,63.8375,-144.3503,464.8,GEORGE_CREEK_ALASKA
USR0000AGOP,64.2381,-145.2669,463.3,GOODPASTURE_ALASKA
USR0000AGRA,67.0333,-143.2833,259.1,GRAPHITE_LAKE_ALASKA
USR0000AGRN,60.7275,-149.287,156.1,GRANITE_ALASKA
USR0000AHAY,65.2017,-161.155,53.9,HAYCOCK_ALASKA
USR0000AHEL,67.7414,-144.1225,853.4,HELMUT_MOUNTAIN_ALASKA
USR0000AHOD,66.7417,-148.6767,327.7,HODZANA_ALASKA
USR0000AHOG,66.2167,-155.6667,208.8,HOGATZA_RIVER_ALASKA
USR0000AHOO,65.5858,-163.4081,472.4,HOODOO_HILL_ALASKA
USR0000AJAT,62.6,-142.0833,701.0,JATAHMUND_LAKE_ALASKA
USR0000AKAI,64.4256,-158.1058,33.5,KAIYUH_ALASKA
USR0000AKAN,66.0933,-152.17,251.5,KANUTI_NWR_ALASKA
USR0000AKAV,67.1386,-159.0436,71.6,KAVET_CREEK_ALASKA
USR0000AKEL,67.9333,-162.3,125.6,KELLY_ALASKA
USR0000AKEN,60.5917,-150.3167,121.9,KENAI_NWR_ALASKA
USR0000AKIA,66.9767,-160.4375,45.7,KIANA_ALASKA
USR0000AKIL,60.32,-160.2,582.2,KILBUCK_ALASKA
USR0000AKLA,62.1472,-144.9281,944.9,KLAWASI_ALASKA
USR0000AKLK,60.3667,-149.4,144.8,KENAI_LAKE_ALASKA
USR0000AKOY,66.0083,-157.57,30.5,KOYUKUK_NWR_ALASKA
USR0000ALIB,66.0914,-143.3672,378.3,LITTLE_BLACK_ALASKA
USR0000ALIV,65.4236,-148.7217,137.2,LIVENGOOD_ALASKA
USR0000ALMI,63.8933,-152.3106,225.6,LAKE_MINCHUMINA_ALASKA
USR0000ALOS,66.0425,-147.9714,213.4,LOST_CREEK_ALASKA
USR0000AMAY,61.3208,-142.5844,487.7,MAY_CREEK_ALASKA
USR0000AMCK,63.6492,-151.6397,256.0,MCKINLEY_RIVER_ALASKA
USR0000ANIN,60.0433,-151.6655,39.6,NINILCHIK_ALASKA
USR0000ANOA,68.0708,-158.7042,300.2,NOATAK_ALASKA
USR0000ANOR,66.8333,-154.3333,243.8,NORUTAK_LAKE_ALASKA
USR0000APAL,60.1958,-154.32,79.2,PORT_ALSWORTH_ALASKA
USR0000APAX,62.9453,-145.5014,813.8,PAXSON_ALASKA
USR0000APOO,64.105,-155.5583,285.0,POORMAN_ALASKA
USR0000APRE,65.9233,-145.03,316.4,PREACHER_CREEK_ALASKA
USR0000AQTZ,65.4,-164.65,130.1,QUARTZ_CREEK_ALASKA
USR0000ARAB,61.0844,-149.7283,451.1,RABBIT_CREEK_ALASKA
USR0000AREI,61.7161,-162.665,42.7,REINDEER_RIVER_ALASKA
USR0000AROU,64.6847,-153.94,173.7,ROUND_LAKE_ALASKA
USR0000ASAL,66.8125,-141.62,673.6,SALMON_TROUT_ALASKA
USR0000ASEL,66.6033,-159.1125,32.0,SELAWIK_ALASKA
USR0000ASEV,65.9383,-149.855,250.9,SEVEN_MILE_ALASKA
USR0000ASKI,60.4839,-150.4606,179.8,SKILAK_GUARD_STATION_ALASKA
USR0000ASLC,64.59,-146.14,304.8,SALCHA_ALASKA
USR0000ASTO,61.0008,-153.8958,381.0,STONEY_ALASKA
USR0000ASTR,61.6467,-156.4333,80.8,STONEY_RIVER_ALASKA
USR0000ASWA,60.7278,-150.8722,85.3,SWANSON_RIVER_ALASKA
USR0000ATEL,63.44,-153.3567,198.1,TELIDA_ALASKA
USR0000ATOK,62.9572,-143.3467,701.0,TOK_RIVER_VALLEY_ALASKA
USR0000ATTA,64.4044,-148.4622,169.5,GOLD_KING_ALASKA
USR0000AVUN,66.7981,-146.7158,160.0,VUNZIK_LAKE_ALASKA
USR0000AWEI,64.315,-151.0833,320.0,WEIN_LAKE_ALASKA
USR0000AWON,63.4903,-150.8714,646.2,WONDER_LAKE_ALASKA
USW00025331,61.5961,-149.0917,70.1,PALMER_MUNI_AP
USW00026401,61.25,-149.8,58.5,ELMENDORF_AFB
USW00026403,64.85,-147.5833,148.1,LADD_AAB
USW00026407,64.6833,-147.0833,173.1,EIELSON_FLD
USW00026409,61.2169,-149.855,42.1,ANCHORAGE_MERRILL_FLD
USW00026410,60.4889,-145.4511,9.4,CORDOVA_M_K_SMITH_AP
USW00026411,64.8039,-147.8761,131.7,FAIRBANKS_INTL_AP
USW00026412,62.9614,-141.9292,522.1,NORTHWAY_AP
USW00026413,66.5706,-145.2342,132.0,FT_YUKON
USW00026414,63.3333,-149.1333,734.9,SUMMIT_WSO_AP
USW00026415,63.9944,-145.7214,389.2,BIG_DELTA_AP
USW00026422,64.7767,-141.1483,276.8,EAGLE_AP
USW00026425,62.1592,-145.4589,476.1,GULKANA_AP
USW00026435,64.55,-149.0717,109.7,NENANA_MUNI_AP
USW00026438,60.1283,-149.4167,6.7,SEWARD_AP
USW00026439,61.8,-147.6833,694.9,SHEEP_MTN_CAA_AP
USW00026440,63.3783,-143.3483,469.7,TANACROSS
USW00026442,61.1303,-146.3517,29.0,VALDEZ_WSO
USW00026445,60.0833,-142.5,8.2,YAKATAGA_AP
USW00026451,61.1689,-150.0278,36.6,ANCHORAGE_INTL_AP
USW00026491,61.1781,-149.9664,27.4,ANCHORAGE_LAKE_HOOD_AP
USW00026492,60.785,-148.8389,31.4,PORTAGE_GLACIER_V_C
USW00026494,64.9736,-147.51,347.5,FAIRBANKS_11_NE
USW00026501,64.7367,-156.9344,46.6,GALENA_AP
USW00026502,64.3267,-158.7417,55.2,KALTAG_AP
USW00026508,69.3694,-152.14,81.1,UMIAT
USW00026510,62.9575,-155.6103,101.5,MCGRATH_AP
USW00026514,61.9772,-151.2169,45.7,SKWENTNA
USW00026516,61.5833,-159.5333,26.2,ANIAK_AP
USW00026519,62.5167,-153.8833,458.1,FAREWELL_FAA_AP
USW00026523,60.5797,-151.2392,27.7,KENAI_MUNI_AP
USW00026528,62.32,-150.095,106.7,TALKEETNA_AP
USW00026529,65.1744,-152.1069,69.2,TANANA_CALHOUN_MEM_AP
USW00026533,66.9161,-151.5089,195.7,BETTLES_AP
USW00026535,66.0,-153.7,388.9,INDIAN_MTN_AFS
USW00026536,62.9,-155.9667,293.8,TATALINA
USW00026562,60.195,-154.3197,97.8,PORT_ALSWORTH_1_SW
USW00026563,60.7236,-150.4483,86.0,KENAI_29_ENE
USW00026615,60.785,-161.8292,31.1,BETHEL_AP
USW00026616,66.8667,-162.6333,9.1,KOTZEBUE_RALPH_WEIN_AP
USW00026617,64.5111,-165.44,4.0,NOME_MUNI_AP
USW00026618,65.6239,-168.0992,7.6,WALES
USW00026620,64.7,-162.05,6.1,MOSES_POINT_FAA_AP
USW00026627,63.8833,-160.8,5.5,UNALAKLEET_FLD
USW00026631,68.8667,-166.1333,15.8,CAPE_LISBURNE_AFS
USW00026632,63.3167,-168.9667,9.1,NORTHEAST_CAPE
USW00026633,61.7833,-166.0333,123.1,CAPE_ROMANZOF_AFS
USW00026634,65.5667,-167.9167,82.0,TIN_CITY
USW00026642,67.7317,-164.5483,3.0,KIVALINA_AP
USW00026643,66.0689,-162.7639,6.4,DEERING_AP
USW00026655,68.0278,-162.9211,287.1,RED_DOG_MINE_3_SSW
USW00026703,63.7833,-171.75,8.2,GAMBELL
USW00027401,70.1333,-143.6333,11.9,BARTER_ISLAND_WSO_AP
USW00027406,70.1917,-148.4772,18.6,DEADHORSE_AP
USW00027502,71.2833,-156.7814,9.4,BARROW_POST_ROGERS_AP
USW00027503,70.6392,-159.995,9.1,WAINWRIGHT_AP
USW00027515,70.2117,-151.0017,17.4,NUIQSUT_AP
USW00027516,71.3214,-156.6111,4.6,BARROW_4_ENE
XXXLT199633,62.0,-33.0,9999.0,SHIP_STATION_A
